mtllib ludo_piece_red.mtl
o Ludo_Pawn_red
v 0 0.8199999928474426 0
v 0 0.7200000286102295 0.1599999964237213
v 0 0.44999998807907104 0.23000000417232513
v 0 0.2199999988079071 0.2800000011920929
v 0 0.05000000074505806 0.33000001311302185
v 0 0 0.3499999940395355
v 0 0 0.4399999976158142
v 0 0.029999999329447746 0.44999998807907104
v 0 0.1599999964237213 0.44999998807907104
v 0 0.20000000298023224 0.4099999964237213
v 0 0.2199999988079071 0.33000001311302185
v 0 0.2800000011920929 0.30000001192092896
v 0 0.550000011920929 0.25
v 0 0.6800000071525574 0.20999999344348907
v 0 0.7400000095367432 0.23999999463558197
v 0 0.7799999713897705 0.18000000715255737
v 0 0.8399999737739563 0.23999999463558197
v 0 0.9399999976158142 0.2800000011920929
v 0 1.059999942779541 0.20000000298023224
v 0 1.100000023841858 0
v 0 0.8199999928474426 0
v 0.0277837086468935 0.7200000286102295 0.15756924450397491
v 0.03993907943367958 0.44999998807907104 0.22650578618049622
v 0.048621490597724915 0.2199999988079071 0.2757461667060852
v 0.05730389803647995 0.05000000074505806 0.3249865472316742
v 0.06077686324715614 0 0.3446827232837677
v 0.07640519738197327 0 0.4333154261112213
v 0.07814168184995651 0.029999999329447746 0.4431634843349457
v 0.07814168184995651 0.1599999964237213 0.4431634843349457
v 0.07119575142860413 0.20000000298023224 0.40377119183540344
v 0.05730389803647995 0.2199999988079071 0.3249865472316742
v 0.05209445208311081 0.2800000011920929 0.2954423129558563
v 0.043412044644355774 0.550000011920929 0.24620193243026733
v 0.036466117948293686 0.6800000071525574 0.2068096250295639
v 0.04167556390166283 0.7400000095367432 0.23635385930538177
v 0.031256671994924545 0.7799999713897705 0.17726539075374603
v 0.04167556390166283 0.8399999737739563 0.23635385930538177
v 0.048621490597724915 0.9399999976158142 0.2757461667060852
v 0.03472963720560074 1.059999942779541 0.19696155190467834
v 0 1.100000023841858 0
v 0 0.8199999928474426 0
v 0.05472322180867195 0.7200000286102295 0.15035082399845123
v 0.078664630651474 0.44999998807907104 0.21612930297851562
v 0.09576564282178879 0.2199999988079071 0.26311394572257996
v 0.11286664754152298 0.05000000074505806 0.3100985586643219
v 0.11970704793930054 0 0.32889240980148315
v 0.15048886835575104 0 0.41346475481987
v 0.15390905737876892 0.029999999329447746 0.42286166548728943
v 0.15390905737876892 0.1599999964237213 0.42286166548728943
v 0.1402282565832138 0.20000000298023224 0.3852739632129669
v 0.11286664754152298 0.2199999988079071 0.3100985586643219
v 0.10260604321956635 0.2800000011920929 0.2819077968597412
v 0.08550503849983215 0.550000011920929 0.23492315411567688
v 0.07182423025369644 0.6800000071525574 0.19733545184135437
v 0.08208483457565308 0.7400000095367432 0.22552622854709625
v 0.06156362593173981 0.7799999713897705 0.1691446751356125
v 0.08208483457565308 0.8399999737739563 0.22552622854709625
v 0.09576564282178879 0.9399999976158142 0.26311394572257996
v 0.06840402632951736 1.059999942779541 0.18793852627277374
v 0 1.100000023841858 0
v 0 0.8199999928474426 0
v 0.07999999821186066 0.7200000286102295 0.1385640650987625
v 0.11500000208616257 0.44999998807907104 0.19918584823608398
v 0.14000000059604645 0.2199999988079071 0.2424871176481247
v 0.16500000655651093 0.05000000074505806 0.2857883870601654
v 0.17499999701976776 0 0.30310890078544617
v 0.2199999988079071 0 0.3810511827468872
v 0.22499999403953552 0.029999999329447746 0.3897114396095276
v 0.22499999403953552 0.1599999964237213 0.3897114396095276
v 0.20499999821186066 0.20000000298023224 0.35507041215896606
v 0.16500000655651093 0.2199999988079071 0.2857883870601654
v 0.15000000596046448 0.2800000011920929 0.25980761647224426
v 0.125 0.550000011920929 0.21650634706020355
v 0.10499999672174454 0.6800000071525574 0.18186533451080322
v 0.11999999731779099 0.7400000095367432 0.20784609019756317
v 0.09000000357627869 0.7799999713897705 0.15588457882404327
v 0.11999999731779099 0.8399999737739563 0.20784609019756317
v 0.14000000059604645 0.9399999976158142 0.2424871176481247
v 0.10000000149011612 1.059999942779541 0.17320507764816284
v 0 1.100000023841858 0
v 0 0.8199999928474426 0
v 0.10284601897001266 0.7200000286102295 0.12256710976362228
v 0.14784115552902222 0.44999998807907104 0.17619022727012634
v 0.17998053133487701 0.2199999988079071 0.21449244022369385
v 0.2121199071407318 0.05000000074505806 0.25279465317726135
v 0.22497566044330597 0 0.2681155502796173
v 0.2828265428543091 0 0.33705955743789673
v 0.28925442695617676 0.029999999329447746 0.3447200059890747
v 0.28925442695617676 0.1599999964237213 0.3447200059890747
v 0.26354292035102844 0.20000000298023224 0.3140782117843628
v 0.2121199071407318 0.2199999988079071 0.25279465317726135
v 0.19283628463745117 0.2800000011920929 0.2298133373260498
v 0.16069690883159637 0.550000011920929 0.1915111094713211
v 0.13498540222644806 0.6800000071525574 0.16086933016777039
v 0.1542690247297287 0.7400000095367432 0.18385066092014313
v 0.11570177227258682 0.7799999713897705 0.13788799941539764
v 0.1542690247297287 0.8399999737739563 0.18385066092014313
v 0.17998053133487701 0.9399999976158142 0.21449244022369385
v 0.12855751812458038 1.059999942779541 0.1532088816165924
v 0 1.100000023841858 0
v 0 0.8199999928474426 0
v 0.12256710976362228 0.7200000286102295 0.10284601897001266
v 0.17619022727012634 0.44999998807907104 0.14784115552902222
v 0.21449244022369385 0.2199999988079071 0.17998053133487701
v 0.25279465317726135 0.05000000074505806 0.2121199071407318
v 0.2681155502796173 0 0.22497566044330597
v 0.33705955743789673 0 0.2828265428543091
v 0.3447200059890747 0.029999999329447746 0.28925442695617676
v 0.3447200059890747 0.1599999964237213 0.28925442695617676
v 0.3140782117843628 0.20000000298023224 0.26354292035102844
v 0.25279465317726135 0.2199999988079071 0.2121199071407318
v 0.2298133373260498 0.2800000011920929 0.19283628463745117
v 0.1915111094713211 0.550000011920929 0.16069690883159637
v 0.16086933016777039 0.6800000071525574 0.13498540222644806
v 0.18385066092014313 0.7400000095367432 0.1542690247297287
v 0.13788799941539764 0.7799999713897705 0.11570177227258682
v 0.18385066092014313 0.8399999737739563 0.1542690247297287
v 0.21449244022369385 0.9399999976158142 0.17998053133487701
v 0.1532088816165924 1.059999942779541 0.12855751812458038
v 0 1.100000023841858 0
v 0 0.8199999928474426 0
v 0.1385640650987625 0.7200000286102295 0.07999999821186066
v 0.19918584823608398 0.44999998807907104 0.11500000208616257
v 0.2424871176481247 0.2199999988079071 0.14000000059604645
v 0.2857883870601654 0.05000000074505806 0.16500000655651093
v 0.30310890078544617 0 0.17499999701976776
v 0.3810511827468872 0 0.2199999988079071
v 0.3897114396095276 0.029999999329447746 0.22499999403953552
v 0.3897114396095276 0.1599999964237213 0.22499999403953552
v 0.35507041215896606 0.20000000298023224 0.20499999821186066
v 0.2857883870601654 0.2199999988079071 0.16500000655651093
v 0.25980761647224426 0.2800000011920929 0.15000000596046448
v 0.21650634706020355 0.550000011920929 0.125
v 0.18186533451080322 0.6800000071525574 0.10499999672174454
v 0.20784609019756317 0.7400000095367432 0.11999999731779099
v 0.15588457882404327 0.7799999713897705 0.09000000357627869
v 0.20784609019756317 0.8399999737739563 0.11999999731779099
v 0.2424871176481247 0.9399999976158142 0.14000000059604645
v 0.17320507764816284 1.059999942779541 0.10000000149011612
v 0 1.100000023841858 0
v 0 0.8199999928474426 0
v 0.15035082399845123 0.7200000286102295 0.05472322180867195
v 0.21612930297851562 0.44999998807907104 0.078664630651474
v 0.26311394572257996 0.2199999988079071 0.09576564282178879
v 0.3100985586643219 0.05000000074505806 0.11286664754152298
v 0.32889240980148315 0 0.11970704793930054
v 0.41346475481987 0 0.15048886835575104
v 0.42286166548728943 0.029999999329447746 0.15390905737876892
v 0.42286166548728943 0.1599999964237213 0.15390905737876892
v 0.3852739632129669 0.20000000298023224 0.1402282565832138
v 0.3100985586643219 0.2199999988079071 0.11286664754152298
v 0.2819077968597412 0.2800000011920929 0.10260604321956635
v 0.23492315411567688 0.550000011920929 0.08550503849983215
v 0.19733545184135437 0.6800000071525574 0.07182423025369644
v 0.22552622854709625 0.7400000095367432 0.08208483457565308
v 0.1691446751356125 0.7799999713897705 0.06156362593173981
v 0.22552622854709625 0.8399999737739563 0.08208483457565308
v 0.26311394572257996 0.9399999976158142 0.09576564282178879
v 0.18793852627277374 1.059999942779541 0.06840402632951736
v 0 1.100000023841858 0
v 0 0.8199999928474426 0
v 0.15756924450397491 0.7200000286102295 0.0277837086468935
v 0.22650578618049622 0.44999998807907104 0.03993907943367958
v 0.2757461667060852 0.2199999988079071 0.048621490597724915
v 0.3249865472316742 0.05000000074505806 0.05730389803647995
v 0.3446827232837677 0 0.06077686324715614
v 0.4333154261112213 0 0.07640519738197327
v 0.4431634843349457 0.029999999329447746 0.07814168184995651
v 0.4431634843349457 0.1599999964237213 0.07814168184995651
v 0.40377119183540344 0.20000000298023224 0.07119575142860413
v 0.3249865472316742 0.2199999988079071 0.05730389803647995
v 0.2954423129558563 0.2800000011920929 0.05209445208311081
v 0.24620193243026733 0.550000011920929 0.043412044644355774
v 0.2068096250295639 0.6800000071525574 0.036466117948293686
v 0.23635385930538177 0.7400000095367432 0.04167556390166283
v 0.17726539075374603 0.7799999713897705 0.031256671994924545
v 0.23635385930538177 0.8399999737739563 0.04167556390166283
v 0.2757461667060852 0.9399999976158142 0.048621490597724915
v 0.19696155190467834 1.059999942779541 0.03472963720560074
v 0 1.100000023841858 0
v 0 0.8199999928474426 0
v 0.1599999964237213 0.7200000286102295 9.797174324372975e-18
v 0.23000000417232513 0.44999998807907104 1.408343814298494e-17
v 0.2800000011920929 0.2199999988079071 1.714505527444786e-17
v 0.33000001311302185 0.05000000074505806 2.020667240591078e-17
v 0.3499999940395355 0 2.1431318265879212e-17
v 0.4399999976158142 0 2.6942228771640223e-17
v 0.44999998807907104 0.029999999329447746 2.7554552528805052e-17
v 0.44999998807907104 0.1599999964237213 2.7554552528805052e-17
v 0.4099999964237213 0.20000000298023224 2.510525915450696e-17
v 0.33000001311302185 0.2199999988079071 2.020667240591078e-17
v 0.30000001192092896 0.2800000011920929 1.8369702788777518e-17
v 0.25 0.550000011920929 1.5308085657314598e-17
v 0.20999999344348907 0.6800000071525574 1.2858791455835895e-17
v 0.23999999463558197 0.7400000095367432 1.469576190014977e-17
v 0.18000000715255737 0.7799999713897705 1.102182101152202e-17
v 0.23999999463558197 0.8399999737739563 1.469576190014977e-17
v 0.2800000011920929 0.9399999976158142 1.714505527444786e-17
v 0.20000000298023224 1.059999942779541 1.2246467698671066e-17
v 0 1.100000023841858 0
v 0 0.8199999928474426 0
v 0.15756924450397491 0.7200000286102295 -0.0277837086468935
v 0.22650578618049622 0.44999998807907104 -0.03993907943367958
v 0.2757461667060852 0.2199999988079071 -0.048621490597724915
v 0.3249865472316742 0.05000000074505806 -0.05730389803647995
v 0.3446827232837677 0 -0.06077686324715614
v 0.4333154261112213 0 -0.07640519738197327
v 0.4431634843349457 0.029999999329447746 -0.07814168184995651
v 0.4431634843349457 0.1599999964237213 -0.07814168184995651
v 0.40377119183540344 0.20000000298023224 -0.07119575142860413
v 0.3249865472316742 0.2199999988079071 -0.05730389803647995
v 0.2954423129558563 0.2800000011920929 -0.05209445208311081
v 0.24620193243026733 0.550000011920929 -0.043412044644355774
v 0.2068096250295639 0.6800000071525574 -0.036466117948293686
v 0.23635385930538177 0.7400000095367432 -0.04167556390166283
v 0.17726539075374603 0.7799999713897705 -0.031256671994924545
v 0.23635385930538177 0.8399999737739563 -0.04167556390166283
v 0.2757461667060852 0.9399999976158142 -0.048621490597724915
v 0.19696155190467834 1.059999942779541 -0.03472963720560074
v 0 1.100000023841858 0
v 0 0.8199999928474426 0
v 0.15035082399845123 0.7200000286102295 -0.05472322180867195
v 0.21612930297851562 0.44999998807907104 -0.078664630651474
v 0.26311394572257996 0.2199999988079071 -0.09576564282178879
v 0.3100985586643219 0.05000000074505806 -0.11286664754152298
v 0.32889240980148315 0 -0.11970704793930054
v 0.41346475481987 0 -0.15048886835575104
v 0.42286166548728943 0.029999999329447746 -0.15390905737876892
v 0.42286166548728943 0.1599999964237213 -0.15390905737876892
v 0.3852739632129669 0.20000000298023224 -0.1402282565832138
v 0.3100985586643219 0.2199999988079071 -0.11286664754152298
v 0.2819077968597412 0.2800000011920929 -0.10260604321956635
v 0.23492315411567688 0.550000011920929 -0.08550503849983215
v 0.19733545184135437 0.6800000071525574 -0.07182423025369644
v 0.22552622854709625 0.7400000095367432 -0.08208483457565308
v 0.1691446751356125 0.7799999713897705 -0.06156362593173981
v 0.22552622854709625 0.8399999737739563 -0.08208483457565308
v 0.26311394572257996 0.9399999976158142 -0.09576564282178879
v 0.18793852627277374 1.059999942779541 -0.06840402632951736
v 0 1.100000023841858 0
v 0 0.8199999928474426 0
v 0.1385640650987625 0.7200000286102295 -0.07999999821186066
v 0.19918584823608398 0.44999998807907104 -0.11500000208616257
v 0.2424871176481247 0.2199999988079071 -0.14000000059604645
v 0.2857883870601654 0.05000000074505806 -0.16500000655651093
v 0.30310890078544617 0 -0.17499999701976776
v 0.3810511827468872 0 -0.2199999988079071
v 0.3897114396095276 0.029999999329447746 -0.22499999403953552
v 0.3897114396095276 0.1599999964237213 -0.22499999403953552
v 0.35507041215896606 0.20000000298023224 -0.20499999821186066
v 0.2857883870601654 0.2199999988079071 -0.16500000655651093
v 0.25980761647224426 0.2800000011920929 -0.15000000596046448
v 0.21650634706020355 0.550000011920929 -0.125
v 0.18186533451080322 0.6800000071525574 -0.10499999672174454
v 0.20784609019756317 0.7400000095367432 -0.11999999731779099
v 0.15588457882404327 0.7799999713897705 -0.09000000357627869
v 0.20784609019756317 0.8399999737739563 -0.11999999731779099
v 0.2424871176481247 0.9399999976158142 -0.14000000059604645
v 0.17320507764816284 1.059999942779541 -0.10000000149011612
v 0 1.100000023841858 0
v 0 0.8199999928474426 0
v 0.12256710976362228 0.7200000286102295 -0.10284601897001266
v 0.17619022727012634 0.44999998807907104 -0.14784115552902222
v 0.21449244022369385 0.2199999988079071 -0.17998053133487701
v 0.25279465317726135 0.05000000074505806 -0.2121199071407318
v 0.2681155502796173 0 -0.22497566044330597
v 0.33705955743789673 0 -0.2828265428543091
v 0.3447200059890747 0.029999999329447746 -0.28925442695617676
v 0.3447200059890747 0.1599999964237213 -0.28925442695617676
v 0.3140782117843628 0.20000000298023224 -0.26354292035102844
v 0.25279465317726135 0.2199999988079071 -0.2121199071407318
v 0.2298133373260498 0.2800000011920929 -0.19283628463745117
v 0.1915111094713211 0.550000011920929 -0.16069690883159637
v 0.16086933016777039 0.6800000071525574 -0.13498540222644806
v 0.18385066092014313 0.7400000095367432 -0.1542690247297287
v 0.13788799941539764 0.7799999713897705 -0.11570177227258682
v 0.18385066092014313 0.8399999737739563 -0.1542690247297287
v 0.21449244022369385 0.9399999976158142 -0.17998053133487701
v 0.1532088816165924 1.059999942779541 -0.12855751812458038
v 0 1.100000023841858 0
v 0 0.8199999928474426 0
v 0.10284601897001266 0.7200000286102295 -0.12256710976362228
v 0.14784115552902222 0.44999998807907104 -0.17619022727012634
v 0.17998053133487701 0.2199999988079071 -0.21449244022369385
v 0.2121199071407318 0.05000000074505806 -0.25279465317726135
v 0.22497566044330597 0 -0.2681155502796173
v 0.2828265428543091 0 -0.33705955743789673
v 0.28925442695617676 0.029999999329447746 -0.3447200059890747
v 0.28925442695617676 0.1599999964237213 -0.3447200059890747
v 0.26354292035102844 0.20000000298023224 -0.3140782117843628
v 0.2121199071407318 0.2199999988079071 -0.25279465317726135
v 0.19283628463745117 0.2800000011920929 -0.2298133373260498
v 0.16069690883159637 0.550000011920929 -0.1915111094713211
v 0.13498540222644806 0.6800000071525574 -0.16086933016777039
v 0.1542690247297287 0.7400000095367432 -0.18385066092014313
v 0.11570177227258682 0.7799999713897705 -0.13788799941539764
v 0.1542690247297287 0.8399999737739563 -0.18385066092014313
v 0.17998053133487701 0.9399999976158142 -0.21449244022369385
v 0.12855751812458038 1.059999942779541 -0.1532088816165924
v 0 1.100000023841858 0
v 0 0.8199999928474426 0
v 0.07999999821186066 0.7200000286102295 -0.1385640650987625
v 0.11500000208616257 0.44999998807907104 -0.19918584823608398
v 0.14000000059604645 0.2199999988079071 -0.2424871176481247
v 0.16500000655651093 0.05000000074505806 -0.2857883870601654
v 0.17499999701976776 0 -0.30310890078544617
v 0.2199999988079071 0 -0.3810511827468872
v 0.22499999403953552 0.029999999329447746 -0.3897114396095276
v 0.22499999403953552 0.1599999964237213 -0.3897114396095276
v 0.20499999821186066 0.20000000298023224 -0.35507041215896606
v 0.16500000655651093 0.2199999988079071 -0.2857883870601654
v 0.15000000596046448 0.2800000011920929 -0.25980761647224426
v 0.125 0.550000011920929 -0.21650634706020355
v 0.10499999672174454 0.6800000071525574 -0.18186533451080322
v 0.11999999731779099 0.7400000095367432 -0.20784609019756317
v 0.09000000357627869 0.7799999713897705 -0.15588457882404327
v 0.11999999731779099 0.8399999737739563 -0.20784609019756317
v 0.14000000059604645 0.9399999976158142 -0.2424871176481247
v 0.10000000149011612 1.059999942779541 -0.17320507764816284
v 0 1.100000023841858 0
v 0 0.8199999928474426 0
v 0.05472322180867195 0.7200000286102295 -0.15035082399845123
v 0.078664630651474 0.44999998807907104 -0.21612930297851562
v 0.09576564282178879 0.2199999988079071 -0.26311394572257996
v 0.11286664754152298 0.05000000074505806 -0.3100985586643219
v 0.11970704793930054 0 -0.32889240980148315
v 0.15048886835575104 0 -0.41346475481987
v 0.15390905737876892 0.029999999329447746 -0.42286166548728943
v 0.15390905737876892 0.1599999964237213 -0.42286166548728943
v 0.1402282565832138 0.20000000298023224 -0.3852739632129669
v 0.11286664754152298 0.2199999988079071 -0.3100985586643219
v 0.10260604321956635 0.2800000011920929 -0.2819077968597412
v 0.08550503849983215 0.550000011920929 -0.23492315411567688
v 0.07182423025369644 0.6800000071525574 -0.19733545184135437
v 0.08208483457565308 0.7400000095367432 -0.22552622854709625
v 0.06156362593173981 0.7799999713897705 -0.1691446751356125
v 0.08208483457565308 0.8399999737739563 -0.22552622854709625
v 0.09576564282178879 0.9399999976158142 -0.26311394572257996
v 0.06840402632951736 1.059999942779541 -0.18793852627277374
v 0 1.100000023841858 0
v 0 0.8199999928474426 0
v 0.0277837086468935 0.7200000286102295 -0.15756924450397491
v 0.03993907943367958 0.44999998807907104 -0.22650578618049622
v 0.048621490597724915 0.2199999988079071 -0.2757461667060852
v 0.05730389803647995 0.05000000074505806 -0.3249865472316742
v 0.06077686324715614 0 -0.3446827232837677
v 0.07640519738197327 0 -0.4333154261112213
v 0.07814168184995651 0.029999999329447746 -0.4431634843349457
v 0.07814168184995651 0.1599999964237213 -0.4431634843349457
v 0.07119575142860413 0.20000000298023224 -0.40377119183540344
v 0.05730389803647995 0.2199999988079071 -0.3249865472316742
v 0.05209445208311081 0.2800000011920929 -0.2954423129558563
v 0.043412044644355774 0.550000011920929 -0.24620193243026733
v 0.036466117948293686 0.6800000071525574 -0.2068096250295639
v 0.04167556390166283 0.7400000095367432 -0.23635385930538177
v 0.031256671994924545 0.7799999713897705 -0.17726539075374603
v 0.04167556390166283 0.8399999737739563 -0.23635385930538177
v 0.048621490597724915 0.9399999976158142 -0.2757461667060852
v 0.03472963720560074 1.059999942779541 -0.19696155190467834
v 0 1.100000023841858 0
v 0 0.8199999928474426 0
v 1.959434864874595e-17 0.7200000286102295 -0.1599999964237213
v 2.816687628596988e-17 0.44999998807907104 -0.23000000417232513
v 3.429011054889572e-17 0.2199999988079071 -0.2800000011920929
v 4.041334481182156e-17 0.05000000074505806 -0.33000001311302185
v 4.2862636531758425e-17 0 -0.3499999940395355
v 5.3884457543280445e-17 0 -0.4399999976158142
v 5.5109105057610103e-17 0.029999999329447746 -0.44999998807907104
v 5.5109105057610103e-17 0.1599999964237213 -0.44999998807907104
v 5.021051830901392e-17 0.20000000298023224 -0.4099999964237213
v 4.041334481182156e-17 0.2199999988079071 -0.33000001311302185
v 3.6739405577555036e-17 0.2800000011920929 -0.30000001192092896
v 3.0616171314629196e-17 0.550000011920929 -0.25
v 2.571758291167179e-17 0.6800000071525574 -0.20999999344348907
v 2.939152380029954e-17 0.7400000095367432 -0.23999999463558197
v 2.204364202304404e-17 0.7799999713897705 -0.18000000715255737
v 2.939152380029954e-17 0.8399999737739563 -0.23999999463558197
v 3.429011054889572e-17 0.9399999976158142 -0.2800000011920929
v 2.4492935397342132e-17 1.059999942779541 -0.20000000298023224
v 0 1.100000023841858 0
v 0 0.8199999928474426 0
v -0.0277837086468935 0.7200000286102295 -0.15756924450397491
v -0.03993907943367958 0.44999998807907104 -0.22650578618049622
v -0.048621490597724915 0.2199999988079071 -0.2757461667060852
v -0.05730389803647995 0.05000000074505806 -0.3249865472316742
v -0.06077686324715614 0 -0.3446827232837677
v -0.07640519738197327 0 -0.4333154261112213
v -0.07814168184995651 0.029999999329447746 -0.4431634843349457
v -0.07814168184995651 0.1599999964237213 -0.4431634843349457
v -0.07119575142860413 0.20000000298023224 -0.40377119183540344
v -0.05730389803647995 0.2199999988079071 -0.3249865472316742
v -0.05209445208311081 0.2800000011920929 -0.2954423129558563
v -0.043412044644355774 0.550000011920929 -0.24620193243026733
v -0.036466117948293686 0.6800000071525574 -0.2068096250295639
v -0.04167556390166283 0.7400000095367432 -0.23635385930538177
v -0.031256671994924545 0.7799999713897705 -0.17726539075374603
v -0.04167556390166283 0.8399999737739563 -0.23635385930538177
v -0.048621490597724915 0.9399999976158142 -0.2757461667060852
v -0.03472963720560074 1.059999942779541 -0.19696155190467834
v 0 1.100000023841858 0
v 0 0.8199999928474426 0
v -0.05472322180867195 0.7200000286102295 -0.15035082399845123
v -0.078664630651474 0.44999998807907104 -0.21612930297851562
v -0.09576564282178879 0.2199999988079071 -0.26311394572257996
v -0.11286664754152298 0.05000000074505806 -0.3100985586643219
v -0.11970704793930054 0 -0.32889240980148315
v -0.15048886835575104 0 -0.41346475481987
v -0.15390905737876892 0.029999999329447746 -0.42286166548728943
v -0.15390905737876892 0.1599999964237213 -0.42286166548728943
v -0.1402282565832138 0.20000000298023224 -0.3852739632129669
v -0.11286664754152298 0.2199999988079071 -0.3100985586643219
v -0.10260604321956635 0.2800000011920929 -0.2819077968597412
v -0.08550503849983215 0.550000011920929 -0.23492315411567688
v -0.07182423025369644 0.6800000071525574 -0.19733545184135437
v -0.08208483457565308 0.7400000095367432 -0.22552622854709625
v -0.06156362593173981 0.7799999713897705 -0.1691446751356125
v -0.08208483457565308 0.8399999737739563 -0.22552622854709625
v -0.09576564282178879 0.9399999976158142 -0.26311394572257996
v -0.06840402632951736 1.059999942779541 -0.18793852627277374
v 0 1.100000023841858 0
v 0 0.8199999928474426 0
v -0.07999999821186066 0.7200000286102295 -0.1385640650987625
v -0.11500000208616257 0.44999998807907104 -0.19918584823608398
v -0.14000000059604645 0.2199999988079071 -0.2424871176481247
v -0.16500000655651093 0.05000000074505806 -0.2857883870601654
v -0.17499999701976776 0 -0.30310890078544617
v -0.2199999988079071 0 -0.3810511827468872
v -0.22499999403953552 0.029999999329447746 -0.3897114396095276
v -0.22499999403953552 0.1599999964237213 -0.3897114396095276
v -0.20499999821186066 0.20000000298023224 -0.35507041215896606
v -0.16500000655651093 0.2199999988079071 -0.2857883870601654
v -0.15000000596046448 0.2800000011920929 -0.25980761647224426
v -0.125 0.550000011920929 -0.21650634706020355
v -0.10499999672174454 0.6800000071525574 -0.18186533451080322
v -0.11999999731779099 0.7400000095367432 -0.20784609019756317
v -0.09000000357627869 0.7799999713897705 -0.15588457882404327
v -0.11999999731779099 0.8399999737739563 -0.20784609019756317
v -0.14000000059604645 0.9399999976158142 -0.2424871176481247
v -0.10000000149011612 1.059999942779541 -0.17320507764816284
v 0 1.100000023841858 0
v 0 0.8199999928474426 0
v -0.10284601897001266 0.7200000286102295 -0.12256710976362228
v -0.14784115552902222 0.44999998807907104 -0.17619022727012634
v -0.17998053133487701 0.2199999988079071 -0.21449244022369385
v -0.2121199071407318 0.05000000074505806 -0.25279465317726135
v -0.22497566044330597 0 -0.2681155502796173
v -0.2828265428543091 0 -0.33705955743789673
v -0.28925442695617676 0.029999999329447746 -0.3447200059890747
v -0.28925442695617676 0.1599999964237213 -0.3447200059890747
v -0.26354292035102844 0.20000000298023224 -0.3140782117843628
v -0.2121199071407318 0.2199999988079071 -0.25279465317726135
v -0.19283628463745117 0.2800000011920929 -0.2298133373260498
v -0.16069690883159637 0.550000011920929 -0.1915111094713211
v -0.13498540222644806 0.6800000071525574 -0.16086933016777039
v -0.1542690247297287 0.7400000095367432 -0.18385066092014313
v -0.11570177227258682 0.7799999713897705 -0.13788799941539764
v -0.1542690247297287 0.8399999737739563 -0.18385066092014313
v -0.17998053133487701 0.9399999976158142 -0.21449244022369385
v -0.12855751812458038 1.059999942779541 -0.1532088816165924
v 0 1.100000023841858 0
v 0 0.8199999928474426 0
v -0.12256710976362228 0.7200000286102295 -0.10284601897001266
v -0.17619022727012634 0.44999998807907104 -0.14784115552902222
v -0.21449244022369385 0.2199999988079071 -0.17998053133487701
v -0.25279465317726135 0.05000000074505806 -0.2121199071407318
v -0.2681155502796173 0 -0.22497566044330597
v -0.33705955743789673 0 -0.2828265428543091
v -0.3447200059890747 0.029999999329447746 -0.28925442695617676
v -0.3447200059890747 0.1599999964237213 -0.28925442695617676
v -0.3140782117843628 0.20000000298023224 -0.26354292035102844
v -0.25279465317726135 0.2199999988079071 -0.2121199071407318
v -0.2298133373260498 0.2800000011920929 -0.19283628463745117
v -0.1915111094713211 0.550000011920929 -0.16069690883159637
v -0.16086933016777039 0.6800000071525574 -0.13498540222644806
v -0.18385066092014313 0.7400000095367432 -0.1542690247297287
v -0.13788799941539764 0.7799999713897705 -0.11570177227258682
v -0.18385066092014313 0.8399999737739563 -0.1542690247297287
v -0.21449244022369385 0.9399999976158142 -0.17998053133487701
v -0.1532088816165924 1.059999942779541 -0.12855751812458038
v 0 1.100000023841858 0
v 0 0.8199999928474426 0
v -0.1385640650987625 0.7200000286102295 -0.07999999821186066
v -0.19918584823608398 0.44999998807907104 -0.11500000208616257
v -0.2424871176481247 0.2199999988079071 -0.14000000059604645
v -0.2857883870601654 0.05000000074505806 -0.16500000655651093
v -0.30310890078544617 0 -0.17499999701976776
v -0.3810511827468872 0 -0.2199999988079071
v -0.3897114396095276 0.029999999329447746 -0.22499999403953552
v -0.3897114396095276 0.1599999964237213 -0.22499999403953552
v -0.35507041215896606 0.20000000298023224 -0.20499999821186066
v -0.2857883870601654 0.2199999988079071 -0.16500000655651093
v -0.25980761647224426 0.2800000011920929 -0.15000000596046448
v -0.21650634706020355 0.550000011920929 -0.125
v -0.18186533451080322 0.6800000071525574 -0.10499999672174454
v -0.20784609019756317 0.7400000095367432 -0.11999999731779099
v -0.15588457882404327 0.7799999713897705 -0.09000000357627869
v -0.20784609019756317 0.8399999737739563 -0.11999999731779099
v -0.2424871176481247 0.9399999976158142 -0.14000000059604645
v -0.17320507764816284 1.059999942779541 -0.10000000149011612
v 0 1.100000023841858 0
v 0 0.8199999928474426 0
v -0.15035082399845123 0.7200000286102295 -0.05472322180867195
v -0.21612930297851562 0.44999998807907104 -0.078664630651474
v -0.26311394572257996 0.2199999988079071 -0.09576564282178879
v -0.3100985586643219 0.05000000074505806 -0.11286664754152298
v -0.32889240980148315 0 -0.11970704793930054
v -0.41346475481987 0 -0.15048886835575104
v -0.42286166548728943 0.029999999329447746 -0.15390905737876892
v -0.42286166548728943 0.1599999964237213 -0.15390905737876892
v -0.3852739632129669 0.20000000298023224 -0.1402282565832138
v -0.3100985586643219 0.2199999988079071 -0.11286664754152298
v -0.2819077968597412 0.2800000011920929 -0.10260604321956635
v -0.23492315411567688 0.550000011920929 -0.08550503849983215
v -0.19733545184135437 0.6800000071525574 -0.07182423025369644
v -0.22552622854709625 0.7400000095367432 -0.08208483457565308
v -0.1691446751356125 0.7799999713897705 -0.06156362593173981
v -0.22552622854709625 0.8399999737739563 -0.08208483457565308
v -0.26311394572257996 0.9399999976158142 -0.09576564282178879
v -0.18793852627277374 1.059999942779541 -0.06840402632951736
v 0 1.100000023841858 0
v 0 0.8199999928474426 0
v -0.15756924450397491 0.7200000286102295 -0.0277837086468935
v -0.22650578618049622 0.44999998807907104 -0.03993907943367958
v -0.2757461667060852 0.2199999988079071 -0.048621490597724915
v -0.3249865472316742 0.05000000074505806 -0.05730389803647995
v -0.3446827232837677 0 -0.06077686324715614
v -0.4333154261112213 0 -0.07640519738197327
v -0.4431634843349457 0.029999999329447746 -0.07814168184995651
v -0.4431634843349457 0.1599999964237213 -0.07814168184995651
v -0.40377119183540344 0.20000000298023224 -0.07119575142860413
v -0.3249865472316742 0.2199999988079071 -0.05730389803647995
v -0.2954423129558563 0.2800000011920929 -0.05209445208311081
v -0.24620193243026733 0.550000011920929 -0.043412044644355774
v -0.2068096250295639 0.6800000071525574 -0.036466117948293686
v -0.23635385930538177 0.7400000095367432 -0.04167556390166283
v -0.17726539075374603 0.7799999713897705 -0.031256671994924545
v -0.23635385930538177 0.8399999737739563 -0.04167556390166283
v -0.2757461667060852 0.9399999976158142 -0.048621490597724915
v -0.19696155190467834 1.059999942779541 -0.03472963720560074
v 0 1.100000023841858 0
v 0 0.8199999928474426 0
v -0.1599999964237213 0.7200000286102295 -2.939152380029954e-17
v -0.23000000417232513 0.44999998807907104 -4.225031442895482e-17
v -0.2800000011920929 0.2199999988079071 -5.143516582334358e-17
v -0.33000001311302185 0.05000000074505806 -6.062001721773234e-17
v -0.3499999940395355 0 -6.429395645199886e-17
v -0.4399999976158142 0 -8.082668962364312e-17
v -0.44999998807907104 0.029999999329447746 -8.266365924077638e-17
v -0.44999998807907104 0.1599999964237213 -8.266365924077638e-17
v -0.4099999964237213 0.20000000298023224 -7.531578077224333e-17
v -0.33000001311302185 0.2199999988079071 -6.062001721773234e-17
v -0.30000001192092896 0.2800000011920929 -5.5109105057610103e-17
v -0.25 0.550000011920929 -4.5924253663221344e-17
v -0.20999999344348907 0.6800000071525574 -3.85763751946883e-17
v -0.23999999463558197 0.7400000095367432 -4.408728404608808e-17
v -0.18000000715255737 0.7799999713897705 -3.306546303456606e-17
v -0.23999999463558197 0.8399999737739563 -4.408728404608808e-17
v -0.2800000011920929 0.9399999976158142 -5.143516582334358e-17
v -0.20000000298023224 1.059999942779541 -3.6739405577555036e-17
v 0 1.100000023841858 0
v 0 0.8199999928474426 0
v -0.15756924450397491 0.7200000286102295 0.0277837086468935
v -0.22650578618049622 0.44999998807907104 0.03993907943367958
v -0.2757461667060852 0.2199999988079071 0.048621490597724915
v -0.3249865472316742 0.05000000074505806 0.05730389803647995
v -0.3446827232837677 0 0.06077686324715614
v -0.4333154261112213 0 0.07640519738197327
v -0.4431634843349457 0.029999999329447746 0.07814168184995651
v -0.4431634843349457 0.1599999964237213 0.07814168184995651
v -0.40377119183540344 0.20000000298023224 0.07119575142860413
v -0.3249865472316742 0.2199999988079071 0.05730389803647995
v -0.2954423129558563 0.2800000011920929 0.05209445208311081
v -0.24620193243026733 0.550000011920929 0.043412044644355774
v -0.2068096250295639 0.6800000071525574 0.036466117948293686
v -0.23635385930538177 0.7400000095367432 0.04167556390166283
v -0.17726539075374603 0.7799999713897705 0.031256671994924545
v -0.23635385930538177 0.8399999737739563 0.04167556390166283
v -0.2757461667060852 0.9399999976158142 0.048621490597724915
v -0.19696155190467834 1.059999942779541 0.03472963720560074
v 0 1.100000023841858 0
v 0 0.8199999928474426 0
v -0.15035082399845123 0.7200000286102295 0.05472322180867195
v -0.21612930297851562 0.44999998807907104 0.078664630651474
v -0.26311394572257996 0.2199999988079071 0.09576564282178879
v -0.3100985586643219 0.05000000074505806 0.11286664754152298
v -0.32889240980148315 0 0.11970704793930054
v -0.41346475481987 0 0.15048886835575104
v -0.42286166548728943 0.029999999329447746 0.15390905737876892
v -0.42286166548728943 0.1599999964237213 0.15390905737876892
v -0.3852739632129669 0.20000000298023224 0.1402282565832138
v -0.3100985586643219 0.2199999988079071 0.11286664754152298
v -0.2819077968597412 0.2800000011920929 0.10260604321956635
v -0.23492315411567688 0.550000011920929 0.08550503849983215
v -0.19733545184135437 0.6800000071525574 0.07182423025369644
v -0.22552622854709625 0.7400000095367432 0.08208483457565308
v -0.1691446751356125 0.7799999713897705 0.06156362593173981
v -0.22552622854709625 0.8399999737739563 0.08208483457565308
v -0.26311394572257996 0.9399999976158142 0.09576564282178879
v -0.18793852627277374 1.059999942779541 0.06840402632951736
v 0 1.100000023841858 0
v 0 0.8199999928474426 0
v -0.1385640650987625 0.7200000286102295 0.07999999821186066
v -0.19918584823608398 0.44999998807907104 0.11500000208616257
v -0.2424871176481247 0.2199999988079071 0.14000000059604645
v -0.2857883870601654 0.05000000074505806 0.16500000655651093
v -0.30310890078544617 0 0.17499999701976776
v -0.3810511827468872 0 0.2199999988079071
v -0.3897114396095276 0.029999999329447746 0.22499999403953552
v -0.3897114396095276 0.1599999964237213 0.22499999403953552
v -0.35507041215896606 0.20000000298023224 0.20499999821186066
v -0.2857883870601654 0.2199999988079071 0.16500000655651093
v -0.25980761647224426 0.2800000011920929 0.15000000596046448
v -0.21650634706020355 0.550000011920929 0.125
v -0.18186533451080322 0.6800000071525574 0.10499999672174454
v -0.20784609019756317 0.7400000095367432 0.11999999731779099
v -0.15588457882404327 0.7799999713897705 0.09000000357627869
v -0.20784609019756317 0.8399999737739563 0.11999999731779099
v -0.2424871176481247 0.9399999976158142 0.14000000059604645
v -0.17320507764816284 1.059999942779541 0.10000000149011612
v 0 1.100000023841858 0
v 0 0.8199999928474426 0
v -0.12256710976362228 0.7200000286102295 0.10284601897001266
v -0.17619022727012634 0.44999998807907104 0.14784115552902222
v -0.21449244022369385 0.2199999988079071 0.17998053133487701
v -0.25279465317726135 0.05000000074505806 0.2121199071407318
v -0.2681155502796173 0 0.22497566044330597
v -0.33705955743789673 0 0.2828265428543091
v -0.3447200059890747 0.029999999329447746 0.28925442695617676
v -0.3447200059890747 0.1599999964237213 0.28925442695617676
v -0.3140782117843628 0.20000000298023224 0.26354292035102844
v -0.25279465317726135 0.2199999988079071 0.2121199071407318
v -0.2298133373260498 0.2800000011920929 0.19283628463745117
v -0.1915111094713211 0.550000011920929 0.16069690883159637
v -0.16086933016777039 0.6800000071525574 0.13498540222644806
v -0.18385066092014313 0.7400000095367432 0.1542690247297287
v -0.13788799941539764 0.7799999713897705 0.11570177227258682
v -0.18385066092014313 0.8399999737739563 0.1542690247297287
v -0.21449244022369385 0.9399999976158142 0.17998053133487701
v -0.1532088816165924 1.059999942779541 0.12855751812458038
v 0 1.100000023841858 0
v 0 0.8199999928474426 0
v -0.10284601897001266 0.7200000286102295 0.12256710976362228
v -0.14784115552902222 0.44999998807907104 0.17619022727012634
v -0.17998053133487701 0.2199999988079071 0.21449244022369385
v -0.2121199071407318 0.05000000074505806 0.25279465317726135
v -0.22497566044330597 0 0.2681155502796173
v -0.2828265428543091 0 0.33705955743789673
v -0.28925442695617676 0.029999999329447746 0.3447200059890747
v -0.28925442695617676 0.1599999964237213 0.3447200059890747
v -0.26354292035102844 0.20000000298023224 0.3140782117843628
v -0.2121199071407318 0.2199999988079071 0.25279465317726135
v -0.19283628463745117 0.2800000011920929 0.2298133373260498
v -0.16069690883159637 0.550000011920929 0.1915111094713211
v -0.13498540222644806 0.6800000071525574 0.16086933016777039
v -0.1542690247297287 0.7400000095367432 0.18385066092014313
v -0.11570177227258682 0.7799999713897705 0.13788799941539764
v -0.1542690247297287 0.8399999737739563 0.18385066092014313
v -0.17998053133487701 0.9399999976158142 0.21449244022369385
v -0.12855751812458038 1.059999942779541 0.1532088816165924
v 0 1.100000023841858 0
v 0 0.8199999928474426 0
v -0.07999999821186066 0.7200000286102295 0.1385640650987625
v -0.11500000208616257 0.44999998807907104 0.19918584823608398
v -0.14000000059604645 0.2199999988079071 0.2424871176481247
v -0.16500000655651093 0.05000000074505806 0.2857883870601654
v -0.17499999701976776 0 0.30310890078544617
v -0.2199999988079071 0 0.3810511827468872
v -0.22499999403953552 0.029999999329447746 0.3897114396095276
v -0.22499999403953552 0.1599999964237213 0.3897114396095276
v -0.20499999821186066 0.20000000298023224 0.35507041215896606
v -0.16500000655651093 0.2199999988079071 0.2857883870601654
v -0.15000000596046448 0.2800000011920929 0.25980761647224426
v -0.125 0.550000011920929 0.21650634706020355
v -0.10499999672174454 0.6800000071525574 0.18186533451080322
v -0.11999999731779099 0.7400000095367432 0.20784609019756317
v -0.09000000357627869 0.7799999713897705 0.15588457882404327
v -0.11999999731779099 0.8399999737739563 0.20784609019756317
v -0.14000000059604645 0.9399999976158142 0.2424871176481247
v -0.10000000149011612 1.059999942779541 0.17320507764816284
v 0 1.100000023841858 0
v 0 0.8199999928474426 0
v -0.05472322180867195 0.7200000286102295 0.15035082399845123
v -0.078664630651474 0.44999998807907104 0.21612930297851562
v -0.09576564282178879 0.2199999988079071 0.26311394572257996
v -0.11286664754152298 0.05000000074505806 0.3100985586643219
v -0.11970704793930054 0 0.32889240980148315
v -0.15048886835575104 0 0.41346475481987
v -0.15390905737876892 0.029999999329447746 0.42286166548728943
v -0.15390905737876892 0.1599999964237213 0.42286166548728943
v -0.1402282565832138 0.20000000298023224 0.3852739632129669
v -0.11286664754152298 0.2199999988079071 0.3100985586643219
v -0.10260604321956635 0.2800000011920929 0.2819077968597412
v -0.08550503849983215 0.550000011920929 0.23492315411567688
v -0.07182423025369644 0.6800000071525574 0.19733545184135437
v -0.08208483457565308 0.7400000095367432 0.22552622854709625
v -0.06156362593173981 0.7799999713897705 0.1691446751356125
v -0.08208483457565308 0.8399999737739563 0.22552622854709625
v -0.09576564282178879 0.9399999976158142 0.26311394572257996
v -0.06840402632951736 1.059999942779541 0.18793852627277374
v 0 1.100000023841858 0
v 0 0.8199999928474426 0
v -0.0277837086468935 0.7200000286102295 0.15756924450397491
v -0.03993907943367958 0.44999998807907104 0.22650578618049622
v -0.048621490597724915 0.2199999988079071 0.2757461667060852
v -0.05730389803647995 0.05000000074505806 0.3249865472316742
v -0.06077686324715614 0 0.3446827232837677
v -0.07640519738197327 0 0.4333154261112213
v -0.07814168184995651 0.029999999329447746 0.4431634843349457
v -0.07814168184995651 0.1599999964237213 0.4431634843349457
v -0.07119575142860413 0.20000000298023224 0.40377119183540344
v -0.05730389803647995 0.2199999988079071 0.3249865472316742
v -0.05209445208311081 0.2800000011920929 0.2954423129558563
v -0.043412044644355774 0.550000011920929 0.24620193243026733
v -0.036466117948293686 0.6800000071525574 0.2068096250295639
v -0.04167556390166283 0.7400000095367432 0.23635385930538177
v -0.031256671994924545 0.7799999713897705 0.17726539075374603
v -0.04167556390166283 0.8399999737739563 0.23635385930538177
v -0.048621490597724915 0.9399999976158142 0.2757461667060852
v -0.03472963720560074 1.059999942779541 0.19696155190467834
v 0 1.100000023841858 0
v 0 0.8199999928474426 0
v -3.91886972974919e-17 0.7200000286102295 0.1599999964237213
v -5.633375257193976e-17 0.44999998807907104 0.23000000417232513
v -6.858022109779144e-17 0.2199999988079071 0.2800000011920929
v -8.082668962364312e-17 0.05000000074505806 0.33000001311302185
v -8.572527306351685e-17 0 0.3499999940395355
v -1.0776891508656089e-16 0 0.4399999976158142
v -1.1021821011522021e-16 0.029999999329447746 0.44999998807907104
v -1.1021821011522021e-16 0.1599999964237213 0.44999998807907104
v -1.0042103661802784e-16 0.20000000298023224 0.4099999964237213
v -8.082668962364312e-17 0.2199999988079071 0.33000001311302185
v -7.347881115511007e-17 0.2800000011920929 0.30000001192092896
v -6.123234262925839e-17 0.550000011920929 0.25
v -5.143516582334358e-17 0.6800000071525574 0.20999999344348907
v -5.878304760059908e-17 0.7400000095367432 0.23999999463558197
v -4.408728404608808e-17 0.7799999713897705 0.18000000715255737
v -5.878304760059908e-17 0.8399999737739563 0.23999999463558197
v -6.858022109779144e-17 0.9399999976158142 0.2800000011920929
v -4.8985870794684264e-17 1.059999942779541 0.20000000298023224
v 0 1.100000023841858 0
vt 0 0
vt 0 0.05263157933950424
vt 0 0.10526315867900848
vt 0 0.15789473056793213
vt 0 0.21052631735801697
vt 0 0.2631579041481018
vt 0 0.31578946113586426
vt 0 0.3684210479259491
vt 0 0.42105263471603394
vt 0 0.4736842215061188
vt 0 0.5263158082962036
vt 0 0.5789473652839661
vt 0 0.6315789222717285
vt 0 0.6842105388641357
vt 0 0.7368420958518982
vt 0 0.7894737124443054
vt 0 0.8421052694320679
vt 0 0.8947368264198303
vt 0 0.9473684430122375
vt 0 1
vt 0.02777777798473835 0
vt 0.02777777798473835 0.05263157933950424
vt 0.02777777798473835 0.10526315867900848
vt 0.02777777798473835 0.15789473056793213
vt 0.02777777798473835 0.21052631735801697
vt 0.02777777798473835 0.2631579041481018
vt 0.02777777798473835 0.31578946113586426
vt 0.02777777798473835 0.3684210479259491
vt 0.02777777798473835 0.42105263471603394
vt 0.02777777798473835 0.4736842215061188
vt 0.02777777798473835 0.5263158082962036
vt 0.02777777798473835 0.5789473652839661
vt 0.02777777798473835 0.6315789222717285
vt 0.02777777798473835 0.6842105388641357
vt 0.02777777798473835 0.7368420958518982
vt 0.02777777798473835 0.7894737124443054
vt 0.02777777798473835 0.8421052694320679
vt 0.02777777798473835 0.8947368264198303
vt 0.02777777798473835 0.9473684430122375
vt 0.02777777798473835 1
vt 0.0555555559694767 0
vt 0.0555555559694767 0.05263157933950424
vt 0.0555555559694767 0.10526315867900848
vt 0.0555555559694767 0.15789473056793213
vt 0.0555555559694767 0.21052631735801697
vt 0.0555555559694767 0.2631579041481018
vt 0.0555555559694767 0.31578946113586426
vt 0.0555555559694767 0.3684210479259491
vt 0.0555555559694767 0.42105263471603394
vt 0.0555555559694767 0.4736842215061188
vt 0.0555555559694767 0.5263158082962036
vt 0.0555555559694767 0.5789473652839661
vt 0.0555555559694767 0.6315789222717285
vt 0.0555555559694767 0.6842105388641357
vt 0.0555555559694767 0.7368420958518982
vt 0.0555555559694767 0.7894737124443054
vt 0.0555555559694767 0.8421052694320679
vt 0.0555555559694767 0.8947368264198303
vt 0.0555555559694767 0.9473684430122375
vt 0.0555555559694767 1
vt 0.0833333358168602 0
vt 0.0833333358168602 0.05263157933950424
vt 0.0833333358168602 0.10526315867900848
vt 0.0833333358168602 0.15789473056793213
vt 0.0833333358168602 0.21052631735801697
vt 0.0833333358168602 0.2631579041481018
vt 0.0833333358168602 0.31578946113586426
vt 0.0833333358168602 0.3684210479259491
vt 0.0833333358168602 0.42105263471603394
vt 0.0833333358168602 0.4736842215061188
vt 0.0833333358168602 0.5263158082962036
vt 0.0833333358168602 0.5789473652839661
vt 0.0833333358168602 0.6315789222717285
vt 0.0833333358168602 0.6842105388641357
vt 0.0833333358168602 0.7368420958518982
vt 0.0833333358168602 0.7894737124443054
vt 0.0833333358168602 0.8421052694320679
vt 0.0833333358168602 0.8947368264198303
vt 0.0833333358168602 0.9473684430122375
vt 0.0833333358168602 1
vt 0.1111111119389534 0
vt 0.1111111119389534 0.05263157933950424
vt 0.1111111119389534 0.10526315867900848
vt 0.1111111119389534 0.15789473056793213
vt 0.1111111119389534 0.21052631735801697
vt 0.1111111119389534 0.2631579041481018
vt 0.1111111119389534 0.31578946113586426
vt 0.1111111119389534 0.3684210479259491
vt 0.1111111119389534 0.42105263471603394
vt 0.1111111119389534 0.4736842215061188
vt 0.1111111119389534 0.5263158082962036
vt 0.1111111119389534 0.5789473652839661
vt 0.1111111119389534 0.6315789222717285
vt 0.1111111119389534 0.6842105388641357
vt 0.1111111119389534 0.7368420958518982
vt 0.1111111119389534 0.7894737124443054
vt 0.1111111119389534 0.8421052694320679
vt 0.1111111119389534 0.8947368264198303
vt 0.1111111119389534 0.9473684430122375
vt 0.1111111119389534 1
vt 0.1388888955116272 0
vt 0.1388888955116272 0.05263157933950424
vt 0.1388888955116272 0.10526315867900848
vt 0.1388888955116272 0.15789473056793213
vt 0.1388888955116272 0.21052631735801697
vt 0.1388888955116272 0.2631579041481018
vt 0.1388888955116272 0.31578946113586426
vt 0.1388888955116272 0.3684210479259491
vt 0.1388888955116272 0.42105263471603394
vt 0.1388888955116272 0.4736842215061188
vt 0.1388888955116272 0.5263158082962036
vt 0.1388888955116272 0.5789473652839661
vt 0.1388888955116272 0.6315789222717285
vt 0.1388888955116272 0.6842105388641357
vt 0.1388888955116272 0.7368420958518982
vt 0.1388888955116272 0.7894737124443054
vt 0.1388888955116272 0.8421052694320679
vt 0.1388888955116272 0.8947368264198303
vt 0.1388888955116272 0.9473684430122375
vt 0.1388888955116272 1
vt 0.1666666716337204 0
vt 0.1666666716337204 0.05263157933950424
vt 0.1666666716337204 0.10526315867900848
vt 0.1666666716337204 0.15789473056793213
vt 0.1666666716337204 0.21052631735801697
vt 0.1666666716337204 0.2631579041481018
vt 0.1666666716337204 0.31578946113586426
vt 0.1666666716337204 0.3684210479259491
vt 0.1666666716337204 0.42105263471603394
vt 0.1666666716337204 0.4736842215061188
vt 0.1666666716337204 0.5263158082962036
vt 0.1666666716337204 0.5789473652839661
vt 0.1666666716337204 0.6315789222717285
vt 0.1666666716337204 0.6842105388641357
vt 0.1666666716337204 0.7368420958518982
vt 0.1666666716337204 0.7894737124443054
vt 0.1666666716337204 0.8421052694320679
vt 0.1666666716337204 0.8947368264198303
vt 0.1666666716337204 0.9473684430122375
vt 0.1666666716337204 1
vt 0.1944444477558136 0
vt 0.1944444477558136 0.05263157933950424
vt 0.1944444477558136 0.10526315867900848
vt 0.1944444477558136 0.15789473056793213
vt 0.1944444477558136 0.21052631735801697
vt 0.1944444477558136 0.2631579041481018
vt 0.1944444477558136 0.31578946113586426
vt 0.1944444477558136 0.3684210479259491
vt 0.1944444477558136 0.42105263471603394
vt 0.1944444477558136 0.4736842215061188
vt 0.1944444477558136 0.5263158082962036
vt 0.1944444477558136 0.5789473652839661
vt 0.1944444477558136 0.6315789222717285
vt 0.1944444477558136 0.6842105388641357
vt 0.1944444477558136 0.7368420958518982
vt 0.1944444477558136 0.7894737124443054
vt 0.1944444477558136 0.8421052694320679
vt 0.1944444477558136 0.8947368264198303
vt 0.1944444477558136 0.9473684430122375
vt 0.1944444477558136 1
vt 0.2222222238779068 0
vt 0.2222222238779068 0.05263157933950424
vt 0.2222222238779068 0.10526315867900848
vt 0.2222222238779068 0.15789473056793213
vt 0.2222222238779068 0.21052631735801697
vt 0.2222222238779068 0.2631579041481018
vt 0.2222222238779068 0.31578946113586426
vt 0.2222222238779068 0.3684210479259491
vt 0.2222222238779068 0.42105263471603394
vt 0.2222222238779068 0.4736842215061188
vt 0.2222222238779068 0.5263158082962036
vt 0.2222222238779068 0.5789473652839661
vt 0.2222222238779068 0.6315789222717285
vt 0.2222222238779068 0.6842105388641357
vt 0.2222222238779068 0.7368420958518982
vt 0.2222222238779068 0.7894737124443054
vt 0.2222222238779068 0.8421052694320679
vt 0.2222222238779068 0.8947368264198303
vt 0.2222222238779068 0.9473684430122375
vt 0.2222222238779068 1
vt 0.25 0
vt 0.25 0.05263157933950424
vt 0.25 0.10526315867900848
vt 0.25 0.15789473056793213
vt 0.25 0.21052631735801697
vt 0.25 0.2631579041481018
vt 0.25 0.31578946113586426
vt 0.25 0.3684210479259491
vt 0.25 0.42105263471603394
vt 0.25 0.4736842215061188
vt 0.25 0.5263158082962036
vt 0.25 0.5789473652839661
vt 0.25 0.6315789222717285
vt 0.25 0.6842105388641357
vt 0.25 0.7368420958518982
vt 0.25 0.7894737124443054
vt 0.25 0.8421052694320679
vt 0.25 0.8947368264198303
vt 0.25 0.9473684430122375
vt 0.25 1
vt 0.2777777910232544 0
vt 0.2777777910232544 0.05263157933950424
vt 0.2777777910232544 0.10526315867900848
vt 0.2777777910232544 0.15789473056793213
vt 0.2777777910232544 0.21052631735801697
vt 0.2777777910232544 0.2631579041481018
vt 0.2777777910232544 0.31578946113586426
vt 0.2777777910232544 0.3684210479259491
vt 0.2777777910232544 0.42105263471603394
vt 0.2777777910232544 0.4736842215061188
vt 0.2777777910232544 0.5263158082962036
vt 0.2777777910232544 0.5789473652839661
vt 0.2777777910232544 0.6315789222717285
vt 0.2777777910232544 0.6842105388641357
vt 0.2777777910232544 0.7368420958518982
vt 0.2777777910232544 0.7894737124443054
vt 0.2777777910232544 0.8421052694320679
vt 0.2777777910232544 0.8947368264198303
vt 0.2777777910232544 0.9473684430122375
vt 0.2777777910232544 1
vt 0.3055555522441864 0
vt 0.3055555522441864 0.05263157933950424
vt 0.3055555522441864 0.10526315867900848
vt 0.3055555522441864 0.15789473056793213
vt 0.3055555522441864 0.21052631735801697
vt 0.3055555522441864 0.2631579041481018
vt 0.3055555522441864 0.31578946113586426
vt 0.3055555522441864 0.3684210479259491
vt 0.3055555522441864 0.42105263471603394
vt 0.3055555522441864 0.4736842215061188
vt 0.3055555522441864 0.5263158082962036
vt 0.3055555522441864 0.5789473652839661
vt 0.3055555522441864 0.6315789222717285
vt 0.3055555522441864 0.6842105388641357
vt 0.3055555522441864 0.7368420958518982
vt 0.3055555522441864 0.7894737124443054
vt 0.3055555522441864 0.8421052694320679
vt 0.3055555522441864 0.8947368264198303
vt 0.3055555522441864 0.9473684430122375
vt 0.3055555522441864 1
vt 0.3333333432674408 0
vt 0.3333333432674408 0.05263157933950424
vt 0.3333333432674408 0.10526315867900848
vt 0.3333333432674408 0.15789473056793213
vt 0.3333333432674408 0.21052631735801697
vt 0.3333333432674408 0.2631579041481018
vt 0.3333333432674408 0.31578946113586426
vt 0.3333333432674408 0.3684210479259491
vt 0.3333333432674408 0.42105263471603394
vt 0.3333333432674408 0.4736842215061188
vt 0.3333333432674408 0.5263158082962036
vt 0.3333333432674408 0.5789473652839661
vt 0.3333333432674408 0.6315789222717285
vt 0.3333333432674408 0.6842105388641357
vt 0.3333333432674408 0.7368420958518982
vt 0.3333333432674408 0.7894737124443054
vt 0.3333333432674408 0.8421052694320679
vt 0.3333333432674408 0.8947368264198303
vt 0.3333333432674408 0.9473684430122375
vt 0.3333333432674408 1
vt 0.3611111044883728 0
vt 0.3611111044883728 0.05263157933950424
vt 0.3611111044883728 0.10526315867900848
vt 0.3611111044883728 0.15789473056793213
vt 0.3611111044883728 0.21052631735801697
vt 0.3611111044883728 0.2631579041481018
vt 0.3611111044883728 0.31578946113586426
vt 0.3611111044883728 0.3684210479259491
vt 0.3611111044883728 0.42105263471603394
vt 0.3611111044883728 0.4736842215061188
vt 0.3611111044883728 0.5263158082962036
vt 0.3611111044883728 0.5789473652839661
vt 0.3611111044883728 0.6315789222717285
vt 0.3611111044883728 0.6842105388641357
vt 0.3611111044883728 0.7368420958518982
vt 0.3611111044883728 0.7894737124443054
vt 0.3611111044883728 0.8421052694320679
vt 0.3611111044883728 0.8947368264198303
vt 0.3611111044883728 0.9473684430122375
vt 0.3611111044883728 1
vt 0.3888888955116272 0
vt 0.3888888955116272 0.05263157933950424
vt 0.3888888955116272 0.10526315867900848
vt 0.3888888955116272 0.15789473056793213
vt 0.3888888955116272 0.21052631735801697
vt 0.3888888955116272 0.2631579041481018
vt 0.3888888955116272 0.31578946113586426
vt 0.3888888955116272 0.3684210479259491
vt 0.3888888955116272 0.42105263471603394
vt 0.3888888955116272 0.4736842215061188
vt 0.3888888955116272 0.5263158082962036
vt 0.3888888955116272 0.5789473652839661
vt 0.3888888955116272 0.6315789222717285
vt 0.3888888955116272 0.6842105388641357
vt 0.3888888955116272 0.7368420958518982
vt 0.3888888955116272 0.7894737124443054
vt 0.3888888955116272 0.8421052694320679
vt 0.3888888955116272 0.8947368264198303
vt 0.3888888955116272 0.9473684430122375
vt 0.3888888955116272 1
vt 0.4166666567325592 0
vt 0.4166666567325592 0.05263157933950424
vt 0.4166666567325592 0.10526315867900848
vt 0.4166666567325592 0.15789473056793213
vt 0.4166666567325592 0.21052631735801697
vt 0.4166666567325592 0.2631579041481018
vt 0.4166666567325592 0.31578946113586426
vt 0.4166666567325592 0.3684210479259491
vt 0.4166666567325592 0.42105263471603394
vt 0.4166666567325592 0.4736842215061188
vt 0.4166666567325592 0.5263158082962036
vt 0.4166666567325592 0.5789473652839661
vt 0.4166666567325592 0.6315789222717285
vt 0.4166666567325592 0.6842105388641357
vt 0.4166666567325592 0.7368420958518982
vt 0.4166666567325592 0.7894737124443054
vt 0.4166666567325592 0.8421052694320679
vt 0.4166666567325592 0.8947368264198303
vt 0.4166666567325592 0.9473684430122375
vt 0.4166666567325592 1
vt 0.4444444477558136 0
vt 0.4444444477558136 0.05263157933950424
vt 0.4444444477558136 0.10526315867900848
vt 0.4444444477558136 0.15789473056793213
vt 0.4444444477558136 0.21052631735801697
vt 0.4444444477558136 0.2631579041481018
vt 0.4444444477558136 0.31578946113586426
vt 0.4444444477558136 0.3684210479259491
vt 0.4444444477558136 0.42105263471603394
vt 0.4444444477558136 0.4736842215061188
vt 0.4444444477558136 0.5263158082962036
vt 0.4444444477558136 0.5789473652839661
vt 0.4444444477558136 0.6315789222717285
vt 0.4444444477558136 0.6842105388641357
vt 0.4444444477558136 0.7368420958518982
vt 0.4444444477558136 0.7894737124443054
vt 0.4444444477558136 0.8421052694320679
vt 0.4444444477558136 0.8947368264198303
vt 0.4444444477558136 0.9473684430122375
vt 0.4444444477558136 1
vt 0.4722222089767456 0
vt 0.4722222089767456 0.05263157933950424
vt 0.4722222089767456 0.10526315867900848
vt 0.4722222089767456 0.15789473056793213
vt 0.4722222089767456 0.21052631735801697
vt 0.4722222089767456 0.2631579041481018
vt 0.4722222089767456 0.31578946113586426
vt 0.4722222089767456 0.3684210479259491
vt 0.4722222089767456 0.42105263471603394
vt 0.4722222089767456 0.4736842215061188
vt 0.4722222089767456 0.5263158082962036
vt 0.4722222089767456 0.5789473652839661
vt 0.4722222089767456 0.6315789222717285
vt 0.4722222089767456 0.6842105388641357
vt 0.4722222089767456 0.7368420958518982
vt 0.4722222089767456 0.7894737124443054
vt 0.4722222089767456 0.8421052694320679
vt 0.4722222089767456 0.8947368264198303
vt 0.4722222089767456 0.9473684430122375
vt 0.4722222089767456 1
vt 0.5 0
vt 0.5 0.05263157933950424
vt 0.5 0.10526315867900848
vt 0.5 0.15789473056793213
vt 0.5 0.21052631735801697
vt 0.5 0.2631579041481018
vt 0.5 0.31578946113586426
vt 0.5 0.3684210479259491
vt 0.5 0.42105263471603394
vt 0.5 0.4736842215061188
vt 0.5 0.5263158082962036
vt 0.5 0.5789473652839661
vt 0.5 0.6315789222717285
vt 0.5 0.6842105388641357
vt 0.5 0.7368420958518982
vt 0.5 0.7894737124443054
vt 0.5 0.8421052694320679
vt 0.5 0.8947368264198303
vt 0.5 0.9473684430122375
vt 0.5 1
vt 0.5277777910232544 0
vt 0.5277777910232544 0.05263157933950424
vt 0.5277777910232544 0.10526315867900848
vt 0.5277777910232544 0.15789473056793213
vt 0.5277777910232544 0.21052631735801697
vt 0.5277777910232544 0.2631579041481018
vt 0.5277777910232544 0.31578946113586426
vt 0.5277777910232544 0.3684210479259491
vt 0.5277777910232544 0.42105263471603394
vt 0.5277777910232544 0.4736842215061188
vt 0.5277777910232544 0.5263158082962036
vt 0.5277777910232544 0.5789473652839661
vt 0.5277777910232544 0.6315789222717285
vt 0.5277777910232544 0.6842105388641357
vt 0.5277777910232544 0.7368420958518982
vt 0.5277777910232544 0.7894737124443054
vt 0.5277777910232544 0.8421052694320679
vt 0.5277777910232544 0.8947368264198303
vt 0.5277777910232544 0.9473684430122375
vt 0.5277777910232544 1
vt 0.5555555820465088 0
vt 0.5555555820465088 0.05263157933950424
vt 0.5555555820465088 0.10526315867900848
vt 0.5555555820465088 0.15789473056793213
vt 0.5555555820465088 0.21052631735801697
vt 0.5555555820465088 0.2631579041481018
vt 0.5555555820465088 0.31578946113586426
vt 0.5555555820465088 0.3684210479259491
vt 0.5555555820465088 0.42105263471603394
vt 0.5555555820465088 0.4736842215061188
vt 0.5555555820465088 0.5263158082962036
vt 0.5555555820465088 0.5789473652839661
vt 0.5555555820465088 0.6315789222717285
vt 0.5555555820465088 0.6842105388641357
vt 0.5555555820465088 0.7368420958518982
vt 0.5555555820465088 0.7894737124443054
vt 0.5555555820465088 0.8421052694320679
vt 0.5555555820465088 0.8947368264198303
vt 0.5555555820465088 0.9473684430122375
vt 0.5555555820465088 1
vt 0.5833333134651184 0
vt 0.5833333134651184 0.05263157933950424
vt 0.5833333134651184 0.10526315867900848
vt 0.5833333134651184 0.15789473056793213
vt 0.5833333134651184 0.21052631735801697
vt 0.5833333134651184 0.2631579041481018
vt 0.5833333134651184 0.31578946113586426
vt 0.5833333134651184 0.3684210479259491
vt 0.5833333134651184 0.42105263471603394
vt 0.5833333134651184 0.4736842215061188
vt 0.5833333134651184 0.5263158082962036
vt 0.5833333134651184 0.5789473652839661
vt 0.5833333134651184 0.6315789222717285
vt 0.5833333134651184 0.6842105388641357
vt 0.5833333134651184 0.7368420958518982
vt 0.5833333134651184 0.7894737124443054
vt 0.5833333134651184 0.8421052694320679
vt 0.5833333134651184 0.8947368264198303
vt 0.5833333134651184 0.9473684430122375
vt 0.5833333134651184 1
vt 0.6111111044883728 0
vt 0.6111111044883728 0.05263157933950424
vt 0.6111111044883728 0.10526315867900848
vt 0.6111111044883728 0.15789473056793213
vt 0.6111111044883728 0.21052631735801697
vt 0.6111111044883728 0.2631579041481018
vt 0.6111111044883728 0.31578946113586426
vt 0.6111111044883728 0.3684210479259491
vt 0.6111111044883728 0.42105263471603394
vt 0.6111111044883728 0.4736842215061188
vt 0.6111111044883728 0.5263158082962036
vt 0.6111111044883728 0.5789473652839661
vt 0.6111111044883728 0.6315789222717285
vt 0.6111111044883728 0.6842105388641357
vt 0.6111111044883728 0.7368420958518982
vt 0.6111111044883728 0.7894737124443054
vt 0.6111111044883728 0.8421052694320679
vt 0.6111111044883728 0.8947368264198303
vt 0.6111111044883728 0.9473684430122375
vt 0.6111111044883728 1
vt 0.6388888955116272 0
vt 0.6388888955116272 0.05263157933950424
vt 0.6388888955116272 0.10526315867900848
vt 0.6388888955116272 0.15789473056793213
vt 0.6388888955116272 0.21052631735801697
vt 0.6388888955116272 0.2631579041481018
vt 0.6388888955116272 0.31578946113586426
vt 0.6388888955116272 0.3684210479259491
vt 0.6388888955116272 0.42105263471603394
vt 0.6388888955116272 0.4736842215061188
vt 0.6388888955116272 0.5263158082962036
vt 0.6388888955116272 0.5789473652839661
vt 0.6388888955116272 0.6315789222717285
vt 0.6388888955116272 0.6842105388641357
vt 0.6388888955116272 0.7368420958518982
vt 0.6388888955116272 0.7894737124443054
vt 0.6388888955116272 0.8421052694320679
vt 0.6388888955116272 0.8947368264198303
vt 0.6388888955116272 0.9473684430122375
vt 0.6388888955116272 1
vt 0.6666666865348816 0
vt 0.6666666865348816 0.05263157933950424
vt 0.6666666865348816 0.10526315867900848
vt 0.6666666865348816 0.15789473056793213
vt 0.6666666865348816 0.21052631735801697
vt 0.6666666865348816 0.2631579041481018
vt 0.6666666865348816 0.31578946113586426
vt 0.6666666865348816 0.3684210479259491
vt 0.6666666865348816 0.42105263471603394
vt 0.6666666865348816 0.4736842215061188
vt 0.6666666865348816 0.5263158082962036
vt 0.6666666865348816 0.5789473652839661
vt 0.6666666865348816 0.6315789222717285
vt 0.6666666865348816 0.6842105388641357
vt 0.6666666865348816 0.7368420958518982
vt 0.6666666865348816 0.7894737124443054
vt 0.6666666865348816 0.8421052694320679
vt 0.6666666865348816 0.8947368264198303
vt 0.6666666865348816 0.9473684430122375
vt 0.6666666865348816 1
vt 0.6944444179534912 0
vt 0.6944444179534912 0.05263157933950424
vt 0.6944444179534912 0.10526315867900848
vt 0.6944444179534912 0.15789473056793213
vt 0.6944444179534912 0.21052631735801697
vt 0.6944444179534912 0.2631579041481018
vt 0.6944444179534912 0.31578946113586426
vt 0.6944444179534912 0.3684210479259491
vt 0.6944444179534912 0.42105263471603394
vt 0.6944444179534912 0.4736842215061188
vt 0.6944444179534912 0.5263158082962036
vt 0.6944444179534912 0.5789473652839661
vt 0.6944444179534912 0.6315789222717285
vt 0.6944444179534912 0.6842105388641357
vt 0.6944444179534912 0.7368420958518982
vt 0.6944444179534912 0.7894737124443054
vt 0.6944444179534912 0.8421052694320679
vt 0.6944444179534912 0.8947368264198303
vt 0.6944444179534912 0.9473684430122375
vt 0.6944444179534912 1
vt 0.7222222089767456 0
vt 0.7222222089767456 0.05263157933950424
vt 0.7222222089767456 0.10526315867900848
vt 0.7222222089767456 0.15789473056793213
vt 0.7222222089767456 0.21052631735801697
vt 0.7222222089767456 0.2631579041481018
vt 0.7222222089767456 0.31578946113586426
vt 0.7222222089767456 0.3684210479259491
vt 0.7222222089767456 0.42105263471603394
vt 0.7222222089767456 0.4736842215061188
vt 0.7222222089767456 0.5263158082962036
vt 0.7222222089767456 0.5789473652839661
vt 0.7222222089767456 0.6315789222717285
vt 0.7222222089767456 0.6842105388641357
vt 0.7222222089767456 0.7368420958518982
vt 0.7222222089767456 0.7894737124443054
vt 0.7222222089767456 0.8421052694320679
vt 0.7222222089767456 0.8947368264198303
vt 0.7222222089767456 0.9473684430122375
vt 0.7222222089767456 1
vt 0.75 0
vt 0.75 0.05263157933950424
vt 0.75 0.10526315867900848
vt 0.75 0.15789473056793213
vt 0.75 0.21052631735801697
vt 0.75 0.2631579041481018
vt 0.75 0.31578946113586426
vt 0.75 0.3684210479259491
vt 0.75 0.42105263471603394
vt 0.75 0.4736842215061188
vt 0.75 0.5263158082962036
vt 0.75 0.5789473652839661
vt 0.75 0.6315789222717285
vt 0.75 0.6842105388641357
vt 0.75 0.7368420958518982
vt 0.75 0.7894737124443054
vt 0.75 0.8421052694320679
vt 0.75 0.8947368264198303
vt 0.75 0.9473684430122375
vt 0.75 1
vt 0.7777777910232544 0
vt 0.7777777910232544 0.05263157933950424
vt 0.7777777910232544 0.10526315867900848
vt 0.7777777910232544 0.15789473056793213
vt 0.7777777910232544 0.21052631735801697
vt 0.7777777910232544 0.2631579041481018
vt 0.7777777910232544 0.31578946113586426
vt 0.7777777910232544 0.3684210479259491
vt 0.7777777910232544 0.42105263471603394
vt 0.7777777910232544 0.4736842215061188
vt 0.7777777910232544 0.5263158082962036
vt 0.7777777910232544 0.5789473652839661
vt 0.7777777910232544 0.6315789222717285
vt 0.7777777910232544 0.6842105388641357
vt 0.7777777910232544 0.7368420958518982
vt 0.7777777910232544 0.7894737124443054
vt 0.7777777910232544 0.8421052694320679
vt 0.7777777910232544 0.8947368264198303
vt 0.7777777910232544 0.9473684430122375
vt 0.7777777910232544 1
vt 0.8055555820465088 0
vt 0.8055555820465088 0.05263157933950424
vt 0.8055555820465088 0.10526315867900848
vt 0.8055555820465088 0.15789473056793213
vt 0.8055555820465088 0.21052631735801697
vt 0.8055555820465088 0.2631579041481018
vt 0.8055555820465088 0.31578946113586426
vt 0.8055555820465088 0.3684210479259491
vt 0.8055555820465088 0.42105263471603394
vt 0.8055555820465088 0.4736842215061188
vt 0.8055555820465088 0.5263158082962036
vt 0.8055555820465088 0.5789473652839661
vt 0.8055555820465088 0.6315789222717285
vt 0.8055555820465088 0.6842105388641357
vt 0.8055555820465088 0.7368420958518982
vt 0.8055555820465088 0.7894737124443054
vt 0.8055555820465088 0.8421052694320679
vt 0.8055555820465088 0.8947368264198303
vt 0.8055555820465088 0.9473684430122375
vt 0.8055555820465088 1
vt 0.8333333134651184 0
vt 0.8333333134651184 0.05263157933950424
vt 0.8333333134651184 0.10526315867900848
vt 0.8333333134651184 0.15789473056793213
vt 0.8333333134651184 0.21052631735801697
vt 0.8333333134651184 0.2631579041481018
vt 0.8333333134651184 0.31578946113586426
vt 0.8333333134651184 0.3684210479259491
vt 0.8333333134651184 0.42105263471603394
vt 0.8333333134651184 0.4736842215061188
vt 0.8333333134651184 0.5263158082962036
vt 0.8333333134651184 0.5789473652839661
vt 0.8333333134651184 0.6315789222717285
vt 0.8333333134651184 0.6842105388641357
vt 0.8333333134651184 0.7368420958518982
vt 0.8333333134651184 0.7894737124443054
vt 0.8333333134651184 0.8421052694320679
vt 0.8333333134651184 0.8947368264198303
vt 0.8333333134651184 0.9473684430122375
vt 0.8333333134651184 1
vt 0.8611111044883728 0
vt 0.8611111044883728 0.05263157933950424
vt 0.8611111044883728 0.10526315867900848
vt 0.8611111044883728 0.15789473056793213
vt 0.8611111044883728 0.21052631735801697
vt 0.8611111044883728 0.2631579041481018
vt 0.8611111044883728 0.31578946113586426
vt 0.8611111044883728 0.3684210479259491
vt 0.8611111044883728 0.42105263471603394
vt 0.8611111044883728 0.4736842215061188
vt 0.8611111044883728 0.5263158082962036
vt 0.8611111044883728 0.5789473652839661
vt 0.8611111044883728 0.6315789222717285
vt 0.8611111044883728 0.6842105388641357
vt 0.8611111044883728 0.7368420958518982
vt 0.8611111044883728 0.7894737124443054
vt 0.8611111044883728 0.8421052694320679
vt 0.8611111044883728 0.8947368264198303
vt 0.8611111044883728 0.9473684430122375
vt 0.8611111044883728 1
vt 0.8888888955116272 0
vt 0.8888888955116272 0.05263157933950424
vt 0.8888888955116272 0.10526315867900848
vt 0.8888888955116272 0.15789473056793213
vt 0.8888888955116272 0.21052631735801697
vt 0.8888888955116272 0.2631579041481018
vt 0.8888888955116272 0.31578946113586426
vt 0.8888888955116272 0.3684210479259491
vt 0.8888888955116272 0.42105263471603394
vt 0.8888888955116272 0.4736842215061188
vt 0.8888888955116272 0.5263158082962036
vt 0.8888888955116272 0.5789473652839661
vt 0.8888888955116272 0.6315789222717285
vt 0.8888888955116272 0.6842105388641357
vt 0.8888888955116272 0.7368420958518982
vt 0.8888888955116272 0.7894737124443054
vt 0.8888888955116272 0.8421052694320679
vt 0.8888888955116272 0.8947368264198303
vt 0.8888888955116272 0.9473684430122375
vt 0.8888888955116272 1
vt 0.9166666865348816 0
vt 0.9166666865348816 0.05263157933950424
vt 0.9166666865348816 0.10526315867900848
vt 0.9166666865348816 0.15789473056793213
vt 0.9166666865348816 0.21052631735801697
vt 0.9166666865348816 0.2631579041481018
vt 0.9166666865348816 0.31578946113586426
vt 0.9166666865348816 0.3684210479259491
vt 0.9166666865348816 0.42105263471603394
vt 0.9166666865348816 0.4736842215061188
vt 0.9166666865348816 0.5263158082962036
vt 0.9166666865348816 0.5789473652839661
vt 0.9166666865348816 0.6315789222717285
vt 0.9166666865348816 0.6842105388641357
vt 0.9166666865348816 0.7368420958518982
vt 0.9166666865348816 0.7894737124443054
vt 0.9166666865348816 0.8421052694320679
vt 0.9166666865348816 0.8947368264198303
vt 0.9166666865348816 0.9473684430122375
vt 0.9166666865348816 1
vt 0.9444444179534912 0
vt 0.9444444179534912 0.05263157933950424
vt 0.9444444179534912 0.10526315867900848
vt 0.9444444179534912 0.15789473056793213
vt 0.9444444179534912 0.21052631735801697
vt 0.9444444179534912 0.2631579041481018
vt 0.9444444179534912 0.31578946113586426
vt 0.9444444179534912 0.3684210479259491
vt 0.9444444179534912 0.42105263471603394
vt 0.9444444179534912 0.4736842215061188
vt 0.9444444179534912 0.5263158082962036
vt 0.9444444179534912 0.5789473652839661
vt 0.9444444179534912 0.6315789222717285
vt 0.9444444179534912 0.6842105388641357
vt 0.9444444179534912 0.7368420958518982
vt 0.9444444179534912 0.7894737124443054
vt 0.9444444179534912 0.8421052694320679
vt 0.9444444179534912 0.8947368264198303
vt 0.9444444179534912 0.9473684430122375
vt 0.9444444179534912 1
vt 0.9722222089767456 0
vt 0.9722222089767456 0.05263157933950424
vt 0.9722222089767456 0.10526315867900848
vt 0.9722222089767456 0.15789473056793213
vt 0.9722222089767456 0.21052631735801697
vt 0.9722222089767456 0.2631579041481018
vt 0.9722222089767456 0.31578946113586426
vt 0.9722222089767456 0.3684210479259491
vt 0.9722222089767456 0.42105263471603394
vt 0.9722222089767456 0.4736842215061188
vt 0.9722222089767456 0.5263158082962036
vt 0.9722222089767456 0.5789473652839661
vt 0.9722222089767456 0.6315789222717285
vt 0.9722222089767456 0.6842105388641357
vt 0.9722222089767456 0.7368420958518982
vt 0.9722222089767456 0.7894737124443054
vt 0.9722222089767456 0.8421052694320679
vt 0.9722222089767456 0.8947368264198303
vt 0.9722222089767456 0.9473684430122375
vt 0.9722222089767456 1
vt 1 0
vt 1 0.05263157933950424
vt 1 0.10526315867900848
vt 1 0.15789473056793213
vt 1 0.21052631735801697
vt 1 0.2631579041481018
vt 1 0.31578946113586426
vt 1 0.3684210479259491
vt 1 0.42105263471603394
vt 1 0.4736842215061188
vt 1 0.5263158082962036
vt 1 0.5789473652839661
vt 1 0.6315789222717285
vt 1 0.6842105388641357
vt 1 0.7368420958518982
vt 1 0.7894737124443054
vt 1 0.8421052694320679
vt 1 0.8947368264198303
vt 1 0.9473684430122375
vt 1 1
vn 0 0 0
vn -0.07409834015211285 -0.5264828133000888 -0.8469505790105616
vn -0.08466526650269528 -0.23734439304809657 -0.9677290073861888
vn -0.08477555443765339 -0.23211055129281732 -0.9689880274535557
vn -0.08330692969788077 -0.2938984289969902 -0.952199385054104
vn -0.05259367319423882 -0.7974051633553324 -0.6011479942528241
vn 0.015065730257539024 -0.9849463510442574 0.17220252418710222
vn 0.08668751871153754 -0.10350352354394346 0.99084423332511
vn 0.0863968412913502 0.1316695035295064 0.9875215074392915
vn 0.04679099587072527 0.8436665745381452 0.5348245634902141
vn 0.039141494373366184 0.8934830334169688 0.4473879886789893
vn 0.0838347379311773 0.27343443163896475 0.9582303211181992
vn 0.08535694464734628 0.20213353950741297 0.9756311927191931
vn 0.08597234799876982 0.16423048391021827 0.9826683588750551
vn 0.08712951271978635 0.02448917416612778 0.9958959425371073
vn 0.07733400782578613 0.46118100711229465 0.8839295955631823
vn 0.07124560970546177 -0.5759972252374431 0.814340997136005
vn 0.08714068614837663 0.01861721076836786 0.9960220380497595
vn 0.05605522173196976 0.7657309774045756 0.6407135727917844
vn 0.017155455853618405 0.980436289942377 0.19608766330007
vn -0.046318974544069844 -0.8470882213590389 -0.5294299744366254
vn -0.128912299298112 -0.44486766855750864 -0.8862699230831883
vn -0.1636583175703893 -0.2316691381236612 -0.9589292807767784
vn -0.16757100373219996 -0.24459038021911106 -0.9550369126962861
vn -0.17714278965794583 -0.30435956496665606 -0.9359410704128273
vn -0.07761430713507887 -0.9225792852912539 -0.37791994083326796
vn 0.04425849269554903 -0.9518935414866937 0.3032158826648733
vn 0.1552280790048066 -0.06199326019195978 0.9859315793599726
vn 0.18472114744406848 0.22405079660965507 0.9569113533789458
vn 0.08583395734226797 0.8883580364753091 0.45105712586844166
vn 0.09259831030683374 0.8228492621630019 0.5606644671156917
vn 0.15459002210894682 0.23954767946559893 0.9584982182179589
vn 0.1841566239154373 0.2165711641154967 0.9587404595310072
vn 0.18565894441467412 0.055160171624473384 0.9810647847238161
vn 0.17387696120600973 0.2685171146485682 0.9474520365182457
vn 0.1667513098875388 1.8273174935708655e-8 0.9859989861307109
vn 0.137563661794133 -0.5179414788802619 0.8442824547561774
vn 0.1712419863480936 0.1658933336663675 0.9711619761690728
vn 0.11944572205399905 0.8090257954774259 0.5755084549640577
vn 0.050945082208107305 0.9804362922453008 0.1901296280096713
vn -0.13754996627923358 -0.8470882159217538 -0.5133435119129118
vn -0.2808531194015385 -0.44486769547358385 -0.8504200484739571
vn -0.3276881550994282 -0.2316691709061407 -0.9159420659950032
vn -0.330865558076225 -0.24459035407336152 -0.9114293945079761
vn -0.3369760296007753 -0.30435962214026957 -0.8909614895634546
vn -0.1420602796175448 -0.9225792869977709 -0.35870090069258215
vn 0.09623906151551957 -0.951893521807043 0.29092398694572524
vn 0.32407501882959155 -0.06199328705241369 0.94399799498253
vn 0.3480806316169141 0.2240508027494681 0.9102972655569659
vn 0.1628551315568647 0.8883580464133103 0.4292996476801759
vn 0.18854968859572716 0.8228491810835206 0.5360673839366037
vn 0.3186827576189081 0.23954768299871101 0.9170922568457099
vn 0.3478425708397015 0.21657117997047173 0.9121965083894066
vn 0.3531986225410794 0.05516019539194427 0.9339208134951306
vn 0.3357587408572578 0.26851710292230907 0.9028646816528814
vn 0.33543483188280826 -5.9480631556334773e-8 0.942063412706251
vn 0.28208188074605733 -0.5179414905607479 0.8075682168773594
vn 0.3372809853893872 0.16589331464390594 0.926671972734269
vn 0.21756718181027315 0.8090257874588083 0.5460236227726699
vn 0.0831867925802212 0.980436291788085 0.1783946055379599
vn -0.22460150841464022 -0.8470882223657716 -0.4816593256099847
vn -0.42426017879920713 -0.4448677103328912 -0.7887306390577429
vn -0.48176152634620484 -0.23166917803319134 -0.8451243835566457
vn -0.4841071282377538 -0.24459036755835808 -0.8401284666567741
vn -0.48657048719759055 -0.3043595911217774 -0.8189104958910247
vn -0.20218988983259958 -0.9225792761725904 -0.3285829082991694
vn 0.1452953262030033 -0.9518935363540908 0.26979244546663295
vn 0.48307495226741093 -0.06199338520721014 0.8733815951131495
vn 0.5008639204802039 0.2240508842911894 0.8360242427164035
vn 0.2349280721970031 0.888358059185178 0.39449811098982906
vn 0.27877243845406496 0.8228491990857315 0.4951819091226424
vn 0.4730928320313561 0.2395477185459268 0.8478207728169865
vn 0.5009592786042799 0.21657119754111978 0.8379359865621507
vn 0.5100063705671087 0.05516022097273965 0.858400170085726
vn 0.4874386575129474 0.2685170518899119 0.830844238113454
vn 0.4939265593319984 -5.271500172409347e-9 0.869503625056534
vn 0.4180292701551362 -0.5179415241590668 0.7463163584200383
vn 0.4930719514627068 0.16589334874305103 0.8540254372813345
vn 0.30907789251078593 0.8090257743690755 0.49994815007919435
vn 0.11290090826620788 0.9804362911308137 0.16123915140659836
vn -0.3048284990594294 -0.8470882296073482 -0.43534023179791675
vn -0.5547763242238084 -0.44486768120361286 -0.7030760814458422
vn -0.6211968502335382 -0.23166913694912397 -0.7486280012430601
vn -0.6226392878143805 -0.24459035277232977 -0.7433006636622279
vn -0.6213808036611862 -0.30435961371857956 -0.721977231205012
vn -0.25617593647092546 -0.9225792928133739 -0.2884810878467064
vn 0.18993691708602486 -0.9518935484211365 0.24046338599062028
vn 0.6273972284499157 -0.06199341906102064 0.7762277589254903
vn 0.6384288108755989 0.22405092545128974 0.7363489907974272
vn 0.2998628910982585 0.8883580555457986 0.347709953393747
vn 0.3605246873229753 0.8228492212258796 0.43925062203556886
vn 0.6131279429525062 0.23954768326454073 0.7527888369346478
vn 0.638854583629647 0.21657121872823099 0.7382152316187733
vn 0.6513177656120068 0.05516022362151411 0.7567975409105181
vn 0.6243078778697773 0.268517139586629 0.7335790478046317
vn 0.6374103931088645 8.601052190820635e-9 0.7705244906924131
vn 0.5412748598032713 -0.5179415481100687 0.662388163304791
vn 0.6338809810112834 0.16589336310509448 0.7554298736413952
vn 0.39119735407122436 0.8090257654368492 0.43868205003965377
vn 0.13918455305173913 0.9804362908336143 0.13918455305173913
vn -0.37579351984571707 -0.8470882249706538 -0.37579351984571707
vn -0.668435927110276 -0.44486769761268147 -0.5960588418679967
vn -0.7417573862356157 -0.23166914076605666 -0.6293849292615965
vn -0.742252763149195 -0.2445903407475477 -0.6238881316473198
vn -0.7373104646661127 -0.3043595831956085 -0.6031073891197457
vn -0.30237823488621 -0.922579281278289 -0.23961400798604354
vn 0.2288073565858997 -0.95189355411065 0.20382800400035261
vn 0.7526562052176445 -0.061993392714986134 0.655488715392615
vn 0.7565953653781968 0.22405090697821792 0.6143001254846613
vn 0.35568641924184546 0.8883580988644104 0.29035677940927185
vn 0.43132257803727064 0.8228491610002235 0.36997309620634655
vn 0.7345335671228886 0.2395477058104569 0.634883718022971
vn 0.7573387529779215 0.21657119425271393 0.6160640640857086
vn 0.7728394366263452 0.055160251202216744 0.6321997721309158
vn 0.7422079436479502 0.268517046897222 0.6140244000945534
vn 0.7615268220330264 1.0626369992045716e-8 0.6481333962420694
vn 0.6480742093520788 -0.5179414746444088 0.5583336350389909
vn 0.7554298488344044 0.16589332785512587 0.6338810198003885
vn 0.4614304594181608 0.8090257630689095 0.36408686575035043
vn 0.16123915140659836 0.9804362911308137 0.11290090826620788
vn -0.43534023179791675 -0.8470882296073482 -0.3048284990594294
vn -0.761785400120605 -0.4448677074207291 -0.470930703031045
vn -0.8397799553728929 -0.23166912307006096 -0.49101837437091
vn -0.8393132242846301 -0.24459040608711263 -0.48551914976762706
vn -0.8308375610877426 -0.3043596495267569 -0.4659121707207501
vn -0.33939305922604024 -0.92257925537488 -0.18346626093405252
vn 0.26072571104432957 -0.9518935238726903 0.16099944971850316
vn 0.8550461685261969 -0.06199332438723092 0.5148328635781617
vn 0.8517731352285768 0.22405090728533544 0.4735860186360009
vn 0.40070277126292003 0.8883580493139164 0.22418132241868263
vn 0.4890149466073919 0.8228492026895977 0.2894539196964914
vn 0.8336207875589736 0.2395476999462183 0.4976879363617659
vn 0.8528114414929605 0.21657119329908497 0.47519423764573293
vn 0.8708785279381296 0.05516021391488973 0.4883932231073443
vn 0.8375562639932421 0.26851708371782845 0.4758130729576007
vn 0.8625047116156488 -5.394934442390261e-10 0.5060490316568211
vn 0.7351821050584635 -0.5179414739025676 0.4373144200840423
vn 0.8540254268428495 0.16589333181422744 0.4930719752383656
vn 0.5176432846690718 0.8090257828955931 0.27842900791258574
vn 0.1783946055379599 0.980436291788085 0.0831867925802212
vn -0.4816593256099847 -0.8470882223657716 -0.22460150841464022
vn -0.8319884470380775 -0.4448676966879523 -0.33149352397705184
vn -0.9122862431779722 -0.23166917802743656 -0.33773244211996195
vn -0.9108717554442107 -0.24459037487833254 -0.33239764387079934
vn -0.8991202127530129 -0.3043595556343245 -0.3145601753449621
vn -0.36609544840828806 -0.922579275649407 -0.12174400517869409
vn 0.2847219041083847 -0.9518935451540073 0.1132789301460408
vn 0.9314558736216214 -0.06199326146870084 0.3585342257417766
vn 0.9210700844347742 0.22405086106422456 0.3184825132023693
vn 0.4335438807609171 0.8883580361494571 0.15119425605307846
vn 0.5318488452994996 0.8228492101061481 0.20013990901686018
vn 0.9073788253965651 0.2395476925695738 0.3453701929908585
vn 0.9223719738446885 0.21657119464006375 0.3198856975827913
vn 0.9424565417732446 0.05516020198809278 0.3297469014038636
vn 0.9074560227122732 0.2685170717405443 0.32314416136935803
vn 0.9372758639877935 7.048353553333028e-8 0.3485885178630102
vn 0.7999518493776496 -0.5179415332305437 0.30300760193775966
vn 0.926671963571324 0.1658933726081942 0.3372809820543482
vn 0.5581278779496589 0.8090257613535046 0.18431112099326202
vn 0.1901296280096713 0.9804362922453008 0.050945082208107305
vn -0.5133435119129118 -0.8470882159217538 -0.13754996627923358
vn -0.8769119299589938 -0.4448676961624443 -0.18198406525493335
vn -0.9570732078743136 -0.23166915682468897 -0.1741846047884505
vn -0.954753815268506 -0.24459035672586207 -0.16917656346830973
vn -0.9400832586632565 -0.3043596723035571 -0.1536510873906981
vn -0.3816742290262641 -0.9225792858903253 -0.05632267876534668
vn 0.3000670725345086 -0.9518935255271398 0.06211656816085733
vn 0.9795637581718863 -0.061993266469085255 0.19134178474306968
vn 0.9623808888459446 0.22405077581475594 0.15370190187793967
vn 0.4532119362926798 0.8883580622654799 0.07361313748076166
vn 0.5585227722187835 0.8228492307995439 0.10474471960745146
vn 0.9535665947988523 0.2395476956668782 0.1825586228706012
vn 0.9639066114098495 0.21657117278225865 0.15485790777386385
vn 0.9853984596254842 0.05516020515464788 0.16108143137872774
vn 0.949783127955241 0.26851710156214 0.16065670238189708
vn 0.9835682775316058 -2.3272957519609105e-8 0.18053654320804297
vn 0.8404155288920888 -0.5179415293021333 0.1594939215807237
vn 0.9711619812027112 0.16589334942737222 0.17124194253217498
vn 0.5816539471448154 0.8090257568796716 0.08459320585088777
vn 0.19608766330007 0.980436289942377 0.017155455853618405
vn -0.5294299744366254 -0.8470882213590389 -0.046318974544069844
vn -0.8951908702605604 -0.44486768824095557 -0.026945236337592895
vn -0.972779958983063 -0.23166913492972793 -0.005344466467491848
vn -0.969626145193991 -0.2445904207179546 -0.0008152602379346826
vn -0.9524825279678547 -0.30435961690499796 0.011927175416152503
vn -0.38565610989939536 -0.9225792681641181 0.010810127243739915
vn 0.3062947604062657 -0.9518935411802745 0.009066752833600089
vn 0.9979081350367126 -0.06199328723430934 0.01833538560910598
vn 0.9744502136373846 0.22405078617170895 -0.015748852589786765
vn 0.45910952076494616 0.8883580081889931 -0.00620461356300499
vn 0.5682263282910933 0.822849200838791 0.006167050817484491
vn 0.9707807389274506 0.23954773163403373 0.014200042128868596
vn 0.9761534919103833 0.21657118178688725 -0.014875599167641565
vn 0.9983995390573889 0.055160216068583116 -0.01247842030309247
vn 0.9632515465694277 0.26851705147237653 -0.006712011634894217
vn 0.9999755071883635 1.4309731244994814e-8 0.006998930159305947
vn 0.855343560577615 -0.5179415226092928 0.011134295468302703
vn 0.9861437029993092 0.16589333029031011 1.0827096495227118e-8
vn 0.587506767478982 0.8090257594960233 -0.017695158611326853
vn 0.19608766330007 0.980436289942377 -0.017155455853618405
vn -0.5294299744366254 -0.8470882213590389 0.046318974544069844
vn -0.8862699230831883 -0.44486766855750864 0.128912299298112
vn -0.9589292807767784 -0.2316691381236612 0.1636583175703893
vn -0.9550369126962861 -0.24459038021911106 0.16757100373219996
vn -0.9359410704128273 -0.30435956496665606 0.17714278965794583
vn -0.37791994083326796 -0.9225792852912539 0.07761430713507887
vn 0.3032158826648733 -0.9518935414866937 -0.04425849269554903
vn 0.9859315793599726 -0.06199326019195978 -0.1552280790048066
vn 0.9569113533789458 0.22405079660965507 -0.18472114744406848
vn 0.45105712586844166 0.8883580364753091 -0.08583395734226797
vn 0.5606644671156917 0.8228492621630019 -0.09259831030683374
vn 0.9584982182179589 0.23954767946559893 -0.15459002210894682
vn 0.9587404595310072 0.2165711641154967 -0.1841566239154373
vn 0.9810647847238161 0.055160171624473384 -0.18565894441467412
vn 0.9474520365182457 0.2685171146485682 -0.17387696120600973
vn 0.9859989861307109 1.8273174935708655e-8 -0.1667513098875388
vn 0.8442824547561774 -0.5179414788802619 -0.137563661794133
vn 0.9711619761690728 0.1658933336663675 -0.1712419863480936
vn 0.5755084549640577 0.8090257954774259 -0.11944572205399905
vn 0.1901296280096713 0.9804362922453008 -0.050945082208107305
vn -0.5133435119129118 -0.8470882159217538 0.13754996627923358
vn -0.8504200484739571 -0.44486769547358385 0.2808531194015385
vn -0.9159420659950032 -0.2316691709061407 0.3276881550994282
vn -0.9114293945079761 -0.24459035407336152 0.330865558076225
vn -0.8909614895634546 -0.30435962214026957 0.3369760296007753
vn -0.35870090069258215 -0.9225792869977709 0.1420602796175448
vn 0.29092398694572524 -0.951893521807043 -0.09623906151551957
vn 0.94399799498253 -0.06199328705241369 -0.32407501882959155
vn 0.9102972655569659 0.2240508027494681 -0.3480806316169141
vn 0.4292996476801759 0.8883580464133103 -0.1628551315568647
vn 0.5360673839366037 0.8228491810835206 -0.18854968859572716
vn 0.9170922568457099 0.23954768299871101 -0.3186827576189081
vn 0.9121965083894066 0.21657117997047173 -0.3478425708397015
vn 0.9339208134951306 0.05516019539194427 -0.3531986225410794
vn 0.9028646816528814 0.26851710292230907 -0.3357587408572578
vn 0.942063412706251 -5.9480631556334773e-8 -0.33543483188280826
vn 0.8075682168773594 -0.5179414905607479 -0.28208188074605733
vn 0.926671972734269 0.16589331464390594 -0.3372809853893872
vn 0.5460236227726699 0.8090257874588083 -0.21756718181027315
vn 0.1783946055379599 0.980436291788085 -0.0831867925802212
vn -0.4816593256099847 -0.8470882223657716 0.22460150841464022
vn -0.7887306390577429 -0.4448677103328912 0.42426017879920713
vn -0.8451243835566457 -0.23166917803319134 0.48176152634620484
vn -0.8401284666567741 -0.24459036755835808 0.4841071282377538
vn -0.8189104958910247 -0.3043595911217774 0.48657048719759055
vn -0.3285829082991694 -0.9225792761725904 0.20218988983259958
vn 0.26979244546663295 -0.9518935363540908 -0.1452953262030033
vn 0.8733815951131495 -0.06199338520721014 -0.48307495226741093
vn 0.8360242427164035 0.2240508842911894 -0.5008639204802039
vn 0.39449811098982906 0.888358059185178 -0.2349280721970031
vn 0.4951819091226424 0.8228491990857315 -0.27877243845406496
vn 0.8478207728169865 0.2395477185459268 -0.4730928320313561
vn 0.8379359865621507 0.21657119754111978 -0.5009592786042799
vn 0.858400170085726 0.05516022097273965 -0.5100063705671087
vn 0.830844238113454 0.2685170518899119 -0.4874386575129474
vn 0.869503625056534 -5.271500172409347e-9 -0.4939265593319984
vn 0.7463163584200383 -0.5179415241590668 -0.4180292701551362
vn 0.8540254372813345 0.16589334874305103 -0.4930719514627068
vn 0.49994815007919435 0.8090257743690755 -0.30907789251078593
vn 0.16123915140659836 0.9804362911308137 -0.11290090826620788
vn -0.43534023179791675 -0.8470882296073482 0.3048284990594294
vn -0.7030760814458422 -0.44486768120361286 0.5547763242238084
vn -0.7486280012430601 -0.23166913694912397 0.6211968502335382
vn -0.7433006636622279 -0.24459035277232977 0.6226392878143805
vn -0.721977231205012 -0.30435961371857956 0.6213808036611862
vn -0.2884810878467064 -0.9225792928133739 0.25617593647092546
vn 0.24046338599062028 -0.9518935484211365 -0.18993691708602486
vn 0.7762277589254903 -0.06199341906102064 -0.6273972284499157
vn 0.7363489907974272 0.22405092545128974 -0.6384288108755989
vn 0.347709953393747 0.8883580555457986 -0.2998628910982585
vn 0.43925062203556886 0.8228492212258796 -0.3605246873229753
vn 0.7527888369346478 0.23954768326454073 -0.6131279429525062
vn 0.7382152316187733 0.21657121872823099 -0.638854583629647
vn 0.7567975409105181 0.05516022362151411 -0.6513177656120068
vn 0.7335790478046317 0.268517139586629 -0.6243078778697773
vn 0.7705244906924131 8.601052190820635e-9 -0.6374103931088645
vn 0.662388163304791 -0.5179415481100687 -0.5412748598032713
vn 0.7554298736413952 0.16589336310509448 -0.6338809810112834
vn 0.43868205003965377 0.8090257654368492 -0.39119735407122436
vn 0.13918455305173913 0.9804362908336143 -0.13918455305173913
vn -0.37579351984571707 -0.8470882249706538 0.37579351984571707
vn -0.5960588418679967 -0.44486769761268147 0.668435927110276
vn -0.6293849292615965 -0.23166914076605666 0.7417573862356157
vn -0.6238881316473198 -0.2445903407475477 0.742252763149195
vn -0.6031073891197457 -0.3043595831956085 0.7373104646661127
vn -0.23961400798604354 -0.922579281278289 0.30237823488621
vn 0.20382800400035261 -0.95189355411065 -0.2288073565858997
vn 0.655488715392615 -0.061993392714986134 -0.7526562052176445
vn 0.6143001254846613 0.22405090697821792 -0.7565953653781968
vn 0.29035677940927185 0.8883580988644104 -0.35568641924184546
vn 0.36997309620634655 0.8228491610002235 -0.43132257803727064
vn 0.634883718022971 0.2395477058104569 -0.7345335671228886
vn 0.6160640640857086 0.21657119425271393 -0.7573387529779215
vn 0.6321997721309158 0.055160251202216744 -0.7728394366263452
vn 0.6140244000945534 0.268517046897222 -0.7422079436479502
vn 0.6481333962420694 1.0626369992045716e-8 -0.7615268220330264
vn 0.5583336350389909 -0.5179414746444088 -0.6480742093520788
vn 0.6338810198003885 0.16589332785512587 -0.7554298488344044
vn 0.36408686575035043 0.8090257630689095 -0.4614304594181608
vn 0.11290090826620788 0.9804362911308137 -0.16123915140659836
vn -0.3048284990594294 -0.8470882296073482 0.43534023179791675
vn -0.470930703031045 -0.4448677074207291 0.761785400120605
vn -0.49101837437091 -0.23166912307006096 0.8397799553728929
vn -0.48551914976762706 -0.24459040608711263 0.8393132242846301
vn -0.4659121707207501 -0.3043596495267569 0.8308375610877426
vn -0.18346626093405252 -0.92257925537488 0.33939305922604024
vn 0.16099944971850316 -0.9518935238726903 -0.26072571104432957
vn 0.5148328635781617 -0.06199332438723092 -0.8550461685261969
vn 0.4735860186360009 0.22405090728533544 -0.8517731352285768
vn 0.22418132241868263 0.8883580493139164 -0.40070277126292003
vn 0.2894539196964914 0.8228492026895977 -0.4890149466073919
vn 0.4976879363617659 0.2395476999462183 -0.8336207875589736
vn 0.47519423764573293 0.21657119329908497 -0.8528114414929605
vn 0.4883932231073443 0.05516021391488973 -0.8708785279381296
vn 0.4758130729576007 0.26851708371782845 -0.8375562639932421
vn 0.5060490316568211 -5.394934442390261e-10 -0.8625047116156488
vn 0.4373144200840423 -0.5179414739025676 -0.7351821050584635
vn 0.4930719752383656 0.16589333181422744 -0.8540254268428495
vn 0.27842900791258574 0.8090257828955931 -0.5176432846690718
vn 0.0831867925802212 0.980436291788085 -0.1783946055379599
vn -0.22460150841464022 -0.8470882223657716 0.4816593256099847
vn -0.33149352397705184 -0.4448676966879523 0.8319884470380775
vn -0.33773244211996195 -0.23166917802743656 0.9122862431779722
vn -0.33239764387079934 -0.24459037487833254 0.9108717554442107
vn -0.3145601753449621 -0.3043595556343245 0.8991202127530129
vn -0.12174400517869409 -0.922579275649407 0.36609544840828806
vn 0.1132789301460408 -0.9518935451540073 -0.2847219041083847
vn 0.3585342257417766 -0.06199326146870084 -0.9314558736216214
vn 0.3184825132023693 0.22405086106422456 -0.9210700844347742
vn 0.15119425605307846 0.8883580361494571 -0.4335438807609171
vn 0.20013990901686018 0.8228492101061481 -0.5318488452994996
vn 0.3453701929908585 0.2395476925695738 -0.9073788253965651
vn 0.3198856975827913 0.21657119464006375 -0.9223719738446885
vn 0.3297469014038636 0.05516020198809278 -0.9424565417732446
vn 0.32314416136935803 0.2685170717405443 -0.9074560227122732
vn 0.3485885178630102 7.048353553333028e-8 -0.9372758639877935
vn 0.30300760193775966 -0.5179415332305437 -0.7999518493776496
vn 0.3372809820543482 0.1658933726081942 -0.926671963571324
vn 0.18431112099326202 0.8090257613535046 -0.5581278779496589
vn 0.050945082208107305 0.9804362922453008 -0.1901296280096713
vn -0.13754996627923358 -0.8470882159217538 0.5133435119129118
vn -0.18198406525493335 -0.4448676961624443 0.8769119299589938
vn -0.1741846047884505 -0.23166915682468897 0.9570732078743136
vn -0.16917656346830973 -0.24459035672586207 0.954753815268506
vn -0.1536510873906981 -0.3043596723035571 0.9400832586632565
vn -0.05632267876534668 -0.9225792858903253 0.3816742290262641
vn 0.06211656816085733 -0.9518935255271398 -0.3000670725345086
vn 0.19134178474306968 -0.061993266469085255 -0.9795637581718863
vn 0.15370190187793967 0.22405077581475594 -0.9623808888459446
vn 0.07361313748076166 0.8883580622654799 -0.4532119362926798
vn 0.10474471960745146 0.8228492307995439 -0.5585227722187835
vn 0.1825586228706012 0.2395476956668782 -0.9535665947988523
vn 0.15485790777386385 0.21657117278225865 -0.9639066114098495
vn 0.16108143137872774 0.05516020515464788 -0.9853984596254842
vn 0.16065670238189708 0.26851710156214 -0.949783127955241
vn 0.18053654320804297 -2.3272957519609105e-8 -0.9835682775316058
vn 0.1594939215807237 -0.5179415293021333 -0.8404155288920888
vn 0.17124194253217498 0.16589334942737222 -0.9711619812027112
vn 0.08459320585088777 0.8090257568796716 -0.5816539471448154
vn 0.017155455853618405 0.980436289942377 -0.19608766330007
vn -0.046318974544069844 -0.8470882213590389 0.5294299744366254
vn -0.026945236337592895 -0.44486768824095557 0.8951908702605604
vn -0.005344466467491848 -0.23166913492972793 0.972779958983063
vn -0.0008152602379346826 -0.2445904207179546 0.969626145193991
vn 0.011927175416152503 -0.30435961690499796 0.9524825279678547
vn 0.010810127243739915 -0.9225792681641181 0.38565610989939536
vn 0.009066752833600089 -0.9518935411802745 -0.3062947604062657
vn 0.01833538560910598 -0.06199328723430934 -0.9979081350367126
vn -0.015748852589786765 0.22405078617170895 -0.9744502136373846
vn -0.00620461356300499 0.8883580081889931 -0.45910952076494616
vn 0.006167050817484493 0.8228492008387912 -0.5682263282910934
vn 0.014200042128868596 0.23954773163403373 -0.9707807389274506
vn -0.014875599167641565 0.21657118178688725 -0.9761534919103833
vn -0.01247842030309247 0.055160216068583116 -0.9983995390573889
vn -0.006712011634894217 0.26851705147237653 -0.9632515465694277
vn 0.006998930159305947 1.4309731244994814e-8 -0.9999755071883635
vn 0.011134295468302703 -0.5179415226092928 -0.855343560577615
vn 1.0827096495227118e-8 0.16589333029031011 -0.9861437029993092
vn -0.017695158611326853 0.8090257594960233 -0.587506767478982
vn -0.017155455853618405 0.980436289942377 -0.19608766330007
vn 0.046318974544069844 -0.8470882213590389 0.5294299744366254
vn 0.128912299298112 -0.44486766855750864 0.8862699230831883
vn 0.1636583175703893 -0.2316691381236612 0.9589292807767784
vn 0.16757100373219996 -0.24459038021911106 0.9550369126962861
vn 0.17714278965794583 -0.30435956496665606 0.9359410704128273
vn 0.07761430713507887 -0.9225792852912539 0.37791994083326796
vn -0.04425849269554903 -0.9518935414866937 -0.3032158826648733
vn -0.1552280790048066 -0.06199326019195978 -0.9859315793599726
vn -0.18472114744406848 0.22405079660965507 -0.9569113533789458
vn -0.08583395734226797 0.8883580364753091 -0.45105712586844166
vn -0.09259831030683374 0.8228492621630019 -0.5606644671156917
vn -0.15459002210894682 0.23954767946559893 -0.9584982182179589
vn -0.1841566239154373 0.2165711641154967 -0.9587404595310072
vn -0.18565894441467412 0.055160171624473384 -0.9810647847238161
vn -0.17387696120600973 0.2685171146485682 -0.9474520365182457
vn -0.1667513098875388 1.8273174935708655e-8 -0.9859989861307109
vn -0.137563661794133 -0.5179414788802619 -0.8442824547561774
vn -0.1712419863480936 0.1658933336663675 -0.9711619761690728
vn -0.11944572205399905 0.8090257954774259 -0.5755084549640577
vn -0.050945082208107305 0.9804362922453008 -0.1901296280096713
vn 0.13754996627923358 -0.8470882159217538 0.5133435119129118
vn 0.2808531194015385 -0.44486769547358385 0.8504200484739571
vn 0.3276881550994282 -0.2316691709061407 0.9159420659950032
vn 0.330865558076225 -0.24459035407336152 0.9114293945079761
vn 0.3369760296007753 -0.30435962214026957 0.8909614895634546
vn 0.1420602796175448 -0.9225792869977709 0.35870090069258215
vn -0.09623906151551957 -0.951893521807043 -0.29092398694572524
vn -0.32407501882959155 -0.06199328705241369 -0.94399799498253
vn -0.3480806316169141 0.2240508027494681 -0.9102972655569659
vn -0.1628551315568647 0.8883580464133103 -0.4292996476801759
vn -0.18854968859572716 0.8228491810835206 -0.5360673839366037
vn -0.3186827576189081 0.23954768299871101 -0.9170922568457099
vn -0.3478425708397015 0.21657117997047173 -0.9121965083894066
vn -0.3531986225410794 0.05516019539194427 -0.9339208134951306
vn -0.3357587408572578 0.26851710292230907 -0.9028646816528814
vn -0.33543483188280826 -5.9480631556334773e-8 -0.942063412706251
vn -0.28208188074605733 -0.5179414905607479 -0.8075682168773594
vn -0.3372809853893872 0.16589331464390594 -0.926671972734269
vn -0.21756718181027315 0.8090257874588083 -0.5460236227726699
vn -0.0831867925802212 0.980436291788085 -0.1783946055379599
vn 0.22460150841464022 -0.8470882223657716 0.4816593256099847
vn 0.42426017879920713 -0.4448677103328912 0.7887306390577429
vn 0.48176152634620484 -0.23166917803319134 0.8451243835566457
vn 0.4841071282377538 -0.24459036755835808 0.8401284666567741
vn 0.48657048719759055 -0.3043595911217774 0.8189104958910247
vn 0.20218988983259958 -0.9225792761725904 0.3285829082991694
vn -0.1452953262030033 -0.9518935363540908 -0.26979244546663295
vn -0.48307495226741093 -0.06199338520721014 -0.8733815951131495
vn -0.5008639204802039 0.2240508842911894 -0.8360242427164035
vn -0.2349280721970031 0.888358059185178 -0.39449811098982906
vn -0.27877243845406496 0.8228491990857315 -0.4951819091226424
vn -0.4730928320313561 0.2395477185459268 -0.8478207728169865
vn -0.5009592786042799 0.21657119754111978 -0.8379359865621507
vn -0.5100063705671087 0.05516022097273965 -0.858400170085726
vn -0.4874386575129474 0.2685170518899119 -0.830844238113454
vn -0.4939265593319984 -5.271500172409347e-9 -0.869503625056534
vn -0.4180292701551362 -0.5179415241590668 -0.7463163584200383
vn -0.4930719514627068 0.16589334874305103 -0.8540254372813345
vn -0.30907789251078593 0.8090257743690755 -0.49994815007919435
vn -0.11290090826620788 0.9804362911308137 -0.16123915140659836
vn 0.3048284990594294 -0.8470882296073482 0.43534023179791675
vn 0.5547763242238084 -0.44486768120361286 0.7030760814458422
vn 0.6211968502335382 -0.23166913694912397 0.7486280012430601
vn 0.6226392878143805 -0.24459035277232977 0.7433006636622279
vn 0.6213808036611862 -0.30435961371857956 0.721977231205012
vn 0.25617593647092546 -0.9225792928133739 0.2884810878467064
vn -0.18993691708602486 -0.9518935484211365 -0.24046338599062028
vn -0.6273972284499157 -0.06199341906102064 -0.7762277589254903
vn -0.6384288108755989 0.22405092545128974 -0.7363489907974272
vn -0.2998628910982585 0.8883580555457986 -0.347709953393747
vn -0.3605246873229753 0.8228492212258796 -0.43925062203556886
vn -0.6131279429525062 0.23954768326454073 -0.7527888369346478
vn -0.638854583629647 0.21657121872823099 -0.7382152316187733
vn -0.6513177656120068 0.05516022362151411 -0.7567975409105181
vn -0.6243078778697773 0.268517139586629 -0.7335790478046317
vn -0.6374103931088645 8.601052190820635e-9 -0.7705244906924131
vn -0.5412748598032713 -0.5179415481100687 -0.662388163304791
vn -0.6338809810112834 0.16589336310509448 -0.7554298736413952
vn -0.39119735407122436 0.8090257654368492 -0.43868205003965377
vn -0.13918455305173913 0.9804362908336143 -0.13918455305173913
vn 0.37579351984571707 -0.8470882249706538 0.37579351984571707
vn 0.668435927110276 -0.44486769761268147 0.5960588418679967
vn 0.7417573862356157 -0.23166914076605666 0.6293849292615965
vn 0.742252763149195 -0.2445903407475477 0.6238881316473198
vn 0.7373104646661127 -0.3043595831956085 0.6031073891197457
vn 0.30237823488621 -0.922579281278289 0.23961400798604354
vn -0.2288073565858997 -0.95189355411065 -0.20382800400035261
vn -0.7526562052176445 -0.061993392714986134 -0.655488715392615
vn -0.7565953653781968 0.22405090697821792 -0.6143001254846613
vn -0.35568641924184546 0.8883580988644104 -0.29035677940927185
vn -0.43132257803727064 0.8228491610002235 -0.36997309620634655
vn -0.7345335671228886 0.2395477058104569 -0.634883718022971
vn -0.7573387529779215 0.21657119425271393 -0.6160640640857086
vn -0.7728394366263452 0.055160251202216744 -0.6321997721309158
vn -0.7422079436479502 0.268517046897222 -0.6140244000945534
vn -0.7615268220330264 1.0626369992045716e-8 -0.6481333962420694
vn -0.6480742093520788 -0.5179414746444088 -0.5583336350389909
vn -0.7554298488344044 0.16589332785512587 -0.6338810198003885
vn -0.4614304594181608 0.8090257630689095 -0.36408686575035043
vn -0.16123915140659836 0.9804362911308137 -0.11290090826620788
vn 0.43534023179791675 -0.8470882296073482 0.3048284990594294
vn 0.761785400120605 -0.4448677074207291 0.470930703031045
vn 0.8397799553728929 -0.23166912307006096 0.49101837437091
vn 0.8393132242846301 -0.24459040608711263 0.48551914976762706
vn 0.8308375610877426 -0.3043596495267569 0.4659121707207501
vn 0.33939305922604024 -0.92257925537488 0.18346626093405252
vn -0.26072571104432957 -0.9518935238726903 -0.16099944971850316
vn -0.8550461685261969 -0.06199332438723092 -0.5148328635781617
vn -0.8517731352285768 0.22405090728533544 -0.4735860186360009
vn -0.40070277126292003 0.8883580493139164 -0.22418132241868263
vn -0.4890149466073919 0.8228492026895977 -0.2894539196964914
vn -0.8336207875589736 0.2395476999462183 -0.4976879363617659
vn -0.8528114414929605 0.21657119329908497 -0.47519423764573293
vn -0.8708785279381296 0.05516021391488973 -0.4883932231073443
vn -0.8375562639932421 0.26851708371782845 -0.4758130729576007
vn -0.8625047116156488 -5.394934442390261e-10 -0.5060490316568211
vn -0.7351821050584635 -0.5179414739025676 -0.4373144200840423
vn -0.8540254268428495 0.16589333181422744 -0.4930719752383656
vn -0.5176432846690718 0.8090257828955931 -0.27842900791258574
vn -0.1783946055379599 0.980436291788085 -0.0831867925802212
vn 0.4816593256099847 -0.8470882223657716 0.22460150841464022
vn 0.8319884470380775 -0.4448676966879523 0.33149352397705184
vn 0.9122862431779722 -0.23166917802743656 0.33773244211996195
vn 0.9108717554442107 -0.24459037487833254 0.33239764387079934
vn 0.8991202127530129 -0.3043595556343245 0.3145601753449621
vn 0.36609544840828806 -0.922579275649407 0.12174400517869409
vn -0.2847219041083847 -0.9518935451540073 -0.1132789301460408
vn -0.9314558736216214 -0.06199326146870084 -0.3585342257417766
vn -0.9210700844347742 0.22405086106422456 -0.3184825132023693
vn -0.4335438807609171 0.8883580361494571 -0.15119425605307846
vn -0.5318488452994996 0.8228492101061481 -0.20013990901686018
vn -0.9073788253965651 0.2395476925695738 -0.3453701929908585
vn -0.9223719738446885 0.21657119464006375 -0.3198856975827913
vn -0.9424565417732446 0.05516020198809278 -0.3297469014038636
vn -0.9074560227122732 0.2685170717405443 -0.32314416136935803
vn -0.9372758639877935 7.048353553333028e-8 -0.3485885178630102
vn -0.7999518493776496 -0.5179415332305437 -0.30300760193775966
vn -0.926671963571324 0.1658933726081942 -0.3372809820543482
vn -0.5581278779496589 0.8090257613535046 -0.18431112099326202
vn -0.1901296280096713 0.9804362922453008 -0.050945082208107305
vn 0.5133435119129118 -0.8470882159217538 0.13754996627923358
vn 0.8769119299589938 -0.4448676961624443 0.18198406525493335
vn 0.9570732078743136 -0.23166915682468897 0.1741846047884505
vn 0.954753815268506 -0.24459035672586207 0.16917656346830973
vn 0.9400832586632565 -0.3043596723035571 0.1536510873906981
vn 0.3816742290262641 -0.9225792858903253 0.05632267876534668
vn -0.3000670725345086 -0.9518935255271398 -0.06211656816085733
vn -0.9795637581718863 -0.061993266469085255 -0.19134178474306968
vn -0.9623808888459446 0.22405077581475594 -0.15370190187793967
vn -0.4532119362926798 0.8883580622654799 -0.07361313748076166
vn -0.5585227722187835 0.8228492307995439 -0.10474471960745146
vn -0.9535665947988523 0.2395476956668782 -0.1825586228706012
vn -0.9639066114098495 0.21657117278225865 -0.15485790777386385
vn -0.9853984596254842 0.05516020515464788 -0.16108143137872774
vn -0.949783127955241 0.26851710156214 -0.16065670238189708
vn -0.9835682775316058 -2.3272957519609105e-8 -0.18053654320804297
vn -0.8404155288920888 -0.5179415293021333 -0.1594939215807237
vn -0.9711619812027112 0.16589334942737222 -0.17124194253217498
vn -0.5816539471448154 0.8090257568796716 -0.08459320585088777
vn -0.19608766330007 0.980436289942377 -0.017155455853618405
vn 0.5294299744366254 -0.8470882213590389 0.046318974544069844
vn 0.8951908702605604 -0.44486768824095557 0.026945236337592895
vn 0.972779958983063 -0.23166913492972793 0.005344466467491848
vn 0.969626145193991 -0.2445904207179546 0.0008152602379346826
vn 0.9524825279678547 -0.30435961690499796 -0.011927175416152503
vn 0.38565610989939536 -0.9225792681641181 -0.010810127243739915
vn -0.3062947604062657 -0.9518935411802745 -0.009066752833600089
vn -0.9979081350367126 -0.06199328723430934 -0.01833538560910598
vn -0.9744502136373846 0.22405078617170895 0.015748852589786765
vn -0.45910952076494616 0.8883580081889931 0.00620461356300499
vn -0.5682263282910933 0.822849200838791 -0.006167050817484491
vn -0.9707807389274506 0.23954773163403373 -0.014200042128868596
vn -0.9761534919103833 0.21657118178688725 0.014875599167641565
vn -0.9983995390573889 0.055160216068583116 0.01247842030309247
vn -0.9632515465694277 0.26851705147237653 0.006712011634894217
vn -0.9999755071883635 1.4309731244994814e-8 -0.006998930159305947
vn -0.855343560577615 -0.5179415226092928 -0.011134295468302703
vn -0.9861437029993092 0.16589333029031011 -1.0827096495227118e-8
vn -0.587506767478982 0.8090257594960233 0.017695158611326853
vn -0.19608766330007 0.980436289942377 0.017155455853618405
vn 0.5294299744366254 -0.8470882213590389 -0.046318974544069844
vn 0.8862699230831883 -0.44486766855750864 -0.128912299298112
vn 0.9589292807767784 -0.2316691381236612 -0.1636583175703893
vn 0.9550369126962861 -0.24459038021911106 -0.16757100373219996
vn 0.9359410704128273 -0.30435956496665606 -0.17714278965794583
vn 0.37791994083326796 -0.9225792852912539 -0.07761430713507887
vn -0.3032158826648733 -0.9518935414866937 0.04425849269554903
vn -0.9859315793599726 -0.06199326019195978 0.1552280790048066
vn -0.9569113533789458 0.22405079660965507 0.18472114744406848
vn -0.45105712586844166 0.8883580364753091 0.08583395734226797
vn -0.5606644671156917 0.8228492621630019 0.09259831030683374
vn -0.9584982182179589 0.23954767946559893 0.15459002210894682
vn -0.9587404595310072 0.2165711641154967 0.1841566239154373
vn -0.9810647847238161 0.055160171624473384 0.18565894441467412
vn -0.9474520365182457 0.2685171146485682 0.17387696120600973
vn -0.9859989861307109 1.8273174935708655e-8 0.1667513098875388
vn -0.8442824547561774 -0.5179414788802619 0.137563661794133
vn -0.9711619761690728 0.1658933336663675 0.1712419863480936
vn -0.5755084549640577 0.8090257954774259 0.11944572205399905
vn -0.1901296280096713 0.9804362922453008 0.050945082208107305
vn 0.5133435119129118 -0.8470882159217538 -0.13754996627923358
vn 0.8504200484739571 -0.44486769547358385 -0.2808531194015385
vn 0.9159420659950032 -0.2316691709061407 -0.3276881550994282
vn 0.9114293945079761 -0.24459035407336152 -0.330865558076225
vn 0.8909614895634546 -0.30435962214026957 -0.3369760296007753
vn 0.35870090069258215 -0.9225792869977709 -0.1420602796175448
vn -0.29092398694572524 -0.951893521807043 0.09623906151551957
vn -0.94399799498253 -0.06199328705241369 0.32407501882959155
vn -0.9102972655569659 0.2240508027494681 0.3480806316169141
vn -0.4292996476801759 0.8883580464133103 0.1628551315568647
vn -0.5360673839366037 0.8228491810835206 0.18854968859572716
vn -0.9170922568457099 0.23954768299871101 0.3186827576189081
vn -0.9121965083894066 0.21657117997047173 0.3478425708397015
vn -0.9339208134951306 0.05516019539194427 0.3531986225410794
vn -0.9028646816528814 0.26851710292230907 0.3357587408572578
vn -0.942063412706251 -5.9480631556334773e-8 0.33543483188280826
vn -0.8075682168773594 -0.5179414905607479 0.28208188074605733
vn -0.926671972734269 0.16589331464390594 0.3372809853893872
vn -0.5460236227726699 0.8090257874588083 0.21756718181027315
vn -0.1783946055379599 0.980436291788085 0.0831867925802212
vn 0.4816593256099847 -0.8470882223657716 -0.22460150841464022
vn 0.7887306390577429 -0.4448677103328912 -0.42426017879920713
vn 0.8451243835566457 -0.23166917803319134 -0.48176152634620484
vn 0.8401284666567741 -0.24459036755835808 -0.4841071282377538
vn 0.8189104958910247 -0.3043595911217774 -0.48657048719759055
vn 0.3285829082991694 -0.9225792761725904 -0.20218988983259958
vn -0.26979244546663295 -0.9518935363540908 0.1452953262030033
vn -0.8733815951131495 -0.06199338520721014 0.48307495226741093
vn -0.8360242427164035 0.2240508842911894 0.5008639204802039
vn -0.39449811098982906 0.888358059185178 0.2349280721970031
vn -0.4951819091226424 0.8228491990857315 0.27877243845406496
vn -0.8478207728169865 0.2395477185459268 0.4730928320313561
vn -0.8379359865621507 0.21657119754111978 0.5009592786042799
vn -0.858400170085726 0.05516022097273965 0.5100063705671087
vn -0.830844238113454 0.2685170518899119 0.4874386575129474
vn -0.869503625056534 -5.271500172409347e-9 0.4939265593319984
vn -0.7463163584200383 -0.5179415241590668 0.4180292701551362
vn -0.8540254372813345 0.16589334874305103 0.4930719514627068
vn -0.49994815007919435 0.8090257743690755 0.30907789251078593
vn -0.16123915140659836 0.9804362911308137 0.11290090826620788
vn 0.43534023179791675 -0.8470882296073482 -0.3048284990594294
vn 0.7030760814458422 -0.44486768120361286 -0.5547763242238084
vn 0.7486280012430601 -0.23166913694912397 -0.6211968502335382
vn 0.7433006636622279 -0.24459035277232977 -0.6226392878143805
vn 0.721977231205012 -0.30435961371857956 -0.6213808036611862
vn 0.2884810878467064 -0.9225792928133739 -0.25617593647092546
vn -0.24046338599062028 -0.9518935484211365 0.18993691708602486
vn -0.7762277589254903 -0.06199341906102064 0.6273972284499157
vn -0.7363489907974272 0.22405092545128974 0.6384288108755989
vn -0.347709953393747 0.8883580555457986 0.2998628910982585
vn -0.43925062203556886 0.8228492212258796 0.3605246873229753
vn -0.7527888369346478 0.23954768326454073 0.6131279429525062
vn -0.7382152316187733 0.21657121872823099 0.638854583629647
vn -0.7567975409105181 0.05516022362151411 0.6513177656120068
vn -0.7335790478046317 0.268517139586629 0.6243078778697773
vn -0.7705244906924131 8.601052190820635e-9 0.6374103931088645
vn -0.662388163304791 -0.5179415481100687 0.5412748598032713
vn -0.7554298736413952 0.16589336310509448 0.6338809810112834
vn -0.43868205003965377 0.8090257654368492 0.39119735407122436
vn -0.13918455305173913 0.9804362908336143 0.13918455305173913
vn 0.37579351984571707 -0.8470882249706538 -0.37579351984571707
vn 0.5960588418679967 -0.44486769761268147 -0.668435927110276
vn 0.6293849292615965 -0.23166914076605666 -0.7417573862356157
vn 0.6238881316473198 -0.2445903407475477 -0.742252763149195
vn 0.6031073891197457 -0.3043595831956085 -0.7373104646661127
vn 0.23961400798604354 -0.922579281278289 -0.30237823488621
vn -0.20382800400035261 -0.95189355411065 0.2288073565858997
vn -0.655488715392615 -0.061993392714986134 0.7526562052176445
vn -0.6143001254846613 0.22405090697821792 0.7565953653781968
vn -0.29035677940927185 0.8883580988644104 0.35568641924184546
vn -0.36997309620634655 0.8228491610002235 0.43132257803727064
vn -0.634883718022971 0.2395477058104569 0.7345335671228886
vn -0.6160640640857086 0.21657119425271393 0.7573387529779215
vn -0.6321997721309158 0.055160251202216744 0.7728394366263452
vn -0.6140244000945534 0.268517046897222 0.7422079436479502
vn -0.6481333962420694 1.0626369992045716e-8 0.7615268220330264
vn -0.5583336350389909 -0.5179414746444088 0.6480742093520788
vn -0.6338810198003885 0.16589332785512587 0.7554298488344044
vn -0.36408686575035043 0.8090257630689095 0.4614304594181608
vn -0.11290090826620788 0.9804362911308137 0.16123915140659836
vn 0.3048284990594294 -0.8470882296073482 -0.43534023179791675
vn 0.470930703031045 -0.4448677074207291 -0.761785400120605
vn 0.49101837437091 -0.23166912307006096 -0.8397799553728929
vn 0.48551914976762706 -0.24459040608711263 -0.8393132242846301
vn 0.4659121707207501 -0.3043596495267569 -0.8308375610877426
vn 0.18346626093405252 -0.92257925537488 -0.33939305922604024
vn -0.16099944971850316 -0.9518935238726903 0.26072571104432957
vn -0.5148328635781617 -0.06199332438723092 0.8550461685261969
vn -0.4735860186360009 0.22405090728533544 0.8517731352285768
vn -0.22418132241868263 0.8883580493139164 0.40070277126292003
vn -0.2894539196964914 0.8228492026895977 0.4890149466073919
vn -0.4976879363617659 0.2395476999462183 0.8336207875589736
vn -0.47519423764573293 0.21657119329908497 0.8528114414929605
vn -0.4883932231073443 0.05516021391488973 0.8708785279381296
vn -0.4758130729576007 0.26851708371782845 0.8375562639932421
vn -0.5060490316568211 -5.394934442390261e-10 0.8625047116156488
vn -0.4373144200840423 -0.5179414739025676 0.7351821050584635
vn -0.4930719752383656 0.16589333181422744 0.8540254268428495
vn -0.27842900791258574 0.8090257828955931 0.5176432846690718
vn -0.0831867925802212 0.980436291788085 0.1783946055379599
vn 0.22460150841464022 -0.8470882223657716 -0.4816593256099847
vn 0.33149352397705184 -0.4448676966879523 -0.8319884470380775
vn 0.33773244211996195 -0.23166917802743656 -0.9122862431779722
vn 0.33239764387079934 -0.24459037487833254 -0.9108717554442107
vn 0.3145601753449621 -0.3043595556343245 -0.8991202127530129
vn 0.12174400517869409 -0.922579275649407 -0.36609544840828806
vn -0.1132789301460408 -0.9518935451540073 0.2847219041083847
vn -0.3585342257417766 -0.06199326146870084 0.9314558736216214
vn -0.3184825132023693 0.22405086106422456 0.9210700844347742
vn -0.15119425605307846 0.8883580361494571 0.4335438807609171
vn -0.20013990901686018 0.8228492101061481 0.5318488452994996
vn -0.3453701929908585 0.2395476925695738 0.9073788253965651
vn -0.3198856975827913 0.21657119464006375 0.9223719738446885
vn -0.3297469014038636 0.05516020198809278 0.9424565417732446
vn -0.32314416136935803 0.2685170717405443 0.9074560227122732
vn -0.3485885178630102 7.048353553333028e-8 0.9372758639877935
vn -0.30300760193775966 -0.5179415332305437 0.7999518493776496
vn -0.3372809820543482 0.1658933726081942 0.926671963571324
vn -0.18431112099326202 0.8090257613535046 0.5581278779496589
vn -0.050945082208107305 0.9804362922453008 0.1901296280096713
vn 0.13754996627923358 -0.8470882159217538 -0.5133435119129118
vn 0.18198406525493335 -0.4448676961624443 -0.8769119299589938
vn 0.1741846047884505 -0.23166915682468897 -0.9570732078743136
vn 0.16917656346830973 -0.24459035672586207 -0.954753815268506
vn 0.1536510873906981 -0.3043596723035571 -0.9400832586632565
vn 0.05632267876534668 -0.9225792858903253 -0.3816742290262641
vn -0.06211656816085733 -0.9518935255271398 0.3000670725345086
vn -0.19134178474306968 -0.061993266469085255 0.9795637581718863
vn -0.15370190187793967 0.22405077581475594 0.9623808888459446
vn -0.07361313748076166 0.8883580622654799 0.4532119362926798
vn -0.10474471960745146 0.8228492307995439 0.5585227722187835
vn -0.1825586228706012 0.2395476956668782 0.9535665947988523
vn -0.15485790777386385 0.21657117278225865 0.9639066114098495
vn -0.16108143137872774 0.05516020515464788 0.9853984596254842
vn -0.16065670238189708 0.26851710156214 0.949783127955241
vn -0.18053654320804297 -2.3272957519609105e-8 0.9835682775316058
vn -0.1594939215807237 -0.5179415293021333 0.8404155288920888
vn -0.17124194253217498 0.16589334942737222 0.9711619812027112
vn -0.08459320585088777 0.8090257568796716 0.5816539471448154
vn -0.017155455853618405 0.980436289942377 0.19608766330007
vn 0.046318974544069844 -0.8470882213590389 -0.5294299744366254
vn 0.07993755267849907 -0.3984689601993558 -0.9136916741600618
vn 0.08491952167407985 -0.22507450501816093 -0.9706338867098527
vn 0.08427471417776959 -0.2549980207213913 -0.9632620525996175
vn 0.08269663834823912 -0.3157740210389136 -0.9452238008232846
vn 0.01912583624392899 -0.9756248733041333 -0.21860994711646636
vn -0.04215517703831832 -0.8752464188309449 0.481836743485254
vn -0.08710427032517758 -0.03433126288146571 0.9956074580275511
vn -0.08176966109493476 0.3460856419543423 0.9346327893656794
vn -0.03335723577319796 0.9238595155667908 0.38127534711579
vn -0.06112584198061355 0.7128300782128891 0.6986679547805004
vn -0.08514924900469086 0.2133565794998899 0.9732566852470341
vn -0.08471429207484667 0.2350361159203742 0.9682879287336602
vn -0.08677663862380895 -0.09315835163089918 0.991862559284585
vn -0.07556475773664614 0.49829385177264274 0.8637089814710656
vn -0.0796940193962068 -0.4048467659221659 0.910905022159193
vn -0.0770688495229863 -0.4669835812473992 0.8809010882491615
vn -0.08309217698194399 0.3017887827710164 0.949746924563586
vn -0.04336572396769951 0.8674263274688355 0.49567225098716766
vn 0 0 0
f 1/1/1 21/21/21 2/2/2
f 22/22/22 2/2/2 21/21/21
f 2/2/2 22/22/22 3/3/3
f 23/23/23 3/3/3 22/22/22
f 3/3/3 23/23/23 4/4/4
f 24/24/24 4/4/4 23/23/23
f 4/4/4 24/24/24 5/5/5
f 25/25/25 5/5/5 24/24/24
f 5/5/5 25/25/25 6/6/6
f 26/26/26 6/6/6 25/25/25
f 6/6/6 26/26/26 7/7/7
f 27/27/27 7/7/7 26/26/26
f 7/7/7 27/27/27 8/8/8
f 28/28/28 8/8/8 27/27/27
f 8/8/8 28/28/28 9/9/9
f 29/29/29 9/9/9 28/28/28
f 9/9/9 29/29/29 10/10/10
f 30/30/30 10/10/10 29/29/29
f 10/10/10 30/30/30 11/11/11
f 31/31/31 11/11/11 30/30/30
f 11/11/11 31/31/31 12/12/12
f 32/32/32 12/12/12 31/31/31
f 12/12/12 32/32/32 13/13/13
f 33/33/33 13/13/13 32/32/32
f 13/13/13 33/33/33 14/14/14
f 34/34/34 14/14/14 33/33/33
f 14/14/14 34/34/34 15/15/15
f 35/35/35 15/15/15 34/34/34
f 15/15/15 35/35/35 16/16/16
f 36/36/36 16/16/16 35/35/35
f 16/16/16 36/36/36 17/17/17
f 37/37/37 17/17/17 36/36/36
f 17/17/17 37/37/37 18/18/18
f 38/38/38 18/18/18 37/37/37
f 18/18/18 38/38/38 19/19/19
f 39/39/39 19/19/19 38/38/38
f 19/19/19 39/39/39 20/20/20
f 40/40/40 20/20/20 39/39/39
f 21/21/21 41/41/41 22/22/22
f 42/42/42 22/22/22 41/41/41
f 22/22/22 42/42/42 23/23/23
f 43/43/43 23/23/23 42/42/42
f 23/23/23 43/43/43 24/24/24
f 44/44/44 24/24/24 43/43/43
f 24/24/24 44/44/44 25/25/25
f 45/45/45 25/25/25 44/44/44
f 25/25/25 45/45/45 26/26/26
f 46/46/46 26/26/26 45/45/45
f 26/26/26 46/46/46 27/27/27
f 47/47/47 27/27/27 46/46/46
f 27/27/27 47/47/47 28/28/28
f 48/48/48 28/28/28 47/47/47
f 28/28/28 48/48/48 29/29/29
f 49/49/49 29/29/29 48/48/48
f 29/29/29 49/49/49 30/30/30
f 50/50/50 30/30/30 49/49/49
f 30/30/30 50/50/50 31/31/31
f 51/51/51 31/31/31 50/50/50
f 31/31/31 51/51/51 32/32/32
f 52/52/52 32/32/32 51/51/51
f 32/32/32 52/52/52 33/33/33
f 53/53/53 33/33/33 52/52/52
f 33/33/33 53/53/53 34/34/34
f 54/54/54 34/34/34 53/53/53
f 34/34/34 54/54/54 35/35/35
f 55/55/55 35/35/35 54/54/54
f 35/35/35 55/55/55 36/36/36
f 56/56/56 36/36/36 55/55/55
f 36/36/36 56/56/56 37/37/37
f 57/57/57 37/37/37 56/56/56
f 37/37/37 57/57/57 38/38/38
f 58/58/58 38/38/38 57/57/57
f 38/38/38 58/58/58 39/39/39
f 59/59/59 39/39/39 58/58/58
f 39/39/39 59/59/59 40/40/40
f 60/60/60 40/40/40 59/59/59
f 41/41/41 61/61/61 42/42/42
f 62/62/62 42/42/42 61/61/61
f 42/42/42 62/62/62 43/43/43
f 63/63/63 43/43/43 62/62/62
f 43/43/43 63/63/63 44/44/44
f 64/64/64 44/44/44 63/63/63
f 44/44/44 64/64/64 45/45/45
f 65/65/65 45/45/45 64/64/64
f 45/45/45 65/65/65 46/46/46
f 66/66/66 46/46/46 65/65/65
f 46/46/46 66/66/66 47/47/47
f 67/67/67 47/47/47 66/66/66
f 47/47/47 67/67/67 48/48/48
f 68/68/68 48/48/48 67/67/67
f 48/48/48 68/68/68 49/49/49
f 69/69/69 49/49/49 68/68/68
f 49/49/49 69/69/69 50/50/50
f 70/70/70 50/50/50 69/69/69
f 50/50/50 70/70/70 51/51/51
f 71/71/71 51/51/51 70/70/70
f 51/51/51 71/71/71 52/52/52
f 72/72/72 52/52/52 71/71/71
f 52/52/52 72/72/72 53/53/53
f 73/73/73 53/53/53 72/72/72
f 53/53/53 73/73/73 54/54/54
f 74/74/74 54/54/54 73/73/73
f 54/54/54 74/74/74 55/55/55
f 75/75/75 55/55/55 74/74/74
f 55/55/55 75/75/75 56/56/56
f 76/76/76 56/56/56 75/75/75
f 56/56/56 76/76/76 57/57/57
f 77/77/77 57/57/57 76/76/76
f 57/57/57 77/77/77 58/58/58
f 78/78/78 58/58/58 77/77/77
f 58/58/58 78/78/78 59/59/59
f 79/79/79 59/59/59 78/78/78
f 59/59/59 79/79/79 60/60/60
f 80/80/80 60/60/60 79/79/79
f 61/61/61 81/81/81 62/62/62
f 82/82/82 62/62/62 81/81/81
f 62/62/62 82/82/82 63/63/63
f 83/83/83 63/63/63 82/82/82
f 63/63/63 83/83/83 64/64/64
f 84/84/84 64/64/64 83/83/83
f 64/64/64 84/84/84 65/65/65
f 85/85/85 65/65/65 84/84/84
f 65/65/65 85/85/85 66/66/66
f 86/86/86 66/66/66 85/85/85
f 66/66/66 86/86/86 67/67/67
f 87/87/87 67/67/67 86/86/86
f 67/67/67 87/87/87 68/68/68
f 88/88/88 68/68/68 87/87/87
f 68/68/68 88/88/88 69/69/69
f 89/89/89 69/69/69 88/88/88
f 69/69/69 89/89/89 70/70/70
f 90/90/90 70/70/70 89/89/89
f 70/70/70 90/90/90 71/71/71
f 91/91/91 71/71/71 90/90/90
f 71/71/71 91/91/91 72/72/72
f 92/92/92 72/72/72 91/91/91
f 72/72/72 92/92/92 73/73/73
f 93/93/93 73/73/73 92/92/92
f 73/73/73 93/93/93 74/74/74
f 94/94/94 74/74/74 93/93/93
f 74/74/74 94/94/94 75/75/75
f 95/95/95 75/75/75 94/94/94
f 75/75/75 95/95/95 76/76/76
f 96/96/96 76/76/76 95/95/95
f 76/76/76 96/96/96 77/77/77
f 97/97/97 77/77/77 96/96/96
f 77/77/77 97/97/97 78/78/78
f 98/98/98 78/78/78 97/97/97
f 78/78/78 98/98/98 79/79/79
f 99/99/99 79/79/79 98/98/98
f 79/79/79 99/99/99 80/80/80
f 100/100/100 80/80/80 99/99/99
f 81/81/81 101/101/101 82/82/82
f 102/102/102 82/82/82 101/101/101
f 82/82/82 102/102/102 83/83/83
f 103/103/103 83/83/83 102/102/102
f 83/83/83 103/103/103 84/84/84
f 104/104/104 84/84/84 103/103/103
f 84/84/84 104/104/104 85/85/85
f 105/105/105 85/85/85 104/104/104
f 85/85/85 105/105/105 86/86/86
f 106/106/106 86/86/86 105/105/105
f 86/86/86 106/106/106 87/87/87
f 107/107/107 87/87/87 106/106/106
f 87/87/87 107/107/107 88/88/88
f 108/108/108 88/88/88 107/107/107
f 88/88/88 108/108/108 89/89/89
f 109/109/109 89/89/89 108/108/108
f 89/89/89 109/109/109 90/90/90
f 110/110/110 90/90/90 109/109/109
f 90/90/90 110/110/110 91/91/91
f 111/111/111 91/91/91 110/110/110
f 91/91/91 111/111/111 92/92/92
f 112/112/112 92/92/92 111/111/111
f 92/92/92 112/112/112 93/93/93
f 113/113/113 93/93/93 112/112/112
f 93/93/93 113/113/113 94/94/94
f 114/114/114 94/94/94 113/113/113
f 94/94/94 114/114/114 95/95/95
f 115/115/115 95/95/95 114/114/114
f 95/95/95 115/115/115 96/96/96
f 116/116/116 96/96/96 115/115/115
f 96/96/96 116/116/116 97/97/97
f 117/117/117 97/97/97 116/116/116
f 97/97/97 117/117/117 98/98/98
f 118/118/118 98/98/98 117/117/117
f 98/98/98 118/118/118 99/99/99
f 119/119/119 99/99/99 118/118/118
f 99/99/99 119/119/119 100/100/100
f 120/120/120 100/100/100 119/119/119
f 101/101/101 121/121/121 102/102/102
f 122/122/122 102/102/102 121/121/121
f 102/102/102 122/122/122 103/103/103
f 123/123/123 103/103/103 122/122/122
f 103/103/103 123/123/123 104/104/104
f 124/124/124 104/104/104 123/123/123
f 104/104/104 124/124/124 105/105/105
f 125/125/125 105/105/105 124/124/124
f 105/105/105 125/125/125 106/106/106
f 126/126/126 106/106/106 125/125/125
f 106/106/106 126/126/126 107/107/107
f 127/127/127 107/107/107 126/126/126
f 107/107/107 127/127/127 108/108/108
f 128/128/128 108/108/108 127/127/127
f 108/108/108 128/128/128 109/109/109
f 129/129/129 109/109/109 128/128/128
f 109/109/109 129/129/129 110/110/110
f 130/130/130 110/110/110 129/129/129
f 110/110/110 130/130/130 111/111/111
f 131/131/131 111/111/111 130/130/130
f 111/111/111 131/131/131 112/112/112
f 132/132/132 112/112/112 131/131/131
f 112/112/112 132/132/132 113/113/113
f 133/133/133 113/113/113 132/132/132
f 113/113/113 133/133/133 114/114/114
f 134/134/134 114/114/114 133/133/133
f 114/114/114 134/134/134 115/115/115
f 135/135/135 115/115/115 134/134/134
f 115/115/115 135/135/135 116/116/116
f 136/136/136 116/116/116 135/135/135
f 116/116/116 136/136/136 117/117/117
f 137/137/137 117/117/117 136/136/136
f 117/117/117 137/137/137 118/118/118
f 138/138/138 118/118/118 137/137/137
f 118/118/118 138/138/138 119/119/119
f 139/139/139 119/119/119 138/138/138
f 119/119/119 139/139/139 120/120/120
f 140/140/140 120/120/120 139/139/139
f 121/121/121 141/141/141 122/122/122
f 142/142/142 122/122/122 141/141/141
f 122/122/122 142/142/142 123/123/123
f 143/143/143 123/123/123 142/142/142
f 123/123/123 143/143/143 124/124/124
f 144/144/144 124/124/124 143/143/143
f 124/124/124 144/144/144 125/125/125
f 145/145/145 125/125/125 144/144/144
f 125/125/125 145/145/145 126/126/126
f 146/146/146 126/126/126 145/145/145
f 126/126/126 146/146/146 127/127/127
f 147/147/147 127/127/127 146/146/146
f 127/127/127 147/147/147 128/128/128
f 148/148/148 128/128/128 147/147/147
f 128/128/128 148/148/148 129/129/129
f 149/149/149 129/129/129 148/148/148
f 129/129/129 149/149/149 130/130/130
f 150/150/150 130/130/130 149/149/149
f 130/130/130 150/150/150 131/131/131
f 151/151/151 131/131/131 150/150/150
f 131/131/131 151/151/151 132/132/132
f 152/152/152 132/132/132 151/151/151
f 132/132/132 152/152/152 133/133/133
f 153/153/153 133/133/133 152/152/152
f 133/133/133 153/153/153 134/134/134
f 154/154/154 134/134/134 153/153/153
f 134/134/134 154/154/154 135/135/135
f 155/155/155 135/135/135 154/154/154
f 135/135/135 155/155/155 136/136/136
f 156/156/156 136/136/136 155/155/155
f 136/136/136 156/156/156 137/137/137
f 157/157/157 137/137/137 156/156/156
f 137/137/137 157/157/157 138/138/138
f 158/158/158 138/138/138 157/157/157
f 138/138/138 158/158/158 139/139/139
f 159/159/159 139/139/139 158/158/158
f 139/139/139 159/159/159 140/140/140
f 160/160/160 140/140/140 159/159/159
f 141/141/141 161/161/161 142/142/142
f 162/162/162 142/142/142 161/161/161
f 142/142/142 162/162/162 143/143/143
f 163/163/163 143/143/143 162/162/162
f 143/143/143 163/163/163 144/144/144
f 164/164/164 144/144/144 163/163/163
f 144/144/144 164/164/164 145/145/145
f 165/165/165 145/145/145 164/164/164
f 145/145/145 165/165/165 146/146/146
f 166/166/166 146/146/146 165/165/165
f 146/146/146 166/166/166 147/147/147
f 167/167/167 147/147/147 166/166/166
f 147/147/147 167/167/167 148/148/148
f 168/168/168 148/148/148 167/167/167
f 148/148/148 168/168/168 149/149/149
f 169/169/169 149/149/149 168/168/168
f 149/149/149 169/169/169 150/150/150
f 170/170/170 150/150/150 169/169/169
f 150/150/150 170/170/170 151/151/151
f 171/171/171 151/151/151 170/170/170
f 151/151/151 171/171/171 152/152/152
f 172/172/172 152/152/152 171/171/171
f 152/152/152 172/172/172 153/153/153
f 173/173/173 153/153/153 172/172/172
f 153/153/153 173/173/173 154/154/154
f 174/174/174 154/154/154 173/173/173
f 154/154/154 174/174/174 155/155/155
f 175/175/175 155/155/155 174/174/174
f 155/155/155 175/175/175 156/156/156
f 176/176/176 156/156/156 175/175/175
f 156/156/156 176/176/176 157/157/157
f 177/177/177 157/157/157 176/176/176
f 157/157/157 177/177/177 158/158/158
f 178/178/178 158/158/158 177/177/177
f 158/158/158 178/178/178 159/159/159
f 179/179/179 159/159/159 178/178/178
f 159/159/159 179/179/179 160/160/160
f 180/180/180 160/160/160 179/179/179
f 161/161/161 181/181/181 162/162/162
f 182/182/182 162/162/162 181/181/181
f 162/162/162 182/182/182 163/163/163
f 183/183/183 163/163/163 182/182/182
f 163/163/163 183/183/183 164/164/164
f 184/184/184 164/164/164 183/183/183
f 164/164/164 184/184/184 165/165/165
f 185/185/185 165/165/165 184/184/184
f 165/165/165 185/185/185 166/166/166
f 186/186/186 166/166/166 185/185/185
f 166/166/166 186/186/186 167/167/167
f 187/187/187 167/167/167 186/186/186
f 167/167/167 187/187/187 168/168/168
f 188/188/188 168/168/168 187/187/187
f 168/168/168 188/188/188 169/169/169
f 189/189/189 169/169/169 188/188/188
f 169/169/169 189/189/189 170/170/170
f 190/190/190 170/170/170 189/189/189
f 170/170/170 190/190/190 171/171/171
f 191/191/191 171/171/171 190/190/190
f 171/171/171 191/191/191 172/172/172
f 192/192/192 172/172/172 191/191/191
f 172/172/172 192/192/192 173/173/173
f 193/193/193 173/173/173 192/192/192
f 173/173/173 193/193/193 174/174/174
f 194/194/194 174/174/174 193/193/193
f 174/174/174 194/194/194 175/175/175
f 195/195/195 175/175/175 194/194/194
f 175/175/175 195/195/195 176/176/176
f 196/196/196 176/176/176 195/195/195
f 176/176/176 196/196/196 177/177/177
f 197/197/197 177/177/177 196/196/196
f 177/177/177 197/197/197 178/178/178
f 198/198/198 178/178/178 197/197/197
f 178/178/178 198/198/198 179/179/179
f 199/199/199 179/179/179 198/198/198
f 179/179/179 199/199/199 180/180/180
f 200/200/200 180/180/180 199/199/199
f 181/181/181 201/201/201 182/182/182
f 202/202/202 182/182/182 201/201/201
f 182/182/182 202/202/202 183/183/183
f 203/203/203 183/183/183 202/202/202
f 183/183/183 203/203/203 184/184/184
f 204/204/204 184/184/184 203/203/203
f 184/184/184 204/204/204 185/185/185
f 205/205/205 185/185/185 204/204/204
f 185/185/185 205/205/205 186/186/186
f 206/206/206 186/186/186 205/205/205
f 186/186/186 206/206/206 187/187/187
f 207/207/207 187/187/187 206/206/206
f 187/187/187 207/207/207 188/188/188
f 208/208/208 188/188/188 207/207/207
f 188/188/188 208/208/208 189/189/189
f 209/209/209 189/189/189 208/208/208
f 189/189/189 209/209/209 190/190/190
f 210/210/210 190/190/190 209/209/209
f 190/190/190 210/210/210 191/191/191
f 211/211/211 191/191/191 210/210/210
f 191/191/191 211/211/211 192/192/192
f 212/212/212 192/192/192 211/211/211
f 192/192/192 212/212/212 193/193/193
f 213/213/213 193/193/193 212/212/212
f 193/193/193 213/213/213 194/194/194
f 214/214/214 194/194/194 213/213/213
f 194/194/194 214/214/214 195/195/195
f 215/215/215 195/195/195 214/214/214
f 195/195/195 215/215/215 196/196/196
f 216/216/216 196/196/196 215/215/215
f 196/196/196 216/216/216 197/197/197
f 217/217/217 197/197/197 216/216/216
f 197/197/197 217/217/217 198/198/198
f 218/218/218 198/198/198 217/217/217
f 198/198/198 218/218/218 199/199/199
f 219/219/219 199/199/199 218/218/218
f 199/199/199 219/219/219 200/200/200
f 220/220/220 200/200/200 219/219/219
f 201/201/201 221/221/221 202/202/202
f 222/222/222 202/202/202 221/221/221
f 202/202/202 222/222/222 203/203/203
f 223/223/223 203/203/203 222/222/222
f 203/203/203 223/223/223 204/204/204
f 224/224/224 204/204/204 223/223/223
f 204/204/204 224/224/224 205/205/205
f 225/225/225 205/205/205 224/224/224
f 205/205/205 225/225/225 206/206/206
f 226/226/226 206/206/206 225/225/225
f 206/206/206 226/226/226 207/207/207
f 227/227/227 207/207/207 226/226/226
f 207/207/207 227/227/227 208/208/208
f 228/228/228 208/208/208 227/227/227
f 208/208/208 228/228/228 209/209/209
f 229/229/229 209/209/209 228/228/228
f 209/209/209 229/229/229 210/210/210
f 230/230/230 210/210/210 229/229/229
f 210/210/210 230/230/230 211/211/211
f 231/231/231 211/211/211 230/230/230
f 211/211/211 231/231/231 212/212/212
f 232/232/232 212/212/212 231/231/231
f 212/212/212 232/232/232 213/213/213
f 233/233/233 213/213/213 232/232/232
f 213/213/213 233/233/233 214/214/214
f 234/234/234 214/214/214 233/233/233
f 214/214/214 234/234/234 215/215/215
f 235/235/235 215/215/215 234/234/234
f 215/215/215 235/235/235 216/216/216
f 236/236/236 216/216/216 235/235/235
f 216/216/216 236/236/236 217/217/217
f 237/237/237 217/217/217 236/236/236
f 217/217/217 237/237/237 218/218/218
f 238/238/238 218/218/218 237/237/237
f 218/218/218 238/238/238 219/219/219
f 239/239/239 219/219/219 238/238/238
f 219/219/219 239/239/239 220/220/220
f 240/240/240 220/220/220 239/239/239
f 221/221/221 241/241/241 222/222/222
f 242/242/242 222/222/222 241/241/241
f 222/222/222 242/242/242 223/223/223
f 243/243/243 223/223/223 242/242/242
f 223/223/223 243/243/243 224/224/224
f 244/244/244 224/224/224 243/243/243
f 224/224/224 244/244/244 225/225/225
f 245/245/245 225/225/225 244/244/244
f 225/225/225 245/245/245 226/226/226
f 246/246/246 226/226/226 245/245/245
f 226/226/226 246/246/246 227/227/227
f 247/247/247 227/227/227 246/246/246
f 227/227/227 247/247/247 228/228/228
f 248/248/248 228/228/228 247/247/247
f 228/228/228 248/248/248 229/229/229
f 249/249/249 229/229/229 248/248/248
f 229/229/229 249/249/249 230/230/230
f 250/250/250 230/230/230 249/249/249
f 230/230/230 250/250/250 231/231/231
f 251/251/251 231/231/231 250/250/250
f 231/231/231 251/251/251 232/232/232
f 252/252/252 232/232/232 251/251/251
f 232/232/232 252/252/252 233/233/233
f 253/253/253 233/233/233 252/252/252
f 233/233/233 253/253/253 234/234/234
f 254/254/254 234/234/234 253/253/253
f 234/234/234 254/254/254 235/235/235
f 255/255/255 235/235/235 254/254/254
f 235/235/235 255/255/255 236/236/236
f 256/256/256 236/236/236 255/255/255
f 236/236/236 256/256/256 237/237/237
f 257/257/257 237/237/237 256/256/256
f 237/237/237 257/257/257 238/238/238
f 258/258/258 238/238/238 257/257/257
f 238/238/238 258/258/258 239/239/239
f 259/259/259 239/239/239 258/258/258
f 239/239/239 259/259/259 240/240/240
f 260/260/260 240/240/240 259/259/259
f 241/241/241 261/261/261 242/242/242
f 262/262/262 242/242/242 261/261/261
f 242/242/242 262/262/262 243/243/243
f 263/263/263 243/243/243 262/262/262
f 243/243/243 263/263/263 244/244/244
f 264/264/264 244/244/244 263/263/263
f 244/244/244 264/264/264 245/245/245
f 265/265/265 245/245/245 264/264/264
f 245/245/245 265/265/265 246/246/246
f 266/266/266 246/246/246 265/265/265
f 246/246/246 266/266/266 247/247/247
f 267/267/267 247/247/247 266/266/266
f 247/247/247 267/267/267 248/248/248
f 268/268/268 248/248/248 267/267/267
f 248/248/248 268/268/268 249/249/249
f 269/269/269 249/249/249 268/268/268
f 249/249/249 269/269/269 250/250/250
f 270/270/270 250/250/250 269/269/269
f 250/250/250 270/270/270 251/251/251
f 271/271/271 251/251/251 270/270/270
f 251/251/251 271/271/271 252/252/252
f 272/272/272 252/252/252 271/271/271
f 252/252/252 272/272/272 253/253/253
f 273/273/273 253/253/253 272/272/272
f 253/253/253 273/273/273 254/254/254
f 274/274/274 254/254/254 273/273/273
f 254/254/254 274/274/274 255/255/255
f 275/275/275 255/255/255 274/274/274
f 255/255/255 275/275/275 256/256/256
f 276/276/276 256/256/256 275/275/275
f 256/256/256 276/276/276 257/257/257
f 277/277/277 257/257/257 276/276/276
f 257/257/257 277/277/277 258/258/258
f 278/278/278 258/258/258 277/277/277
f 258/258/258 278/278/278 259/259/259
f 279/279/279 259/259/259 278/278/278
f 259/259/259 279/279/279 260/260/260
f 280/280/280 260/260/260 279/279/279
f 261/261/261 281/281/281 262/262/262
f 282/282/282 262/262/262 281/281/281
f 262/262/262 282/282/282 263/263/263
f 283/283/283 263/263/263 282/282/282
f 263/263/263 283/283/283 264/264/264
f 284/284/284 264/264/264 283/283/283
f 264/264/264 284/284/284 265/265/265
f 285/285/285 265/265/265 284/284/284
f 265/265/265 285/285/285 266/266/266
f 286/286/286 266/266/266 285/285/285
f 266/266/266 286/286/286 267/267/267
f 287/287/287 267/267/267 286/286/286
f 267/267/267 287/287/287 268/268/268
f 288/288/288 268/268/268 287/287/287
f 268/268/268 288/288/288 269/269/269
f 289/289/289 269/269/269 288/288/288
f 269/269/269 289/289/289 270/270/270
f 290/290/290 270/270/270 289/289/289
f 270/270/270 290/290/290 271/271/271
f 291/291/291 271/271/271 290/290/290
f 271/271/271 291/291/291 272/272/272
f 292/292/292 272/272/272 291/291/291
f 272/272/272 292/292/292 273/273/273
f 293/293/293 273/273/273 292/292/292
f 273/273/273 293/293/293 274/274/274
f 294/294/294 274/274/274 293/293/293
f 274/274/274 294/294/294 275/275/275
f 295/295/295 275/275/275 294/294/294
f 275/275/275 295/295/295 276/276/276
f 296/296/296 276/276/276 295/295/295
f 276/276/276 296/296/296 277/277/277
f 297/297/297 277/277/277 296/296/296
f 277/277/277 297/297/297 278/278/278
f 298/298/298 278/278/278 297/297/297
f 278/278/278 298/298/298 279/279/279
f 299/299/299 279/279/279 298/298/298
f 279/279/279 299/299/299 280/280/280
f 300/300/300 280/280/280 299/299/299
f 281/281/281 301/301/301 282/282/282
f 302/302/302 282/282/282 301/301/301
f 282/282/282 302/302/302 283/283/283
f 303/303/303 283/283/283 302/302/302
f 283/283/283 303/303/303 284/284/284
f 304/304/304 284/284/284 303/303/303
f 284/284/284 304/304/304 285/285/285
f 305/305/305 285/285/285 304/304/304
f 285/285/285 305/305/305 286/286/286
f 306/306/306 286/286/286 305/305/305
f 286/286/286 306/306/306 287/287/287
f 307/307/307 287/287/287 306/306/306
f 287/287/287 307/307/307 288/288/288
f 308/308/308 288/288/288 307/307/307
f 288/288/288 308/308/308 289/289/289
f 309/309/309 289/289/289 308/308/308
f 289/289/289 309/309/309 290/290/290
f 310/310/310 290/290/290 309/309/309
f 290/290/290 310/310/310 291/291/291
f 311/311/311 291/291/291 310/310/310
f 291/291/291 311/311/311 292/292/292
f 312/312/312 292/292/292 311/311/311
f 292/292/292 312/312/312 293/293/293
f 313/313/313 293/293/293 312/312/312
f 293/293/293 313/313/313 294/294/294
f 314/314/314 294/294/294 313/313/313
f 294/294/294 314/314/314 295/295/295
f 315/315/315 295/295/295 314/314/314
f 295/295/295 315/315/315 296/296/296
f 316/316/316 296/296/296 315/315/315
f 296/296/296 316/316/316 297/297/297
f 317/317/317 297/297/297 316/316/316
f 297/297/297 317/317/317 298/298/298
f 318/318/318 298/298/298 317/317/317
f 298/298/298 318/318/318 299/299/299
f 319/319/319 299/299/299 318/318/318
f 299/299/299 319/319/319 300/300/300
f 320/320/320 300/300/300 319/319/319
f 301/301/301 321/321/321 302/302/302
f 322/322/322 302/302/302 321/321/321
f 302/302/302 322/322/322 303/303/303
f 323/323/323 303/303/303 322/322/322
f 303/303/303 323/323/323 304/304/304
f 324/324/324 304/304/304 323/323/323
f 304/304/304 324/324/324 305/305/305
f 325/325/325 305/305/305 324/324/324
f 305/305/305 325/325/325 306/306/306
f 326/326/326 306/306/306 325/325/325
f 306/306/306 326/326/326 307/307/307
f 327/327/327 307/307/307 326/326/326
f 307/307/307 327/327/327 308/308/308
f 328/328/328 308/308/308 327/327/327
f 308/308/308 328/328/328 309/309/309
f 329/329/329 309/309/309 328/328/328
f 309/309/309 329/329/329 310/310/310
f 330/330/330 310/310/310 329/329/329
f 310/310/310 330/330/330 311/311/311
f 331/331/331 311/311/311 330/330/330
f 311/311/311 331/331/331 312/312/312
f 332/332/332 312/312/312 331/331/331
f 312/312/312 332/332/332 313/313/313
f 333/333/333 313/313/313 332/332/332
f 313/313/313 333/333/333 314/314/314
f 334/334/334 314/314/314 333/333/333
f 314/314/314 334/334/334 315/315/315
f 335/335/335 315/315/315 334/334/334
f 315/315/315 335/335/335 316/316/316
f 336/336/336 316/316/316 335/335/335
f 316/316/316 336/336/336 317/317/317
f 337/337/337 317/317/317 336/336/336
f 317/317/317 337/337/337 318/318/318
f 338/338/338 318/318/318 337/337/337
f 318/318/318 338/338/338 319/319/319
f 339/339/339 319/319/319 338/338/338
f 319/319/319 339/339/339 320/320/320
f 340/340/340 320/320/320 339/339/339
f 321/321/321 341/341/341 322/322/322
f 342/342/342 322/322/322 341/341/341
f 322/322/322 342/342/342 323/323/323
f 343/343/343 323/323/323 342/342/342
f 323/323/323 343/343/343 324/324/324
f 344/344/344 324/324/324 343/343/343
f 324/324/324 344/344/344 325/325/325
f 345/345/345 325/325/325 344/344/344
f 325/325/325 345/345/345 326/326/326
f 346/346/346 326/326/326 345/345/345
f 326/326/326 346/346/346 327/327/327
f 347/347/347 327/327/327 346/346/346
f 327/327/327 347/347/347 328/328/328
f 348/348/348 328/328/328 347/347/347
f 328/328/328 348/348/348 329/329/329
f 349/349/349 329/329/329 348/348/348
f 329/329/329 349/349/349 330/330/330
f 350/350/350 330/330/330 349/349/349
f 330/330/330 350/350/350 331/331/331
f 351/351/351 331/331/331 350/350/350
f 331/331/331 351/351/351 332/332/332
f 352/352/352 332/332/332 351/351/351
f 332/332/332 352/352/352 333/333/333
f 353/353/353 333/333/333 352/352/352
f 333/333/333 353/353/353 334/334/334
f 354/354/354 334/334/334 353/353/353
f 334/334/334 354/354/354 335/335/335
f 355/355/355 335/335/335 354/354/354
f 335/335/335 355/355/355 336/336/336
f 356/356/356 336/336/336 355/355/355
f 336/336/336 356/356/356 337/337/337
f 357/357/357 337/337/337 356/356/356
f 337/337/337 357/357/357 338/338/338
f 358/358/358 338/338/338 357/357/357
f 338/338/338 358/358/358 339/339/339
f 359/359/359 339/339/339 358/358/358
f 339/339/339 359/359/359 340/340/340
f 360/360/360 340/340/340 359/359/359
f 341/341/341 361/361/361 342/342/342
f 362/362/362 342/342/342 361/361/361
f 342/342/342 362/362/362 343/343/343
f 363/363/363 343/343/343 362/362/362
f 343/343/343 363/363/363 344/344/344
f 364/364/364 344/344/344 363/363/363
f 344/344/344 364/364/364 345/345/345
f 365/365/365 345/345/345 364/364/364
f 345/345/345 365/365/365 346/346/346
f 366/366/366 346/346/346 365/365/365
f 346/346/346 366/366/366 347/347/347
f 367/367/367 347/347/347 366/366/366
f 347/347/347 367/367/367 348/348/348
f 368/368/368 348/348/348 367/367/367
f 348/348/348 368/368/368 349/349/349
f 369/369/369 349/349/349 368/368/368
f 349/349/349 369/369/369 350/350/350
f 370/370/370 350/350/350 369/369/369
f 350/350/350 370/370/370 351/351/351
f 371/371/371 351/351/351 370/370/370
f 351/351/351 371/371/371 352/352/352
f 372/372/372 352/352/352 371/371/371
f 352/352/352 372/372/372 353/353/353
f 373/373/373 353/353/353 372/372/372
f 353/353/353 373/373/373 354/354/354
f 374/374/374 354/354/354 373/373/373
f 354/354/354 374/374/374 355/355/355
f 375/375/375 355/355/355 374/374/374
f 355/355/355 375/375/375 356/356/356
f 376/376/376 356/356/356 375/375/375
f 356/356/356 376/376/376 357/357/357
f 377/377/377 357/357/357 376/376/376
f 357/357/357 377/377/377 358/358/358
f 378/378/378 358/358/358 377/377/377
f 358/358/358 378/378/378 359/359/359
f 379/379/379 359/359/359 378/378/378
f 359/359/359 379/379/379 360/360/360
f 380/380/380 360/360/360 379/379/379
f 361/361/361 381/381/381 362/362/362
f 382/382/382 362/362/362 381/381/381
f 362/362/362 382/382/382 363/363/363
f 383/383/383 363/363/363 382/382/382
f 363/363/363 383/383/383 364/364/364
f 384/384/384 364/364/364 383/383/383
f 364/364/364 384/384/384 365/365/365
f 385/385/385 365/365/365 384/384/384
f 365/365/365 385/385/385 366/366/366
f 386/386/386 366/366/366 385/385/385
f 366/366/366 386/386/386 367/367/367
f 387/387/387 367/367/367 386/386/386
f 367/367/367 387/387/387 368/368/368
f 388/388/388 368/368/368 387/387/387
f 368/368/368 388/388/388 369/369/369
f 389/389/389 369/369/369 388/388/388
f 369/369/369 389/389/389 370/370/370
f 390/390/390 370/370/370 389/389/389
f 370/370/370 390/390/390 371/371/371
f 391/391/391 371/371/371 390/390/390
f 371/371/371 391/391/391 372/372/372
f 392/392/392 372/372/372 391/391/391
f 372/372/372 392/392/392 373/373/373
f 393/393/393 373/373/373 392/392/392
f 373/373/373 393/393/393 374/374/374
f 394/394/394 374/374/374 393/393/393
f 374/374/374 394/394/394 375/375/375
f 395/395/395 375/375/375 394/394/394
f 375/375/375 395/395/395 376/376/376
f 396/396/396 376/376/376 395/395/395
f 376/376/376 396/396/396 377/377/377
f 397/397/397 377/377/377 396/396/396
f 377/377/377 397/397/397 378/378/378
f 398/398/398 378/378/378 397/397/397
f 378/378/378 398/398/398 379/379/379
f 399/399/399 379/379/379 398/398/398
f 379/379/379 399/399/399 380/380/380
f 400/400/400 380/380/380 399/399/399
f 381/381/381 401/401/401 382/382/382
f 402/402/402 382/382/382 401/401/401
f 382/382/382 402/402/402 383/383/383
f 403/403/403 383/383/383 402/402/402
f 383/383/383 403/403/403 384/384/384
f 404/404/404 384/384/384 403/403/403
f 384/384/384 404/404/404 385/385/385
f 405/405/405 385/385/385 404/404/404
f 385/385/385 405/405/405 386/386/386
f 406/406/406 386/386/386 405/405/405
f 386/386/386 406/406/406 387/387/387
f 407/407/407 387/387/387 406/406/406
f 387/387/387 407/407/407 388/388/388
f 408/408/408 388/388/388 407/407/407
f 388/388/388 408/408/408 389/389/389
f 409/409/409 389/389/389 408/408/408
f 389/389/389 409/409/409 390/390/390
f 410/410/410 390/390/390 409/409/409
f 390/390/390 410/410/410 391/391/391
f 411/411/411 391/391/391 410/410/410
f 391/391/391 411/411/411 392/392/392
f 412/412/412 392/392/392 411/411/411
f 392/392/392 412/412/412 393/393/393
f 413/413/413 393/393/393 412/412/412
f 393/393/393 413/413/413 394/394/394
f 414/414/414 394/394/394 413/413/413
f 394/394/394 414/414/414 395/395/395
f 415/415/415 395/395/395 414/414/414
f 395/395/395 415/415/415 396/396/396
f 416/416/416 396/396/396 415/415/415
f 396/396/396 416/416/416 397/397/397
f 417/417/417 397/397/397 416/416/416
f 397/397/397 417/417/417 398/398/398
f 418/418/418 398/398/398 417/417/417
f 398/398/398 418/418/418 399/399/399
f 419/419/419 399/399/399 418/418/418
f 399/399/399 419/419/419 400/400/400
f 420/420/420 400/400/400 419/419/419
f 401/401/401 421/421/421 402/402/402
f 422/422/422 402/402/402 421/421/421
f 402/402/402 422/422/422 403/403/403
f 423/423/423 403/403/403 422/422/422
f 403/403/403 423/423/423 404/404/404
f 424/424/424 404/404/404 423/423/423
f 404/404/404 424/424/424 405/405/405
f 425/425/425 405/405/405 424/424/424
f 405/405/405 425/425/425 406/406/406
f 426/426/426 406/406/406 425/425/425
f 406/406/406 426/426/426 407/407/407
f 427/427/427 407/407/407 426/426/426
f 407/407/407 427/427/427 408/408/408
f 428/428/428 408/408/408 427/427/427
f 408/408/408 428/428/428 409/409/409
f 429/429/429 409/409/409 428/428/428
f 409/409/409 429/429/429 410/410/410
f 430/430/430 410/410/410 429/429/429
f 410/410/410 430/430/430 411/411/411
f 431/431/431 411/411/411 430/430/430
f 411/411/411 431/431/431 412/412/412
f 432/432/432 412/412/412 431/431/431
f 412/412/412 432/432/432 413/413/413
f 433/433/433 413/413/413 432/432/432
f 413/413/413 433/433/433 414/414/414
f 434/434/434 414/414/414 433/433/433
f 414/414/414 434/434/434 415/415/415
f 435/435/435 415/415/415 434/434/434
f 415/415/415 435/435/435 416/416/416
f 436/436/436 416/416/416 435/435/435
f 416/416/416 436/436/436 417/417/417
f 437/437/437 417/417/417 436/436/436
f 417/417/417 437/437/437 418/418/418
f 438/438/438 418/418/418 437/437/437
f 418/418/418 438/438/438 419/419/419
f 439/439/439 419/419/419 438/438/438
f 419/419/419 439/439/439 420/420/420
f 440/440/440 420/420/420 439/439/439
f 421/421/421 441/441/441 422/422/422
f 442/442/442 422/422/422 441/441/441
f 422/422/422 442/442/442 423/423/423
f 443/443/443 423/423/423 442/442/442
f 423/423/423 443/443/443 424/424/424
f 444/444/444 424/424/424 443/443/443
f 424/424/424 444/444/444 425/425/425
f 445/445/445 425/425/425 444/444/444
f 425/425/425 445/445/445 426/426/426
f 446/446/446 426/426/426 445/445/445
f 426/426/426 446/446/446 427/427/427
f 447/447/447 427/427/427 446/446/446
f 427/427/427 447/447/447 428/428/428
f 448/448/448 428/428/428 447/447/447
f 428/428/428 448/448/448 429/429/429
f 449/449/449 429/429/429 448/448/448
f 429/429/429 449/449/449 430/430/430
f 450/450/450 430/430/430 449/449/449
f 430/430/430 450/450/450 431/431/431
f 451/451/451 431/431/431 450/450/450
f 431/431/431 451/451/451 432/432/432
f 452/452/452 432/432/432 451/451/451
f 432/432/432 452/452/452 433/433/433
f 453/453/453 433/433/433 452/452/452
f 433/433/433 453/453/453 434/434/434
f 454/454/454 434/434/434 453/453/453
f 434/434/434 454/454/454 435/435/435
f 455/455/455 435/435/435 454/454/454
f 435/435/435 455/455/455 436/436/436
f 456/456/456 436/436/436 455/455/455
f 436/436/436 456/456/456 437/437/437
f 457/457/457 437/437/437 456/456/456
f 437/437/437 457/457/457 438/438/438
f 458/458/458 438/438/438 457/457/457
f 438/438/438 458/458/458 439/439/439
f 459/459/459 439/439/439 458/458/458
f 439/439/439 459/459/459 440/440/440
f 460/460/460 440/440/440 459/459/459
f 441/441/441 461/461/461 442/442/442
f 462/462/462 442/442/442 461/461/461
f 442/442/442 462/462/462 443/443/443
f 463/463/463 443/443/443 462/462/462
f 443/443/443 463/463/463 444/444/444
f 464/464/464 444/444/444 463/463/463
f 444/444/444 464/464/464 445/445/445
f 465/465/465 445/445/445 464/464/464
f 445/445/445 465/465/465 446/446/446
f 466/466/466 446/446/446 465/465/465
f 446/446/446 466/466/466 447/447/447
f 467/467/467 447/447/447 466/466/466
f 447/447/447 467/467/467 448/448/448
f 468/468/468 448/448/448 467/467/467
f 448/448/448 468/468/468 449/449/449
f 469/469/469 449/449/449 468/468/468
f 449/449/449 469/469/469 450/450/450
f 470/470/470 450/450/450 469/469/469
f 450/450/450 470/470/470 451/451/451
f 471/471/471 451/451/451 470/470/470
f 451/451/451 471/471/471 452/452/452
f 472/472/472 452/452/452 471/471/471
f 452/452/452 472/472/472 453/453/453
f 473/473/473 453/453/453 472/472/472
f 453/453/453 473/473/473 454/454/454
f 474/474/474 454/454/454 473/473/473
f 454/454/454 474/474/474 455/455/455
f 475/475/475 455/455/455 474/474/474
f 455/455/455 475/475/475 456/456/456
f 476/476/476 456/456/456 475/475/475
f 456/456/456 476/476/476 457/457/457
f 477/477/477 457/457/457 476/476/476
f 457/457/457 477/477/477 458/458/458
f 478/478/478 458/458/458 477/477/477
f 458/458/458 478/478/478 459/459/459
f 479/479/479 459/459/459 478/478/478
f 459/459/459 479/479/479 460/460/460
f 480/480/480 460/460/460 479/479/479
f 461/461/461 481/481/481 462/462/462
f 482/482/482 462/462/462 481/481/481
f 462/462/462 482/482/482 463/463/463
f 483/483/483 463/463/463 482/482/482
f 463/463/463 483/483/483 464/464/464
f 484/484/484 464/464/464 483/483/483
f 464/464/464 484/484/484 465/465/465
f 485/485/485 465/465/465 484/484/484
f 465/465/465 485/485/485 466/466/466
f 486/486/486 466/466/466 485/485/485
f 466/466/466 486/486/486 467/467/467
f 487/487/487 467/467/467 486/486/486
f 467/467/467 487/487/487 468/468/468
f 488/488/488 468/468/468 487/487/487
f 468/468/468 488/488/488 469/469/469
f 489/489/489 469/469/469 488/488/488
f 469/469/469 489/489/489 470/470/470
f 490/490/490 470/470/470 489/489/489
f 470/470/470 490/490/490 471/471/471
f 491/491/491 471/471/471 490/490/490
f 471/471/471 491/491/491 472/472/472
f 492/492/492 472/472/472 491/491/491
f 472/472/472 492/492/492 473/473/473
f 493/493/493 473/473/473 492/492/492
f 473/473/473 493/493/493 474/474/474
f 494/494/494 474/474/474 493/493/493
f 474/474/474 494/494/494 475/475/475
f 495/495/495 475/475/475 494/494/494
f 475/475/475 495/495/495 476/476/476
f 496/496/496 476/476/476 495/495/495
f 476/476/476 496/496/496 477/477/477
f 497/497/497 477/477/477 496/496/496
f 477/477/477 497/497/497 478/478/478
f 498/498/498 478/478/478 497/497/497
f 478/478/478 498/498/498 479/479/479
f 499/499/499 479/479/479 498/498/498
f 479/479/479 499/499/499 480/480/480
f 500/500/500 480/480/480 499/499/499
f 481/481/481 501/501/501 482/482/482
f 502/502/502 482/482/482 501/501/501
f 482/482/482 502/502/502 483/483/483
f 503/503/503 483/483/483 502/502/502
f 483/483/483 503/503/503 484/484/484
f 504/504/504 484/484/484 503/503/503
f 484/484/484 504/504/504 485/485/485
f 505/505/505 485/485/485 504/504/504
f 485/485/485 505/505/505 486/486/486
f 506/506/506 486/486/486 505/505/505
f 486/486/486 506/506/506 487/487/487
f 507/507/507 487/487/487 506/506/506
f 487/487/487 507/507/507 488/488/488
f 508/508/508 488/488/488 507/507/507
f 488/488/488 508/508/508 489/489/489
f 509/509/509 489/489/489 508/508/508
f 489/489/489 509/509/509 490/490/490
f 510/510/510 490/490/490 509/509/509
f 490/490/490 510/510/510 491/491/491
f 511/511/511 491/491/491 510/510/510
f 491/491/491 511/511/511 492/492/492
f 512/512/512 492/492/492 511/511/511
f 492/492/492 512/512/512 493/493/493
f 513/513/513 493/493/493 512/512/512
f 493/493/493 513/513/513 494/494/494
f 514/514/514 494/494/494 513/513/513
f 494/494/494 514/514/514 495/495/495
f 515/515/515 495/495/495 514/514/514
f 495/495/495 515/515/515 496/496/496
f 516/516/516 496/496/496 515/515/515
f 496/496/496 516/516/516 497/497/497
f 517/517/517 497/497/497 516/516/516
f 497/497/497 517/517/517 498/498/498
f 518/518/518 498/498/498 517/517/517
f 498/498/498 518/518/518 499/499/499
f 519/519/519 499/499/499 518/518/518
f 499/499/499 519/519/519 500/500/500
f 520/520/520 500/500/500 519/519/519
f 501/501/501 521/521/521 502/502/502
f 522/522/522 502/502/502 521/521/521
f 502/502/502 522/522/522 503/503/503
f 523/523/523 503/503/503 522/522/522
f 503/503/503 523/523/523 504/504/504
f 524/524/524 504/504/504 523/523/523
f 504/504/504 524/524/524 505/505/505
f 525/525/525 505/505/505 524/524/524
f 505/505/505 525/525/525 506/506/506
f 526/526/526 506/506/506 525/525/525
f 506/506/506 526/526/526 507/507/507
f 527/527/527 507/507/507 526/526/526
f 507/507/507 527/527/527 508/508/508
f 528/528/528 508/508/508 527/527/527
f 508/508/508 528/528/528 509/509/509
f 529/529/529 509/509/509 528/528/528
f 509/509/509 529/529/529 510/510/510
f 530/530/530 510/510/510 529/529/529
f 510/510/510 530/530/530 511/511/511
f 531/531/531 511/511/511 530/530/530
f 511/511/511 531/531/531 512/512/512
f 532/532/532 512/512/512 531/531/531
f 512/512/512 532/532/532 513/513/513
f 533/533/533 513/513/513 532/532/532
f 513/513/513 533/533/533 514/514/514
f 534/534/534 514/514/514 533/533/533
f 514/514/514 534/534/534 515/515/515
f 535/535/535 515/515/515 534/534/534
f 515/515/515 535/535/535 516/516/516
f 536/536/536 516/516/516 535/535/535
f 516/516/516 536/536/536 517/517/517
f 537/537/537 517/517/517 536/536/536
f 517/517/517 537/537/537 518/518/518
f 538/538/538 518/518/518 537/537/537
f 518/518/518 538/538/538 519/519/519
f 539/539/539 519/519/519 538/538/538
f 519/519/519 539/539/539 520/520/520
f 540/540/540 520/520/520 539/539/539
f 521/521/521 541/541/541 522/522/522
f 542/542/542 522/522/522 541/541/541
f 522/522/522 542/542/542 523/523/523
f 543/543/543 523/523/523 542/542/542
f 523/523/523 543/543/543 524/524/524
f 544/544/544 524/524/524 543/543/543
f 524/524/524 544/544/544 525/525/525
f 545/545/545 525/525/525 544/544/544
f 525/525/525 545/545/545 526/526/526
f 546/546/546 526/526/526 545/545/545
f 526/526/526 546/546/546 527/527/527
f 547/547/547 527/527/527 546/546/546
f 527/527/527 547/547/547 528/528/528
f 548/548/548 528/528/528 547/547/547
f 528/528/528 548/548/548 529/529/529
f 549/549/549 529/529/529 548/548/548
f 529/529/529 549/549/549 530/530/530
f 550/550/550 530/530/530 549/549/549
f 530/530/530 550/550/550 531/531/531
f 551/551/551 531/531/531 550/550/550
f 531/531/531 551/551/551 532/532/532
f 552/552/552 532/532/532 551/551/551
f 532/532/532 552/552/552 533/533/533
f 553/553/553 533/533/533 552/552/552
f 533/533/533 553/553/553 534/534/534
f 554/554/554 534/534/534 553/553/553
f 534/534/534 554/554/554 535/535/535
f 555/555/555 535/535/535 554/554/554
f 535/535/535 555/555/555 536/536/536
f 556/556/556 536/536/536 555/555/555
f 536/536/536 556/556/556 537/537/537
f 557/557/557 537/537/537 556/556/556
f 537/537/537 557/557/557 538/538/538
f 558/558/558 538/538/538 557/557/557
f 538/538/538 558/558/558 539/539/539
f 559/559/559 539/539/539 558/558/558
f 539/539/539 559/559/559 540/540/540
f 560/560/560 540/540/540 559/559/559
f 541/541/541 561/561/561 542/542/542
f 562/562/562 542/542/542 561/561/561
f 542/542/542 562/562/562 543/543/543
f 563/563/563 543/543/543 562/562/562
f 543/543/543 563/563/563 544/544/544
f 564/564/564 544/544/544 563/563/563
f 544/544/544 564/564/564 545/545/545
f 565/565/565 545/545/545 564/564/564
f 545/545/545 565/565/565 546/546/546
f 566/566/566 546/546/546 565/565/565
f 546/546/546 566/566/566 547/547/547
f 567/567/567 547/547/547 566/566/566
f 547/547/547 567/567/567 548/548/548
f 568/568/568 548/548/548 567/567/567
f 548/548/548 568/568/568 549/549/549
f 569/569/569 549/549/549 568/568/568
f 549/549/549 569/569/569 550/550/550
f 570/570/570 550/550/550 569/569/569
f 550/550/550 570/570/570 551/551/551
f 571/571/571 551/551/551 570/570/570
f 551/551/551 571/571/571 552/552/552
f 572/572/572 552/552/552 571/571/571
f 552/552/552 572/572/572 553/553/553
f 573/573/573 553/553/553 572/572/572
f 553/553/553 573/573/573 554/554/554
f 574/574/574 554/554/554 573/573/573
f 554/554/554 574/574/574 555/555/555
f 575/575/575 555/555/555 574/574/574
f 555/555/555 575/575/575 556/556/556
f 576/576/576 556/556/556 575/575/575
f 556/556/556 576/576/576 557/557/557
f 577/577/577 557/557/557 576/576/576
f 557/557/557 577/577/577 558/558/558
f 578/578/578 558/558/558 577/577/577
f 558/558/558 578/578/578 559/559/559
f 579/579/579 559/559/559 578/578/578
f 559/559/559 579/579/579 560/560/560
f 580/580/580 560/560/560 579/579/579
f 561/561/561 581/581/581 562/562/562
f 582/582/582 562/562/562 581/581/581
f 562/562/562 582/582/582 563/563/563
f 583/583/583 563/563/563 582/582/582
f 563/563/563 583/583/583 564/564/564
f 584/584/584 564/564/564 583/583/583
f 564/564/564 584/584/584 565/565/565
f 585/585/585 565/565/565 584/584/584
f 565/565/565 585/585/585 566/566/566
f 586/586/586 566/566/566 585/585/585
f 566/566/566 586/586/586 567/567/567
f 587/587/587 567/567/567 586/586/586
f 567/567/567 587/587/587 568/568/568
f 588/588/588 568/568/568 587/587/587
f 568/568/568 588/588/588 569/569/569
f 589/589/589 569/569/569 588/588/588
f 569/569/569 589/589/589 570/570/570
f 590/590/590 570/570/570 589/589/589
f 570/570/570 590/590/590 571/571/571
f 591/591/591 571/571/571 590/590/590
f 571/571/571 591/591/591 572/572/572
f 592/592/592 572/572/572 591/591/591
f 572/572/572 592/592/592 573/573/573
f 593/593/593 573/573/573 592/592/592
f 573/573/573 593/593/593 574/574/574
f 594/594/594 574/574/574 593/593/593
f 574/574/574 594/594/594 575/575/575
f 595/595/595 575/575/575 594/594/594
f 575/575/575 595/595/595 576/576/576
f 596/596/596 576/576/576 595/595/595
f 576/576/576 596/596/596 577/577/577
f 597/597/597 577/577/577 596/596/596
f 577/577/577 597/597/597 578/578/578
f 598/598/598 578/578/578 597/597/597
f 578/578/578 598/598/598 579/579/579
f 599/599/599 579/579/579 598/598/598
f 579/579/579 599/599/599 580/580/580
f 600/600/600 580/580/580 599/599/599
f 581/581/581 601/601/601 582/582/582
f 602/602/602 582/582/582 601/601/601
f 582/582/582 602/602/602 583/583/583
f 603/603/603 583/583/583 602/602/602
f 583/583/583 603/603/603 584/584/584
f 604/604/604 584/584/584 603/603/603
f 584/584/584 604/604/604 585/585/585
f 605/605/605 585/585/585 604/604/604
f 585/585/585 605/605/605 586/586/586
f 606/606/606 586/586/586 605/605/605
f 586/586/586 606/606/606 587/587/587
f 607/607/607 587/587/587 606/606/606
f 587/587/587 607/607/607 588/588/588
f 608/608/608 588/588/588 607/607/607
f 588/588/588 608/608/608 589/589/589
f 609/609/609 589/589/589 608/608/608
f 589/589/589 609/609/609 590/590/590
f 610/610/610 590/590/590 609/609/609
f 590/590/590 610/610/610 591/591/591
f 611/611/611 591/591/591 610/610/610
f 591/591/591 611/611/611 592/592/592
f 612/612/612 592/592/592 611/611/611
f 592/592/592 612/612/612 593/593/593
f 613/613/613 593/593/593 612/612/612
f 593/593/593 613/613/613 594/594/594
f 614/614/614 594/594/594 613/613/613
f 594/594/594 614/614/614 595/595/595
f 615/615/615 595/595/595 614/614/614
f 595/595/595 615/615/615 596/596/596
f 616/616/616 596/596/596 615/615/615
f 596/596/596 616/616/616 597/597/597
f 617/617/617 597/597/597 616/616/616
f 597/597/597 617/617/617 598/598/598
f 618/618/618 598/598/598 617/617/617
f 598/598/598 618/618/618 599/599/599
f 619/619/619 599/599/599 618/618/618
f 599/599/599 619/619/619 600/600/600
f 620/620/620 600/600/600 619/619/619
f 601/601/601 621/621/621 602/602/602
f 622/622/622 602/602/602 621/621/621
f 602/602/602 622/622/622 603/603/603
f 623/623/623 603/603/603 622/622/622
f 603/603/603 623/623/623 604/604/604
f 624/624/624 604/604/604 623/623/623
f 604/604/604 624/624/624 605/605/605
f 625/625/625 605/605/605 624/624/624
f 605/605/605 625/625/625 606/606/606
f 626/626/626 606/606/606 625/625/625
f 606/606/606 626/626/626 607/607/607
f 627/627/627 607/607/607 626/626/626
f 607/607/607 627/627/627 608/608/608
f 628/628/628 608/608/608 627/627/627
f 608/608/608 628/628/628 609/609/609
f 629/629/629 609/609/609 628/628/628
f 609/609/609 629/629/629 610/610/610
f 630/630/630 610/610/610 629/629/629
f 610/610/610 630/630/630 611/611/611
f 631/631/631 611/611/611 630/630/630
f 611/611/611 631/631/631 612/612/612
f 632/632/632 612/612/612 631/631/631
f 612/612/612 632/632/632 613/613/613
f 633/633/633 613/613/613 632/632/632
f 613/613/613 633/633/633 614/614/614
f 634/634/634 614/614/614 633/633/633
f 614/614/614 634/634/634 615/615/615
f 635/635/635 615/615/615 634/634/634
f 615/615/615 635/635/635 616/616/616
f 636/636/636 616/616/616 635/635/635
f 616/616/616 636/636/636 617/617/617
f 637/637/637 617/617/617 636/636/636
f 617/617/617 637/637/637 618/618/618
f 638/638/638 618/618/618 637/637/637
f 618/618/618 638/638/638 619/619/619
f 639/639/639 619/619/619 638/638/638
f 619/619/619 639/639/639 620/620/620
f 640/640/640 620/620/620 639/639/639
f 621/621/621 641/641/641 622/622/622
f 642/642/642 622/622/622 641/641/641
f 622/622/622 642/642/642 623/623/623
f 643/643/643 623/623/623 642/642/642
f 623/623/623 643/643/643 624/624/624
f 644/644/644 624/624/624 643/643/643
f 624/624/624 644/644/644 625/625/625
f 645/645/645 625/625/625 644/644/644
f 625/625/625 645/645/645 626/626/626
f 646/646/646 626/626/626 645/645/645
f 626/626/626 646/646/646 627/627/627
f 647/647/647 627/627/627 646/646/646
f 627/627/627 647/647/647 628/628/628
f 648/648/648 628/628/628 647/647/647
f 628/628/628 648/648/648 629/629/629
f 649/649/649 629/629/629 648/648/648
f 629/629/629 649/649/649 630/630/630
f 650/650/650 630/630/630 649/649/649
f 630/630/630 650/650/650 631/631/631
f 651/651/651 631/631/631 650/650/650
f 631/631/631 651/651/651 632/632/632
f 652/652/652 632/632/632 651/651/651
f 632/632/632 652/652/652 633/633/633
f 653/653/653 633/633/633 652/652/652
f 633/633/633 653/653/653 634/634/634
f 654/654/654 634/634/634 653/653/653
f 634/634/634 654/654/654 635/635/635
f 655/655/655 635/635/635 654/654/654
f 635/635/635 655/655/655 636/636/636
f 656/656/656 636/636/636 655/655/655
f 636/636/636 656/656/656 637/637/637
f 657/657/657 637/637/637 656/656/656
f 637/637/637 657/657/657 638/638/638
f 658/658/658 638/638/638 657/657/657
f 638/638/638 658/658/658 639/639/639
f 659/659/659 639/639/639 658/658/658
f 639/639/639 659/659/659 640/640/640
f 660/660/660 640/640/640 659/659/659
f 641/641/641 661/661/661 642/642/642
f 662/662/662 642/642/642 661/661/661
f 642/642/642 662/662/662 643/643/643
f 663/663/663 643/643/643 662/662/662
f 643/643/643 663/663/663 644/644/644
f 664/664/664 644/644/644 663/663/663
f 644/644/644 664/664/664 645/645/645
f 665/665/665 645/645/645 664/664/664
f 645/645/645 665/665/665 646/646/646
f 666/666/666 646/646/646 665/665/665
f 646/646/646 666/666/666 647/647/647
f 667/667/667 647/647/647 666/666/666
f 647/647/647 667/667/667 648/648/648
f 668/668/668 648/648/648 667/667/667
f 648/648/648 668/668/668 649/649/649
f 669/669/669 649/649/649 668/668/668
f 649/649/649 669/669/669 650/650/650
f 670/670/670 650/650/650 669/669/669
f 650/650/650 670/670/670 651/651/651
f 671/671/671 651/651/651 670/670/670
f 651/651/651 671/671/671 652/652/652
f 672/672/672 652/652/652 671/671/671
f 652/652/652 672/672/672 653/653/653
f 673/673/673 653/653/653 672/672/672
f 653/653/653 673/673/673 654/654/654
f 674/674/674 654/654/654 673/673/673
f 654/654/654 674/674/674 655/655/655
f 675/675/675 655/655/655 674/674/674
f 655/655/655 675/675/675 656/656/656
f 676/676/676 656/656/656 675/675/675
f 656/656/656 676/676/676 657/657/657
f 677/677/677 657/657/657 676/676/676
f 657/657/657 677/677/677 658/658/658
f 678/678/678 658/658/658 677/677/677
f 658/658/658 678/678/678 659/659/659
f 679/679/679 659/659/659 678/678/678
f 659/659/659 679/679/679 660/660/660
f 680/680/680 660/660/660 679/679/679
f 661/661/661 681/681/681 662/662/662
f 682/682/682 662/662/662 681/681/681
f 662/662/662 682/682/682 663/663/663
f 683/683/683 663/663/663 682/682/682
f 663/663/663 683/683/683 664/664/664
f 684/684/684 664/664/664 683/683/683
f 664/664/664 684/684/684 665/665/665
f 685/685/685 665/665/665 684/684/684
f 665/665/665 685/685/685 666/666/666
f 686/686/686 666/666/666 685/685/685
f 666/666/666 686/686/686 667/667/667
f 687/687/687 667/667/667 686/686/686
f 667/667/667 687/687/687 668/668/668
f 688/688/688 668/668/668 687/687/687
f 668/668/668 688/688/688 669/669/669
f 689/689/689 669/669/669 688/688/688
f 669/669/669 689/689/689 670/670/670
f 690/690/690 670/670/670 689/689/689
f 670/670/670 690/690/690 671/671/671
f 691/691/691 671/671/671 690/690/690
f 671/671/671 691/691/691 672/672/672
f 692/692/692 672/672/672 691/691/691
f 672/672/672 692/692/692 673/673/673
f 693/693/693 673/673/673 692/692/692
f 673/673/673 693/693/693 674/674/674
f 694/694/694 674/674/674 693/693/693
f 674/674/674 694/694/694 675/675/675
f 695/695/695 675/675/675 694/694/694
f 675/675/675 695/695/695 676/676/676
f 696/696/696 676/676/676 695/695/695
f 676/676/676 696/696/696 677/677/677
f 697/697/697 677/677/677 696/696/696
f 677/677/677 697/697/697 678/678/678
f 698/698/698 678/678/678 697/697/697
f 678/678/678 698/698/698 679/679/679
f 699/699/699 679/679/679 698/698/698
f 679/679/679 699/699/699 680/680/680
f 700/700/700 680/680/680 699/699/699
f 681/681/681 701/701/701 682/682/682
f 702/702/702 682/682/682 701/701/701
f 682/682/682 702/702/702 683/683/683
f 703/703/703 683/683/683 702/702/702
f 683/683/683 703/703/703 684/684/684
f 704/704/704 684/684/684 703/703/703
f 684/684/684 704/704/704 685/685/685
f 705/705/705 685/685/685 704/704/704
f 685/685/685 705/705/705 686/686/686
f 706/706/706 686/686/686 705/705/705
f 686/686/686 706/706/706 687/687/687
f 707/707/707 687/687/687 706/706/706
f 687/687/687 707/707/707 688/688/688
f 708/708/708 688/688/688 707/707/707
f 688/688/688 708/708/708 689/689/689
f 709/709/709 689/689/689 708/708/708
f 689/689/689 709/709/709 690/690/690
f 710/710/710 690/690/690 709/709/709
f 690/690/690 710/710/710 691/691/691
f 711/711/711 691/691/691 710/710/710
f 691/691/691 711/711/711 692/692/692
f 712/712/712 692/692/692 711/711/711
f 692/692/692 712/712/712 693/693/693
f 713/713/713 693/693/693 712/712/712
f 693/693/693 713/713/713 694/694/694
f 714/714/714 694/694/694 713/713/713
f 694/694/694 714/714/714 695/695/695
f 715/715/715 695/695/695 714/714/714
f 695/695/695 715/715/715 696/696/696
f 716/716/716 696/696/696 715/715/715
f 696/696/696 716/716/716 697/697/697
f 717/717/717 697/697/697 716/716/716
f 697/697/697 717/717/717 698/698/698
f 718/718/718 698/698/698 717/717/717
f 698/698/698 718/718/718 699/699/699
f 719/719/719 699/699/699 718/718/718
f 699/699/699 719/719/719 700/700/700
f 720/720/720 700/700/700 719/719/719
f 701/701/701 721/721/721 702/702/702
f 722/722/722 702/702/702 721/721/721
f 702/702/702 722/722/722 703/703/703
f 723/723/723 703/703/703 722/722/722
f 703/703/703 723/723/723 704/704/704
f 724/724/724 704/704/704 723/723/723
f 704/704/704 724/724/724 705/705/705
f 725/725/725 705/705/705 724/724/724
f 705/705/705 725/725/725 706/706/706
f 726/726/726 706/706/706 725/725/725
f 706/706/706 726/726/726 707/707/707
f 727/727/727 707/707/707 726/726/726
f 707/707/707 727/727/727 708/708/708
f 728/728/728 708/708/708 727/727/727
f 708/708/708 728/728/728 709/709/709
f 729/729/729 709/709/709 728/728/728
f 709/709/709 729/729/729 710/710/710
f 730/730/730 710/710/710 729/729/729
f 710/710/710 730/730/730 711/711/711
f 731/731/731 711/711/711 730/730/730
f 711/711/711 731/731/731 712/712/712
f 732/732/732 712/712/712 731/731/731
f 712/712/712 732/732/732 713/713/713
f 733/733/733 713/713/713 732/732/732
f 713/713/713 733/733/733 714/714/714
f 734/734/734 714/714/714 733/733/733
f 714/714/714 734/734/734 715/715/715
f 735/735/735 715/715/715 734/734/734
f 715/715/715 735/735/735 716/716/716
f 736/736/736 716/716/716 735/735/735
f 716/716/716 736/736/736 717/717/717
f 737/737/737 717/717/717 736/736/736
f 717/717/717 737/737/737 718/718/718
f 738/738/738 718/718/718 737/737/737
f 718/718/718 738/738/738 719/719/719
f 739/739/739 719/719/719 738/738/738
f 719/719/719 739/739/739 720/720/720
f 740/740/740 720/720/720 739/739/739
