mtllib ludo_piece_blue.mtl
o Ludo_Pawn_blue
v 0 0.5799999833106995 0
v 0 0.5199999809265137 0.20000000298023224
v 0 0.23999999463558197 0.30000001192092896
v 0 0.07999999821186066 0.36000001430511475
v 0 0 0.4000000059604645
v 0 0 0.47999998927116394
v 0 0.05999999865889549 0.47999998927116394
v 0 0.11999999731779099 0.4399999976158142
v 0 0.18000000715255737 0.41999998688697815
v 0 0.2199999988079071 0.3499999940395355
v 0 0.3499999940395355 0.30000001192092896
v 0 0.4399999976158142 0.3499999940395355
v 0 0.5600000023841858 0.2199999988079071
v 0 0.6800000071525574 0.2800000011920929
v 0 0.7599999904632568 0.30000001192092896
v 0 0.8600000143051147 0.20000000298023224
v 0 0.8799999952316284 0
v 0 0.5799999833106995 0
v 0.039018064737319946 0.5199999809265137 0.1961570531129837
v 0.05852709710597992 0.23999999463558197 0.29423558712005615
v 0.07023251801729202 0.07999999821186066 0.35308268666267395
v 0.07803612947463989 0 0.3923141062259674
v 0.09364335238933563 0 0.4707769453525543
v 0.09364335238933563 0.05999999865889549 0.4707769453525543
v 0.08583974093198776 0.11999999731779099 0.43154552578926086
v 0.08193793892860413 0.18000000715255737 0.41192981600761414
v 0.0682816132903099 0.2199999988079071 0.343274861574173
v 0.05852709710597992 0.3499999940395355 0.29423558712005615
v 0.0682816132903099 0.4399999976158142 0.343274861574173
v 0.04291987046599388 0.5600000023841858 0.21577276289463043
v 0.054625291377305984 0.6800000071525574 0.2746198773384094
v 0.05852709710597992 0.7599999904632568 0.29423558712005615
v 0.039018064737319946 0.8600000143051147 0.1961570531129837
v 0 0.8799999952316284 0
v 0 0.5799999833106995 0
v 0.07653668522834778 0.5199999809265137 0.18477590382099152
v 0.11480502784252167 0.23999999463558197 0.27716386318206787
v 0.137766033411026 0.07999999821186066 0.33259662985801697
v 0.15307337045669556 0 0.36955180764198303
v 0.18368804454803467 0 0.44346216320991516
v 0.18368804454803467 0.05999999865889549 0.44346216320991516
v 0.1683807075023651 0.11999999731779099 0.4065069854259491
v 0.16072703897953033 0.18000000715255737 0.38802939653396606
v 0.1339392066001892 0.2199999988079071 0.32335785031318665
v 0.11480502784252167 0.3499999940395355 0.27716386318206787
v 0.1339392066001892 0.4399999976158142 0.32335785031318665
v 0.08419035375118256 0.5600000023841858 0.20325349271297455
v 0.10715135931968689 0.6800000071525574 0.25868627429008484
v 0.11480502784252167 0.7599999904632568 0.27716386318206787
v 0.07653668522834778 0.8600000143051147 0.18477590382099152
v 0 0.8799999952316284 0
v 0 0.5799999833106995 0
v 0.11111404746770859 0.5199999809265137 0.1662939190864563
v 0.16667106747627258 0.23999999463558197 0.24944087862968445
v 0.20000527799129486 0.07999999821186066 0.29932907223701477
v 0.22222809493541718 0 0.3325878381729126
v 0.2666737139225006 0 0.39910539984703064
v 0.2666737139225006 0.05999999865889549 0.39910539984703064
v 0.2444508969783783 0.11999999731779099 0.3658466339111328
v 0.23333950340747833 0.18000000715255737 0.3492172360420227
v 0.19444958865642548 0.2199999988079071 0.2910143733024597
v 0.16667106747627258 0.3499999940395355 0.24944087862968445
v 0.19444958865642548 0.4399999976158142 0.2910143733024597
v 0.12222544848918915 0.5600000023841858 0.1829233169555664
v 0.15555965900421143 0.6800000071525574 0.23281149566173553
v 0.16667106747627258 0.7599999904632568 0.24944087862968445
v 0.11111404746770859 0.8600000143051147 0.1662939190864563
v 0 0.8799999952316284 0
v 0 0.5799999833106995 0
v 0.1414213627576828 0.5199999809265137 0.1414213627576828
v 0.2121320366859436 0.23999999463558197 0.2121320366859436
v 0.2545584440231323 0.07999999821186066 0.2545584440231323
v 0.2828427255153656 0 0.2828427255153656
v 0.33941125869750977 0 0.33941125869750977
v 0.33941125869750977 0.05999999865889549 0.33941125869750977
v 0.3111269772052765 0.11999999731779099 0.3111269772052765
v 0.29698485136032104 0.18000000715255737 0.29698485136032104
v 0.2474873661994934 0.2199999988079071 0.2474873661994934
v 0.2121320366859436 0.3499999940395355 0.2121320366859436
v 0.2474873661994934 0.4399999976158142 0.2474873661994934
v 0.15556348860263824 0.5600000023841858 0.15556348860263824
v 0.19798989593982697 0.6800000071525574 0.19798989593982697
v 0.2121320366859436 0.7599999904632568 0.2121320366859436
v 0.1414213627576828 0.8600000143051147 0.1414213627576828
v 0 0.8799999952316284 0
v 0 0.5799999833106995 0
v 0.1662939190864563 0.5199999809265137 0.11111404746770859
v 0.24944087862968445 0.23999999463558197 0.16667106747627258
v 0.29932907223701477 0.07999999821186066 0.20000527799129486
v 0.3325878381729126 0 0.22222809493541718
v 0.39910539984703064 0 0.2666737139225006
v 0.39910539984703064 0.05999999865889549 0.2666737139225006
v 0.3658466339111328 0.11999999731779099 0.2444508969783783
v 0.3492172360420227 0.18000000715255737 0.23333950340747833
v 0.2910143733024597 0.2199999988079071 0.19444958865642548
v 0.24944087862968445 0.3499999940395355 0.16667106747627258
v 0.2910143733024597 0.4399999976158142 0.19444958865642548
v 0.1829233169555664 0.5600000023841858 0.12222544848918915
v 0.23281149566173553 0.6800000071525574 0.15555965900421143
v 0.24944087862968445 0.7599999904632568 0.16667106747627258
v 0.1662939190864563 0.8600000143051147 0.11111404746770859
v 0 0.8799999952316284 0
v 0 0.5799999833106995 0
v 0.18477590382099152 0.5199999809265137 0.07653668522834778
v 0.27716386318206787 0.23999999463558197 0.11480502784252167
v 0.33259662985801697 0.07999999821186066 0.137766033411026
v 0.36955180764198303 0 0.15307337045669556
v 0.44346216320991516 0 0.18368804454803467
v 0.44346216320991516 0.05999999865889549 0.18368804454803467
v 0.4065069854259491 0.11999999731779099 0.1683807075023651
v 0.38802939653396606 0.18000000715255737 0.16072703897953033
v 0.32335785031318665 0.2199999988079071 0.1339392066001892
v 0.27716386318206787 0.3499999940395355 0.11480502784252167
v 0.32335785031318665 0.4399999976158142 0.1339392066001892
v 0.20325349271297455 0.5600000023841858 0.08419035375118256
v 0.25868627429008484 0.6800000071525574 0.10715135931968689
v 0.27716386318206787 0.7599999904632568 0.11480502784252167
v 0.18477590382099152 0.8600000143051147 0.07653668522834778
v 0 0.8799999952316284 0
v 0 0.5799999833106995 0
v 0.1961570531129837 0.5199999809265137 0.039018064737319946
v 0.29423558712005615 0.23999999463558197 0.05852709710597992
v 0.35308268666267395 0.07999999821186066 0.07023251801729202
v 0.3923141062259674 0 0.07803612947463989
v 0.4707769453525543 0 0.09364335238933563
v 0.4707769453525543 0.05999999865889549 0.09364335238933563
v 0.43154552578926086 0.11999999731779099 0.08583974093198776
v 0.41192981600761414 0.18000000715255737 0.08193793892860413
v 0.343274861574173 0.2199999988079071 0.0682816132903099
v 0.29423558712005615 0.3499999940395355 0.05852709710597992
v 0.343274861574173 0.4399999976158142 0.0682816132903099
v 0.21577276289463043 0.5600000023841858 0.04291987046599388
v 0.2746198773384094 0.6800000071525574 0.054625291377305984
v 0.29423558712005615 0.7599999904632568 0.05852709710597992
v 0.1961570531129837 0.8600000143051147 0.039018064737319946
v 0 0.8799999952316284 0
v 0 0.5799999833106995 0
v 0.20000000298023224 0.5199999809265137 1.2246467698671066e-17
v 0.30000001192092896 0.23999999463558197 1.8369702788777518e-17
v 0.36000001430511475 0.07999999821186066 2.204364202304404e-17
v 0.4000000059604645 0 2.4492935397342132e-17
v 0.47999998927116394 0 2.939152380029954e-17
v 0.47999998927116394 0.05999999865889549 2.939152380029954e-17
v 0.4399999976158142 0.11999999731779099 2.6942228771640223e-17
v 0.41999998688697815 0.18000000715255737 2.571758291167179e-17
v 0.3499999940395355 0.2199999988079071 2.1431318265879212e-17
v 0.30000001192092896 0.3499999940395355 1.8369702788777518e-17
v 0.3499999940395355 0.4399999976158142 2.1431318265879212e-17
v 0.2199999988079071 0.5600000023841858 1.3471114385820111e-17
v 0.2800000011920929 0.6800000071525574 1.714505527444786e-17
v 0.30000001192092896 0.7599999904632568 1.8369702788777518e-17
v 0.20000000298023224 0.8600000143051147 1.2246467698671066e-17
v 0 0.8799999952316284 0
v 0 0.5799999833106995 0
v 0.1961570531129837 0.5199999809265137 -0.039018064737319946
v 0.29423558712005615 0.23999999463558197 -0.05852709710597992
v 0.35308268666267395 0.07999999821186066 -0.07023251801729202
v 0.3923141062259674 0 -0.07803612947463989
v 0.4707769453525543 0 -0.09364335238933563
v 0.4707769453525543 0.05999999865889549 -0.09364335238933563
v 0.43154552578926086 0.11999999731779099 -0.08583974093198776
v 0.41192981600761414 0.18000000715255737 -0.08193793892860413
v 0.343274861574173 0.2199999988079071 -0.0682816132903099
v 0.29423558712005615 0.3499999940395355 -0.05852709710597992
v 0.343274861574173 0.4399999976158142 -0.0682816132903099
v 0.21577276289463043 0.5600000023841858 -0.04291987046599388
v 0.2746198773384094 0.6800000071525574 -0.054625291377305984
v 0.29423558712005615 0.7599999904632568 -0.05852709710597992
v 0.1961570531129837 0.8600000143051147 -0.039018064737319946
v 0 0.8799999952316284 0
v 0 0.5799999833106995 0
v 0.18477590382099152 0.5199999809265137 -0.07653668522834778
v 0.27716386318206787 0.23999999463558197 -0.11480502784252167
v 0.33259662985801697 0.07999999821186066 -0.137766033411026
v 0.36955180764198303 0 -0.15307337045669556
v 0.44346216320991516 0 -0.18368804454803467
v 0.44346216320991516 0.05999999865889549 -0.18368804454803467
v 0.4065069854259491 0.11999999731779099 -0.1683807075023651
v 0.38802939653396606 0.18000000715255737 -0.16072703897953033
v 0.32335785031318665 0.2199999988079071 -0.1339392066001892
v 0.27716386318206787 0.3499999940395355 -0.11480502784252167
v 0.32335785031318665 0.4399999976158142 -0.1339392066001892
v 0.20325349271297455 0.5600000023841858 -0.08419035375118256
v 0.25868627429008484 0.6800000071525574 -0.10715135931968689
v 0.27716386318206787 0.7599999904632568 -0.11480502784252167
v 0.18477590382099152 0.8600000143051147 -0.07653668522834778
v 0 0.8799999952316284 0
v 0 0.5799999833106995 0
v 0.1662939190864563 0.5199999809265137 -0.11111404746770859
v 0.24944087862968445 0.23999999463558197 -0.16667106747627258
v 0.29932907223701477 0.07999999821186066 -0.20000527799129486
v 0.3325878381729126 0 -0.22222809493541718
v 0.39910539984703064 0 -0.2666737139225006
v 0.39910539984703064 0.05999999865889549 -0.2666737139225006
v 0.3658466339111328 0.11999999731779099 -0.2444508969783783
v 0.3492172360420227 0.18000000715255737 -0.23333950340747833
v 0.2910143733024597 0.2199999988079071 -0.19444958865642548
v 0.24944087862968445 0.3499999940395355 -0.16667106747627258
v 0.2910143733024597 0.4399999976158142 -0.19444958865642548
v 0.1829233169555664 0.5600000023841858 -0.12222544848918915
v 0.23281149566173553 0.6800000071525574 -0.15555965900421143
v 0.24944087862968445 0.7599999904632568 -0.16667106747627258
v 0.1662939190864563 0.8600000143051147 -0.11111404746770859
v 0 0.8799999952316284 0
v 0 0.5799999833106995 0
v 0.1414213627576828 0.5199999809265137 -0.1414213627576828
v 0.2121320366859436 0.23999999463558197 -0.2121320366859436
v 0.2545584440231323 0.07999999821186066 -0.2545584440231323
v 0.2828427255153656 0 -0.2828427255153656
v 0.33941125869750977 0 -0.33941125869750977
v 0.33941125869750977 0.05999999865889549 -0.33941125869750977
v 0.3111269772052765 0.11999999731779099 -0.3111269772052765
v 0.29698485136032104 0.18000000715255737 -0.29698485136032104
v 0.2474873661994934 0.2199999988079071 -0.2474873661994934
v 0.2121320366859436 0.3499999940395355 -0.2121320366859436
v 0.2474873661994934 0.4399999976158142 -0.2474873661994934
v 0.15556348860263824 0.5600000023841858 -0.15556348860263824
v 0.19798989593982697 0.6800000071525574 -0.19798989593982697
v 0.2121320366859436 0.7599999904632568 -0.2121320366859436
v 0.1414213627576828 0.8600000143051147 -0.1414213627576828
v 0 0.8799999952316284 0
v 0 0.5799999833106995 0
v 0.11111404746770859 0.5199999809265137 -0.1662939190864563
v 0.16667106747627258 0.23999999463558197 -0.24944087862968445
v 0.20000527799129486 0.07999999821186066 -0.29932907223701477
v 0.22222809493541718 0 -0.3325878381729126
v 0.2666737139225006 0 -0.39910539984703064
v 0.2666737139225006 0.05999999865889549 -0.39910539984703064
v 0.2444508969783783 0.11999999731779099 -0.3658466339111328
v 0.23333950340747833 0.18000000715255737 -0.3492172360420227
v 0.19444958865642548 0.2199999988079071 -0.2910143733024597
v 0.16667106747627258 0.3499999940395355 -0.24944087862968445
v 0.19444958865642548 0.4399999976158142 -0.2910143733024597
v 0.12222544848918915 0.5600000023841858 -0.1829233169555664
v 0.15555965900421143 0.6800000071525574 -0.23281149566173553
v 0.16667106747627258 0.7599999904632568 -0.24944087862968445
v 0.11111404746770859 0.8600000143051147 -0.1662939190864563
v 0 0.8799999952316284 0
v 0 0.5799999833106995 0
v 0.07653668522834778 0.5199999809265137 -0.18477590382099152
v 0.11480502784252167 0.23999999463558197 -0.27716386318206787
v 0.137766033411026 0.07999999821186066 -0.33259662985801697
v 0.15307337045669556 0 -0.36955180764198303
v 0.18368804454803467 0 -0.44346216320991516
v 0.18368804454803467 0.05999999865889549 -0.44346216320991516
v 0.1683807075023651 0.11999999731779099 -0.4065069854259491
v 0.16072703897953033 0.18000000715255737 -0.38802939653396606
v 0.1339392066001892 0.2199999988079071 -0.32335785031318665
v 0.11480502784252167 0.3499999940395355 -0.27716386318206787
v 0.1339392066001892 0.4399999976158142 -0.32335785031318665
v 0.08419035375118256 0.5600000023841858 -0.20325349271297455
v 0.10715135931968689 0.6800000071525574 -0.25868627429008484
v 0.11480502784252167 0.7599999904632568 -0.27716386318206787
v 0.07653668522834778 0.8600000143051147 -0.18477590382099152
v 0 0.8799999952316284 0
v 0 0.5799999833106995 0
v 0.039018064737319946 0.5199999809265137 -0.1961570531129837
v 0.05852709710597992 0.23999999463558197 -0.29423558712005615
v 0.07023251801729202 0.07999999821186066 -0.35308268666267395
v 0.07803612947463989 0 -0.3923141062259674
v 0.09364335238933563 0 -0.4707769453525543
v 0.09364335238933563 0.05999999865889549 -0.4707769453525543
v 0.08583974093198776 0.11999999731779099 -0.43154552578926086
v 0.08193793892860413 0.18000000715255737 -0.41192981600761414
v 0.0682816132903099 0.2199999988079071 -0.343274861574173
v 0.05852709710597992 0.3499999940395355 -0.29423558712005615
v 0.0682816132903099 0.4399999976158142 -0.343274861574173
v 0.04291987046599388 0.5600000023841858 -0.21577276289463043
v 0.054625291377305984 0.6800000071525574 -0.2746198773384094
v 0.05852709710597992 0.7599999904632568 -0.29423558712005615
v 0.039018064737319946 0.8600000143051147 -0.1961570531129837
v 0 0.8799999952316284 0
v 0 0.5799999833106995 0
v 2.4492935397342132e-17 0.5199999809265137 -0.20000000298023224
v 3.6739405577555036e-17 0.23999999463558197 -0.30000001192092896
v 4.408728404608808e-17 0.07999999821186066 -0.36000001430511475
v 4.8985870794684264e-17 0 -0.4000000059604645
v 5.878304760059908e-17 0 -0.47999998927116394
v 5.878304760059908e-17 0.05999999865889549 -0.47999998927116394
v 5.3884457543280445e-17 0.11999999731779099 -0.4399999976158142
v 5.143516582334358e-17 0.18000000715255737 -0.41999998688697815
v 4.2862636531758425e-17 0.2199999988079071 -0.3499999940395355
v 3.6739405577555036e-17 0.3499999940395355 -0.30000001192092896
v 4.2862636531758425e-17 0.4399999976158142 -0.3499999940395355
v 2.6942228771640223e-17 0.5600000023841858 -0.2199999988079071
v 3.429011054889572e-17 0.6800000071525574 -0.2800000011920929
v 3.6739405577555036e-17 0.7599999904632568 -0.30000001192092896
v 2.4492935397342132e-17 0.8600000143051147 -0.20000000298023224
v 0 0.8799999952316284 0
v 0 0.5799999833106995 0
v -0.039018064737319946 0.5199999809265137 -0.1961570531129837
v -0.05852709710597992 0.23999999463558197 -0.29423558712005615
v -0.07023251801729202 0.07999999821186066 -0.35308268666267395
v -0.07803612947463989 0 -0.3923141062259674
v -0.09364335238933563 0 -0.4707769453525543
v -0.09364335238933563 0.05999999865889549 -0.4707769453525543
v -0.08583974093198776 0.11999999731779099 -0.43154552578926086
v -0.08193793892860413 0.18000000715255737 -0.41192981600761414
v -0.0682816132903099 0.2199999988079071 -0.343274861574173
v -0.05852709710597992 0.3499999940395355 -0.29423558712005615
v -0.0682816132903099 0.4399999976158142 -0.343274861574173
v -0.04291987046599388 0.5600000023841858 -0.21577276289463043
v -0.054625291377305984 0.6800000071525574 -0.2746198773384094
v -0.05852709710597992 0.7599999904632568 -0.29423558712005615
v -0.039018064737319946 0.8600000143051147 -0.1961570531129837
v 0 0.8799999952316284 0
v 0 0.5799999833106995 0
v -0.07653668522834778 0.5199999809265137 -0.18477590382099152
v -0.11480502784252167 0.23999999463558197 -0.27716386318206787
v -0.137766033411026 0.07999999821186066 -0.33259662985801697
v -0.15307337045669556 0 -0.36955180764198303
v -0.18368804454803467 0 -0.44346216320991516
v -0.18368804454803467 0.05999999865889549 -0.44346216320991516
v -0.1683807075023651 0.11999999731779099 -0.4065069854259491
v -0.16072703897953033 0.18000000715255737 -0.38802939653396606
v -0.1339392066001892 0.2199999988079071 -0.32335785031318665
v -0.11480502784252167 0.3499999940395355 -0.27716386318206787
v -0.1339392066001892 0.4399999976158142 -0.32335785031318665
v -0.08419035375118256 0.5600000023841858 -0.20325349271297455
v -0.10715135931968689 0.6800000071525574 -0.25868627429008484
v -0.11480502784252167 0.7599999904632568 -0.27716386318206787
v -0.07653668522834778 0.8600000143051147 -0.18477590382099152
v 0 0.8799999952316284 0
v 0 0.5799999833106995 0
v -0.11111404746770859 0.5199999809265137 -0.1662939190864563
v -0.16667106747627258 0.23999999463558197 -0.24944087862968445
v -0.20000527799129486 0.07999999821186066 -0.29932907223701477
v -0.22222809493541718 0 -0.3325878381729126
v -0.2666737139225006 0 -0.39910539984703064
v -0.2666737139225006 0.05999999865889549 -0.39910539984703064
v -0.2444508969783783 0.11999999731779099 -0.3658466339111328
v -0.23333950340747833 0.18000000715255737 -0.3492172360420227
v -0.19444958865642548 0.2199999988079071 -0.2910143733024597
v -0.16667106747627258 0.3499999940395355 -0.24944087862968445
v -0.19444958865642548 0.4399999976158142 -0.2910143733024597
v -0.12222544848918915 0.5600000023841858 -0.1829233169555664
v -0.15555965900421143 0.6800000071525574 -0.23281149566173553
v -0.16667106747627258 0.7599999904632568 -0.24944087862968445
v -0.11111404746770859 0.8600000143051147 -0.1662939190864563
v 0 0.8799999952316284 0
v 0 0.5799999833106995 0
v -0.1414213627576828 0.5199999809265137 -0.1414213627576828
v -0.2121320366859436 0.23999999463558197 -0.2121320366859436
v -0.2545584440231323 0.07999999821186066 -0.2545584440231323
v -0.2828427255153656 0 -0.2828427255153656
v -0.33941125869750977 0 -0.33941125869750977
v -0.33941125869750977 0.05999999865889549 -0.33941125869750977
v -0.3111269772052765 0.11999999731779099 -0.3111269772052765
v -0.29698485136032104 0.18000000715255737 -0.29698485136032104
v -0.2474873661994934 0.2199999988079071 -0.2474873661994934
v -0.2121320366859436 0.3499999940395355 -0.2121320366859436
v -0.2474873661994934 0.4399999976158142 -0.2474873661994934
v -0.15556348860263824 0.5600000023841858 -0.15556348860263824
v -0.19798989593982697 0.6800000071525574 -0.19798989593982697
v -0.2121320366859436 0.7599999904632568 -0.2121320366859436
v -0.1414213627576828 0.8600000143051147 -0.1414213627576828
v 0 0.8799999952316284 0
v 0 0.5799999833106995 0
v -0.1662939190864563 0.5199999809265137 -0.11111404746770859
v -0.24944087862968445 0.23999999463558197 -0.16667106747627258
v -0.29932907223701477 0.07999999821186066 -0.20000527799129486
v -0.3325878381729126 0 -0.22222809493541718
v -0.39910539984703064 0 -0.2666737139225006
v -0.39910539984703064 0.05999999865889549 -0.2666737139225006
v -0.3658466339111328 0.11999999731779099 -0.2444508969783783
v -0.3492172360420227 0.18000000715255737 -0.23333950340747833
v -0.2910143733024597 0.2199999988079071 -0.19444958865642548
v -0.24944087862968445 0.3499999940395355 -0.16667106747627258
v -0.2910143733024597 0.4399999976158142 -0.19444958865642548
v -0.1829233169555664 0.5600000023841858 -0.12222544848918915
v -0.23281149566173553 0.6800000071525574 -0.15555965900421143
v -0.24944087862968445 0.7599999904632568 -0.16667106747627258
v -0.1662939190864563 0.8600000143051147 -0.11111404746770859
v 0 0.8799999952316284 0
v 0 0.5799999833106995 0
v -0.18477590382099152 0.5199999809265137 -0.07653668522834778
v -0.27716386318206787 0.23999999463558197 -0.11480502784252167
v -0.33259662985801697 0.07999999821186066 -0.137766033411026
v -0.36955180764198303 0 -0.15307337045669556
v -0.44346216320991516 0 -0.18368804454803467
v -0.44346216320991516 0.05999999865889549 -0.18368804454803467
v -0.4065069854259491 0.11999999731779099 -0.1683807075023651
v -0.38802939653396606 0.18000000715255737 -0.16072703897953033
v -0.32335785031318665 0.2199999988079071 -0.1339392066001892
v -0.27716386318206787 0.3499999940395355 -0.11480502784252167
v -0.32335785031318665 0.4399999976158142 -0.1339392066001892
v -0.20325349271297455 0.5600000023841858 -0.08419035375118256
v -0.25868627429008484 0.6800000071525574 -0.10715135931968689
v -0.27716386318206787 0.7599999904632568 -0.11480502784252167
v -0.18477590382099152 0.8600000143051147 -0.07653668522834778
v 0 0.8799999952316284 0
v 0 0.5799999833106995 0
v -0.1961570531129837 0.5199999809265137 -0.039018064737319946
v -0.29423558712005615 0.23999999463558197 -0.05852709710597992
v -0.35308268666267395 0.07999999821186066 -0.07023251801729202
v -0.3923141062259674 0 -0.07803612947463989
v -0.4707769453525543 0 -0.09364335238933563
v -0.4707769453525543 0.05999999865889549 -0.09364335238933563
v -0.43154552578926086 0.11999999731779099 -0.08583974093198776
v -0.41192981600761414 0.18000000715255737 -0.08193793892860413
v -0.343274861574173 0.2199999988079071 -0.0682816132903099
v -0.29423558712005615 0.3499999940395355 -0.05852709710597992
v -0.343274861574173 0.4399999976158142 -0.0682816132903099
v -0.21577276289463043 0.5600000023841858 -0.04291987046599388
v -0.2746198773384094 0.6800000071525574 -0.054625291377305984
v -0.29423558712005615 0.7599999904632568 -0.05852709710597992
v -0.1961570531129837 0.8600000143051147 -0.039018064737319946
v 0 0.8799999952316284 0
v 0 0.5799999833106995 0
v -0.20000000298023224 0.5199999809265137 -3.6739405577555036e-17
v -0.30000001192092896 0.23999999463558197 -5.5109105057610103e-17
v -0.36000001430511475 0.07999999821186066 -6.613092606913212e-17
v -0.4000000059604645 0 -7.347881115511007e-17
v -0.47999998927116394 0 -8.817456809217617e-17
v -0.47999998927116394 0.05999999865889549 -8.817456809217617e-17
v -0.4399999976158142 0.11999999731779099 -8.082668962364312e-17
v -0.41999998688697815 0.18000000715255737 -7.71527503893766e-17
v -0.3499999940395355 0.2199999988079071 -6.429395645199886e-17
v -0.30000001192092896 0.3499999940395355 -5.5109105057610103e-17
v -0.3499999940395355 0.4399999976158142 -6.429395645199886e-17
v -0.2199999988079071 0.5600000023841858 -4.041334481182156e-17
v -0.2800000011920929 0.6800000071525574 -5.143516582334358e-17
v -0.30000001192092896 0.7599999904632568 -5.5109105057610103e-17
v -0.20000000298023224 0.8600000143051147 -3.6739405577555036e-17
v 0 0.8799999952316284 0
v 0 0.5799999833106995 0
v -0.1961570531129837 0.5199999809265137 0.039018064737319946
v -0.29423558712005615 0.23999999463558197 0.05852709710597992
v -0.35308268666267395 0.07999999821186066 0.07023251801729202
v -0.3923141062259674 0 0.07803612947463989
v -0.4707769453525543 0 0.09364335238933563
v -0.4707769453525543 0.05999999865889549 0.09364335238933563
v -0.43154552578926086 0.11999999731779099 0.08583974093198776
v -0.41192981600761414 0.18000000715255737 0.08193793892860413
v -0.343274861574173 0.2199999988079071 0.0682816132903099
v -0.29423558712005615 0.3499999940395355 0.05852709710597992
v -0.343274861574173 0.4399999976158142 0.0682816132903099
v -0.21577276289463043 0.5600000023841858 0.04291987046599388
v -0.2746198773384094 0.6800000071525574 0.054625291377305984
v -0.29423558712005615 0.7599999904632568 0.05852709710597992
v -0.1961570531129837 0.8600000143051147 0.039018064737319946
v 0 0.8799999952316284 0
v 0 0.5799999833106995 0
v -0.18477590382099152 0.5199999809265137 0.07653668522834778
v -0.27716386318206787 0.23999999463558197 0.11480502784252167
v -0.33259662985801697 0.07999999821186066 0.137766033411026
v -0.36955180764198303 0 0.15307337045669556
v -0.44346216320991516 0 0.18368804454803467
v -0.44346216320991516 0.05999999865889549 0.18368804454803467
v -0.4065069854259491 0.11999999731779099 0.1683807075023651
v -0.38802939653396606 0.18000000715255737 0.16072703897953033
v -0.32335785031318665 0.2199999988079071 0.1339392066001892
v -0.27716386318206787 0.3499999940395355 0.11480502784252167
v -0.32335785031318665 0.4399999976158142 0.1339392066001892
v -0.20325349271297455 0.5600000023841858 0.08419035375118256
v -0.25868627429008484 0.6800000071525574 0.10715135931968689
v -0.27716386318206787 0.7599999904632568 0.11480502784252167
v -0.18477590382099152 0.8600000143051147 0.07653668522834778
v 0 0.8799999952316284 0
v 0 0.5799999833106995 0
v -0.1662939190864563 0.5199999809265137 0.11111404746770859
v -0.24944087862968445 0.23999999463558197 0.16667106747627258
v -0.29932907223701477 0.07999999821186066 0.20000527799129486
v -0.3325878381729126 0 0.22222809493541718
v -0.39910539984703064 0 0.2666737139225006
v -0.39910539984703064 0.05999999865889549 0.2666737139225006
v -0.3658466339111328 0.11999999731779099 0.2444508969783783
v -0.3492172360420227 0.18000000715255737 0.23333950340747833
v -0.2910143733024597 0.2199999988079071 0.19444958865642548
v -0.24944087862968445 0.3499999940395355 0.16667106747627258
v -0.2910143733024597 0.4399999976158142 0.19444958865642548
v -0.1829233169555664 0.5600000023841858 0.12222544848918915
v -0.23281149566173553 0.6800000071525574 0.15555965900421143
v -0.24944087862968445 0.7599999904632568 0.16667106747627258
v -0.1662939190864563 0.8600000143051147 0.11111404746770859
v 0 0.8799999952316284 0
v 0 0.5799999833106995 0
v -0.1414213627576828 0.5199999809265137 0.1414213627576828
v -0.2121320366859436 0.23999999463558197 0.2121320366859436
v -0.2545584440231323 0.07999999821186066 0.2545584440231323
v -0.2828427255153656 0 0.2828427255153656
v -0.33941125869750977 0 0.33941125869750977
v -0.33941125869750977 0.05999999865889549 0.33941125869750977
v -0.3111269772052765 0.11999999731779099 0.3111269772052765
v -0.29698485136032104 0.18000000715255737 0.29698485136032104
v -0.2474873661994934 0.2199999988079071 0.2474873661994934
v -0.2121320366859436 0.3499999940395355 0.2121320366859436
v -0.2474873661994934 0.4399999976158142 0.2474873661994934
v -0.15556348860263824 0.5600000023841858 0.15556348860263824
v -0.19798989593982697 0.6800000071525574 0.19798989593982697
v -0.2121320366859436 0.7599999904632568 0.2121320366859436
v -0.1414213627576828 0.8600000143051147 0.1414213627576828
v 0 0.8799999952316284 0
v 0 0.5799999833106995 0
v -0.11111404746770859 0.5199999809265137 0.1662939190864563
v -0.16667106747627258 0.23999999463558197 0.24944087862968445
v -0.20000527799129486 0.07999999821186066 0.29932907223701477
v -0.22222809493541718 0 0.3325878381729126
v -0.2666737139225006 0 0.39910539984703064
v -0.2666737139225006 0.05999999865889549 0.39910539984703064
v -0.2444508969783783 0.11999999731779099 0.3658466339111328
v -0.23333950340747833 0.18000000715255737 0.3492172360420227
v -0.19444958865642548 0.2199999988079071 0.2910143733024597
v -0.16667106747627258 0.3499999940395355 0.24944087862968445
v -0.19444958865642548 0.4399999976158142 0.2910143733024597
v -0.12222544848918915 0.5600000023841858 0.1829233169555664
v -0.15555965900421143 0.6800000071525574 0.23281149566173553
v -0.16667106747627258 0.7599999904632568 0.24944087862968445
v -0.11111404746770859 0.8600000143051147 0.1662939190864563
v 0 0.8799999952316284 0
v 0 0.5799999833106995 0
v -0.07653668522834778 0.5199999809265137 0.18477590382099152
v -0.11480502784252167 0.23999999463558197 0.27716386318206787
v -0.137766033411026 0.07999999821186066 0.33259662985801697
v -0.15307337045669556 0 0.36955180764198303
v -0.18368804454803467 0 0.44346216320991516
v -0.18368804454803467 0.05999999865889549 0.44346216320991516
v -0.1683807075023651 0.11999999731779099 0.4065069854259491
v -0.16072703897953033 0.18000000715255737 0.38802939653396606
v -0.1339392066001892 0.2199999988079071 0.32335785031318665
v -0.11480502784252167 0.3499999940395355 0.27716386318206787
v -0.1339392066001892 0.4399999976158142 0.32335785031318665
v -0.08419035375118256 0.5600000023841858 0.20325349271297455
v -0.10715135931968689 0.6800000071525574 0.25868627429008484
v -0.11480502784252167 0.7599999904632568 0.27716386318206787
v -0.07653668522834778 0.8600000143051147 0.18477590382099152
v 0 0.8799999952316284 0
v 0 0.5799999833106995 0
v -0.039018064737319946 0.5199999809265137 0.1961570531129837
v -0.05852709710597992 0.23999999463558197 0.29423558712005615
v -0.07023251801729202 0.07999999821186066 0.35308268666267395
v -0.07803612947463989 0 0.3923141062259674
v -0.09364335238933563 0 0.4707769453525543
v -0.09364335238933563 0.05999999865889549 0.4707769453525543
v -0.08583974093198776 0.11999999731779099 0.43154552578926086
v -0.08193793892860413 0.18000000715255737 0.41192981600761414
v -0.0682816132903099 0.2199999988079071 0.343274861574173
v -0.05852709710597992 0.3499999940395355 0.29423558712005615
v -0.0682816132903099 0.4399999976158142 0.343274861574173
v -0.04291987046599388 0.5600000023841858 0.21577276289463043
v -0.054625291377305984 0.6800000071525574 0.2746198773384094
v -0.05852709710597992 0.7599999904632568 0.29423558712005615
v -0.039018064737319946 0.8600000143051147 0.1961570531129837
v 0 0.8799999952316284 0
v 0 0.5799999833106995 0
v -4.8985870794684264e-17 0.5199999809265137 0.20000000298023224
v -7.347881115511007e-17 0.23999999463558197 0.30000001192092896
v -8.817456809217617e-17 0.07999999821186066 0.36000001430511475
v -9.797174158936853e-17 0 0.4000000059604645
v -1.1756609520119815e-16 0 0.47999998927116394
v -1.1756609520119815e-16 0.05999999865889549 0.47999998927116394
v -1.0776891508656089e-16 0.11999999731779099 0.4399999976158142
v -1.0287033164668716e-16 0.18000000715255737 0.41999998688697815
v -8.572527306351685e-17 0.2199999988079071 0.3499999940395355
v -7.347881115511007e-17 0.3499999940395355 0.30000001192092896
v -8.572527306351685e-17 0.4399999976158142 0.3499999940395355
v -5.3884457543280445e-17 0.5600000023841858 0.2199999988079071
v -6.858022109779144e-17 0.6800000071525574 0.2800000011920929
v -7.347881115511007e-17 0.7599999904632568 0.30000001192092896
v -4.8985870794684264e-17 0.8600000143051147 0.20000000298023224
v 0 0.8799999952316284 0
vt 0 0
vt 0 0.0625
vt 0 0.125
vt 0 0.1875
vt 0 0.25
vt 0 0.3125
vt 0 0.375
vt 0 0.4375
vt 0 0.5
vt 0 0.5625
vt 0 0.625
vt 0 0.6875
vt 0 0.75
vt 0 0.8125
vt 0 0.875
vt 0 0.9375
vt 0 1
vt 0.03125 0
vt 0.03125 0.0625
vt 0.03125 0.125
vt 0.03125 0.1875
vt 0.03125 0.25
vt 0.03125 0.3125
vt 0.03125 0.375
vt 0.03125 0.4375
vt 0.03125 0.5
vt 0.03125 0.5625
vt 0.03125 0.625
vt 0.03125 0.6875
vt 0.03125 0.75
vt 0.03125 0.8125
vt 0.03125 0.875
vt 0.03125 0.9375
vt 0.03125 1
vt 0.0625 0
vt 0.0625 0.0625
vt 0.0625 0.125
vt 0.0625 0.1875
vt 0.0625 0.25
vt 0.0625 0.3125
vt 0.0625 0.375
vt 0.0625 0.4375
vt 0.0625 0.5
vt 0.0625 0.5625
vt 0.0625 0.625
vt 0.0625 0.6875
vt 0.0625 0.75
vt 0.0625 0.8125
vt 0.0625 0.875
vt 0.0625 0.9375
vt 0.0625 1
vt 0.09375 0
vt 0.09375 0.0625
vt 0.09375 0.125
vt 0.09375 0.1875
vt 0.09375 0.25
vt 0.09375 0.3125
vt 0.09375 0.375
vt 0.09375 0.4375
vt 0.09375 0.5
vt 0.09375 0.5625
vt 0.09375 0.625
vt 0.09375 0.6875
vt 0.09375 0.75
vt 0.09375 0.8125
vt 0.09375 0.875
vt 0.09375 0.9375
vt 0.09375 1
vt 0.125 0
vt 0.125 0.0625
vt 0.125 0.125
vt 0.125 0.1875
vt 0.125 0.25
vt 0.125 0.3125
vt 0.125 0.375
vt 0.125 0.4375
vt 0.125 0.5
vt 0.125 0.5625
vt 0.125 0.625
vt 0.125 0.6875
vt 0.125 0.75
vt 0.125 0.8125
vt 0.125 0.875
vt 0.125 0.9375
vt 0.125 1
vt 0.15625 0
vt 0.15625 0.0625
vt 0.15625 0.125
vt 0.15625 0.1875
vt 0.15625 0.25
vt 0.15625 0.3125
vt 0.15625 0.375
vt 0.15625 0.4375
vt 0.15625 0.5
vt 0.15625 0.5625
vt 0.15625 0.625
vt 0.15625 0.6875
vt 0.15625 0.75
vt 0.15625 0.8125
vt 0.15625 0.875
vt 0.15625 0.9375
vt 0.15625 1
vt 0.1875 0
vt 0.1875 0.0625
vt 0.1875 0.125
vt 0.1875 0.1875
vt 0.1875 0.25
vt 0.1875 0.3125
vt 0.1875 0.375
vt 0.1875 0.4375
vt 0.1875 0.5
vt 0.1875 0.5625
vt 0.1875 0.625
vt 0.1875 0.6875
vt 0.1875 0.75
vt 0.1875 0.8125
vt 0.1875 0.875
vt 0.1875 0.9375
vt 0.1875 1
vt 0.21875 0
vt 0.21875 0.0625
vt 0.21875 0.125
vt 0.21875 0.1875
vt 0.21875 0.25
vt 0.21875 0.3125
vt 0.21875 0.375
vt 0.21875 0.4375
vt 0.21875 0.5
vt 0.21875 0.5625
vt 0.21875 0.625
vt 0.21875 0.6875
vt 0.21875 0.75
vt 0.21875 0.8125
vt 0.21875 0.875
vt 0.21875 0.9375
vt 0.21875 1
vt 0.25 0
vt 0.25 0.0625
vt 0.25 0.125
vt 0.25 0.1875
vt 0.25 0.25
vt 0.25 0.3125
vt 0.25 0.375
vt 0.25 0.4375
vt 0.25 0.5
vt 0.25 0.5625
vt 0.25 0.625
vt 0.25 0.6875
vt 0.25 0.75
vt 0.25 0.8125
vt 0.25 0.875
vt 0.25 0.9375
vt 0.25 1
vt 0.28125 0
vt 0.28125 0.0625
vt 0.28125 0.125
vt 0.28125 0.1875
vt 0.28125 0.25
vt 0.28125 0.3125
vt 0.28125 0.375
vt 0.28125 0.4375
vt 0.28125 0.5
vt 0.28125 0.5625
vt 0.28125 0.625
vt 0.28125 0.6875
vt 0.28125 0.75
vt 0.28125 0.8125
vt 0.28125 0.875
vt 0.28125 0.9375
vt 0.28125 1
vt 0.3125 0
vt 0.3125 0.0625
vt 0.3125 0.125
vt 0.3125 0.1875
vt 0.3125 0.25
vt 0.3125 0.3125
vt 0.3125 0.375
vt 0.3125 0.4375
vt 0.3125 0.5
vt 0.3125 0.5625
vt 0.3125 0.625
vt 0.3125 0.6875
vt 0.3125 0.75
vt 0.3125 0.8125
vt 0.3125 0.875
vt 0.3125 0.9375
vt 0.3125 1
vt 0.34375 0
vt 0.34375 0.0625
vt 0.34375 0.125
vt 0.34375 0.1875
vt 0.34375 0.25
vt 0.34375 0.3125
vt 0.34375 0.375
vt 0.34375 0.4375
vt 0.34375 0.5
vt 0.34375 0.5625
vt 0.34375 0.625
vt 0.34375 0.6875
vt 0.34375 0.75
vt 0.34375 0.8125
vt 0.34375 0.875
vt 0.34375 0.9375
vt 0.34375 1
vt 0.375 0
vt 0.375 0.0625
vt 0.375 0.125
vt 0.375 0.1875
vt 0.375 0.25
vt 0.375 0.3125
vt 0.375 0.375
vt 0.375 0.4375
vt 0.375 0.5
vt 0.375 0.5625
vt 0.375 0.625
vt 0.375 0.6875
vt 0.375 0.75
vt 0.375 0.8125
vt 0.375 0.875
vt 0.375 0.9375
vt 0.375 1
vt 0.40625 0
vt 0.40625 0.0625
vt 0.40625 0.125
vt 0.40625 0.1875
vt 0.40625 0.25
vt 0.40625 0.3125
vt 0.40625 0.375
vt 0.40625 0.4375
vt 0.40625 0.5
vt 0.40625 0.5625
vt 0.40625 0.625
vt 0.40625 0.6875
vt 0.40625 0.75
vt 0.40625 0.8125
vt 0.40625 0.875
vt 0.40625 0.9375
vt 0.40625 1
vt 0.4375 0
vt 0.4375 0.0625
vt 0.4375 0.125
vt 0.4375 0.1875
vt 0.4375 0.25
vt 0.4375 0.3125
vt 0.4375 0.375
vt 0.4375 0.4375
vt 0.4375 0.5
vt 0.4375 0.5625
vt 0.4375 0.625
vt 0.4375 0.6875
vt 0.4375 0.75
vt 0.4375 0.8125
vt 0.4375 0.875
vt 0.4375 0.9375
vt 0.4375 1
vt 0.46875 0
vt 0.46875 0.0625
vt 0.46875 0.125
vt 0.46875 0.1875
vt 0.46875 0.25
vt 0.46875 0.3125
vt 0.46875 0.375
vt 0.46875 0.4375
vt 0.46875 0.5
vt 0.46875 0.5625
vt 0.46875 0.625
vt 0.46875 0.6875
vt 0.46875 0.75
vt 0.46875 0.8125
vt 0.46875 0.875
vt 0.46875 0.9375
vt 0.46875 1
vt 0.5 0
vt 0.5 0.0625
vt 0.5 0.125
vt 0.5 0.1875
vt 0.5 0.25
vt 0.5 0.3125
vt 0.5 0.375
vt 0.5 0.4375
vt 0.5 0.5
vt 0.5 0.5625
vt 0.5 0.625
vt 0.5 0.6875
vt 0.5 0.75
vt 0.5 0.8125
vt 0.5 0.875
vt 0.5 0.9375
vt 0.5 1
vt 0.53125 0
vt 0.53125 0.0625
vt 0.53125 0.125
vt 0.53125 0.1875
vt 0.53125 0.25
vt 0.53125 0.3125
vt 0.53125 0.375
vt 0.53125 0.4375
vt 0.53125 0.5
vt 0.53125 0.5625
vt 0.53125 0.625
vt 0.53125 0.6875
vt 0.53125 0.75
vt 0.53125 0.8125
vt 0.53125 0.875
vt 0.53125 0.9375
vt 0.53125 1
vt 0.5625 0
vt 0.5625 0.0625
vt 0.5625 0.125
vt 0.5625 0.1875
vt 0.5625 0.25
vt 0.5625 0.3125
vt 0.5625 0.375
vt 0.5625 0.4375
vt 0.5625 0.5
vt 0.5625 0.5625
vt 0.5625 0.625
vt 0.5625 0.6875
vt 0.5625 0.75
vt 0.5625 0.8125
vt 0.5625 0.875
vt 0.5625 0.9375
vt 0.5625 1
vt 0.59375 0
vt 0.59375 0.0625
vt 0.59375 0.125
vt 0.59375 0.1875
vt 0.59375 0.25
vt 0.59375 0.3125
vt 0.59375 0.375
vt 0.59375 0.4375
vt 0.59375 0.5
vt 0.59375 0.5625
vt 0.59375 0.625
vt 0.59375 0.6875
vt 0.59375 0.75
vt 0.59375 0.8125
vt 0.59375 0.875
vt 0.59375 0.9375
vt 0.59375 1
vt 0.625 0
vt 0.625 0.0625
vt 0.625 0.125
vt 0.625 0.1875
vt 0.625 0.25
vt 0.625 0.3125
vt 0.625 0.375
vt 0.625 0.4375
vt 0.625 0.5
vt 0.625 0.5625
vt 0.625 0.625
vt 0.625 0.6875
vt 0.625 0.75
vt 0.625 0.8125
vt 0.625 0.875
vt 0.625 0.9375
vt 0.625 1
vt 0.65625 0
vt 0.65625 0.0625
vt 0.65625 0.125
vt 0.65625 0.1875
vt 0.65625 0.25
vt 0.65625 0.3125
vt 0.65625 0.375
vt 0.65625 0.4375
vt 0.65625 0.5
vt 0.65625 0.5625
vt 0.65625 0.625
vt 0.65625 0.6875
vt 0.65625 0.75
vt 0.65625 0.8125
vt 0.65625 0.875
vt 0.65625 0.9375
vt 0.65625 1
vt 0.6875 0
vt 0.6875 0.0625
vt 0.6875 0.125
vt 0.6875 0.1875
vt 0.6875 0.25
vt 0.6875 0.3125
vt 0.6875 0.375
vt 0.6875 0.4375
vt 0.6875 0.5
vt 0.6875 0.5625
vt 0.6875 0.625
vt 0.6875 0.6875
vt 0.6875 0.75
vt 0.6875 0.8125
vt 0.6875 0.875
vt 0.6875 0.9375
vt 0.6875 1
vt 0.71875 0
vt 0.71875 0.0625
vt 0.71875 0.125
vt 0.71875 0.1875
vt 0.71875 0.25
vt 0.71875 0.3125
vt 0.71875 0.375
vt 0.71875 0.4375
vt 0.71875 0.5
vt 0.71875 0.5625
vt 0.71875 0.625
vt 0.71875 0.6875
vt 0.71875 0.75
vt 0.71875 0.8125
vt 0.71875 0.875
vt 0.71875 0.9375
vt 0.71875 1
vt 0.75 0
vt 0.75 0.0625
vt 0.75 0.125
vt 0.75 0.1875
vt 0.75 0.25
vt 0.75 0.3125
vt 0.75 0.375
vt 0.75 0.4375
vt 0.75 0.5
vt 0.75 0.5625
vt 0.75 0.625
vt 0.75 0.6875
vt 0.75 0.75
vt 0.75 0.8125
vt 0.75 0.875
vt 0.75 0.9375
vt 0.75 1
vt 0.78125 0
vt 0.78125 0.0625
vt 0.78125 0.125
vt 0.78125 0.1875
vt 0.78125 0.25
vt 0.78125 0.3125
vt 0.78125 0.375
vt 0.78125 0.4375
vt 0.78125 0.5
vt 0.78125 0.5625
vt 0.78125 0.625
vt 0.78125 0.6875
vt 0.78125 0.75
vt 0.78125 0.8125
vt 0.78125 0.875
vt 0.78125 0.9375
vt 0.78125 1
vt 0.8125 0
vt 0.8125 0.0625
vt 0.8125 0.125
vt 0.8125 0.1875
vt 0.8125 0.25
vt 0.8125 0.3125
vt 0.8125 0.375
vt 0.8125 0.4375
vt 0.8125 0.5
vt 0.8125 0.5625
vt 0.8125 0.625
vt 0.8125 0.6875
vt 0.8125 0.75
vt 0.8125 0.8125
vt 0.8125 0.875
vt 0.8125 0.9375
vt 0.8125 1
vt 0.84375 0
vt 0.84375 0.0625
vt 0.84375 0.125
vt 0.84375 0.1875
vt 0.84375 0.25
vt 0.84375 0.3125
vt 0.84375 0.375
vt 0.84375 0.4375
vt 0.84375 0.5
vt 0.84375 0.5625
vt 0.84375 0.625
vt 0.84375 0.6875
vt 0.84375 0.75
vt 0.84375 0.8125
vt 0.84375 0.875
vt 0.84375 0.9375
vt 0.84375 1
vt 0.875 0
vt 0.875 0.0625
vt 0.875 0.125
vt 0.875 0.1875
vt 0.875 0.25
vt 0.875 0.3125
vt 0.875 0.375
vt 0.875 0.4375
vt 0.875 0.5
vt 0.875 0.5625
vt 0.875 0.625
vt 0.875 0.6875
vt 0.875 0.75
vt 0.875 0.8125
vt 0.875 0.875
vt 0.875 0.9375
vt 0.875 1
vt 0.90625 0
vt 0.90625 0.0625
vt 0.90625 0.125
vt 0.90625 0.1875
vt 0.90625 0.25
vt 0.90625 0.3125
vt 0.90625 0.375
vt 0.90625 0.4375
vt 0.90625 0.5
vt 0.90625 0.5625
vt 0.90625 0.625
vt 0.90625 0.6875
vt 0.90625 0.75
vt 0.90625 0.8125
vt 0.90625 0.875
vt 0.90625 0.9375
vt 0.90625 1
vt 0.9375 0
vt 0.9375 0.0625
vt 0.9375 0.125
vt 0.9375 0.1875
vt 0.9375 0.25
vt 0.9375 0.3125
vt 0.9375 0.375
vt 0.9375 0.4375
vt 0.9375 0.5
vt 0.9375 0.5625
vt 0.9375 0.625
vt 0.9375 0.6875
vt 0.9375 0.75
vt 0.9375 0.8125
vt 0.9375 0.875
vt 0.9375 0.9375
vt 0.9375 1
vt 0.96875 0
vt 0.96875 0.0625
vt 0.96875 0.125
vt 0.96875 0.1875
vt 0.96875 0.25
vt 0.96875 0.3125
vt 0.96875 0.375
vt 0.96875 0.4375
vt 0.96875 0.5
vt 0.96875 0.5625
vt 0.96875 0.625
vt 0.96875 0.6875
vt 0.96875 0.75
vt 0.96875 0.8125
vt 0.96875 0.875
vt 0.96875 0.9375
vt 0.96875 1
vt 1 0
vt 1 0.0625
vt 1 0.125
vt 1 0.1875
vt 1 0.25
vt 1 0.3125
vt 1 0.375
vt 1 0.4375
vt 1 0.5
vt 1 0.5625
vt 1 0.625
vt 1 0.6875
vt 1 0.75
vt 1 0.8125
vt 1 0.875
vt 1 0.9375
vt 1 1
vn 0 0 0
vn -0.07365211072415843 -0.6598247265495736 -0.7478012415205372
vn -0.09222438806754744 -0.3386865212417982 -0.936368571970832
vn -0.09101159976038815 -0.3712714059440077 -0.9240532624461726
vn -0.06857208175199034 -0.7145437015366721 -0.696222068163937
vn 0.03726609061222941 -0.9249040509235835 0.37836983901419324
vn 0.09570448970071585 0.21593466681884774 0.9717061645975901
vn 0.08566129890621708 0.4860282803139868 0.8697348174039764
vn 0.08112804139602084 0.5611809098742501 0.8237076103156717
vn 0.07172941527725683 0.6815123067673334 0.728282820550266
vn 0.09684290254251854 0.1543237757773638 0.98326274436539
vn 0.09721478776809303 0.1276767993281433 0.9870399789028436
vn 0.08258270234517999 0.5386422121412315 0.8384775874005028
vn 0.09004669626546725 -0.3949955697467217 0.914259313527698
vn 0.09531769295126351 0.23307684402996953 0.967775656951278
vn 0.05060855795691733 0.8563940734765456 0.5138365156115029
vn 0.009799796388193484 0.9949894186571693 0.0994988479883992
vn -0.028290014263249928 -0.9574429240262586 -0.2872328712474132
vn -0.1306520509773949 -0.5630650936791545 -0.8160194494345617
vn -0.18291472265558614 -0.3423822888882714 -0.9215837305917777
vn -0.18554978559274524 -0.38668025554072605 -0.9033546684671779
vn -0.11908626857576295 -0.8483995413771312 -0.5157874357017379
vn 0.1012776524637259 -0.7829477427616591 0.613787967636919
vn 0.1866307307827886 0.312210538276879 0.9315006978614369
vn 0.17617695094688668 0.44989666498862213 0.8755310804232903
vn 0.15403196439968916 0.6586578584279917 0.7365079629401329
vn 0.14733527516526818 0.5919729437360826 0.7923763945098388
vn 0.20155669351550454 4.965712010308231e-8 0.9794768498025334
vn 0.1845650216693067 0.32808172539522695 0.9264438106209677
vn 0.18960608398773693 0.3119746423048962 0.9309787083889554
vn 0.18283244895713546 -0.36664447044498805 0.9122193419898806
vn 0.1816202559695007 0.38321915449694127 0.9056252879906913
vn 0.10712996904809308 0.8870813279133979 0.44900989677195
vn 0.02902274644905368 0.9949894178012256 0.09567517260048125
vn -0.08378274577758757 -0.957442920879478 -0.27619468634957756
vn -0.28733903687304146 -0.5630651217813394 -0.7748509189013317
vn -0.359192072431522 -0.34238231095007987 -0.8681908823817669
vn -0.35822007230120306 -0.38668021743296416 -0.8497980873398788
vn -0.2174231813621439 -0.848399502969797 -0.48264422048437045
vn 0.2190758924152837 -0.7829476738593382 0.5822359430340065
vn 0.3647715084101345 0.3122105242902146 0.8771923022773425
vn 0.34359938439930404 0.4498966108103266 0.8243376144649721
vn 0.29475788132341296 0.6586578082320603 0.6923060616899662
vn 0.2990892822386361 0.5919730653156938 0.7484073030046665
vn 0.38877034605861516 1.6737713617660507e-8 0.9213346938140693
vn 0.36175902756846984 0.32808177827907786 0.8726355211277804
vn 0.3675877825508084 0.3119746510761792 0.8760999025255487
vn 0.3572845116932746 -0.3666444375632679 0.8590224875450078
vn 0.35480919720164916 0.3832191254771122 0.8527916131445469
vn 0.19266898843887004 0.8870813210860264 0.4194822888683296
vn 0.04713037720303242 0.994989418416784 0.08817474005252057
vn -0.13605579419805106 -0.9574429171818027 -0.25454249390531475
vn -0.43298375903468833 -0.5630651154985082 -0.7039053488366475
vn -0.5216658701546117 -0.3423822813697339 -0.7814339980573459
vn -0.5171244068253003 -0.38668026950493006 -0.7635841257131893
vn -0.3074046766339734 -0.8483994865205279 -0.4309532179428142
vn 0.328454918344735 -0.7829476157060449 0.5283089982911261
vn 0.5288941240064188 0.31221046901604943 0.7891740166961031
vn 0.49781745420221507 0.44989660154524796 0.7414653263704661
vn 0.42415636398543277 0.6586578429444359 0.6214991752355267
vn 0.43934945640948897 0.5919730847744182 0.6756773801566438
vn 0.5610437439255382 -4.8720192724973915e-8 0.8277861543913456
vn 0.5250506972101818 0.32808175526765726 0.7852923832685472
vn 0.5314433557402519 0.3119745542399428 0.7875530694158515
vn 0.5180064528128361 -0.3666444185328725 0.7728138101787227
vn 0.5143629983263301 0.383219128452198 0.767185639556089
vn 0.27080377768286623 0.8870813195484254 0.37383425003724985
vn 0.06342679417253741 0.994989419471285 0.07728581319485449
vn -0.1831002063769557 -0.9574429274473419 -0.22310839317645556
vn -0.5619892447462551 -0.5630651085786069 -0.6059090462197236
vn -0.6640924866097796 -0.34238228484058003 -0.66464692902005
vn -0.6561558710293227 -0.3866802972036509 -0.6480260956691846
vn -0.3855728261985177 -0.8483994719702406 -0.36270088455627514
vn 0.4252116900985007 -0.7829476452806011 0.45407929192283003
vn 0.6726918203983363 0.3122105888797917 0.6708280427654363
vn 0.6329047688704956 0.44989660444852336 0.630098880213791
vn 0.5372548201556272 0.6586578608769209 0.5268083907120156
vn 0.5627254868885392 0.591973068978149 0.5769817258896924
vn 0.7117564098277245 -2.851249021130349e-9 0.7024263755505971
vn 0.6681649125121418 0.3280817586107422 0.6677709258080382
vn 0.6748756929590644 0.3119745329991996 0.668741123165724
vn 0.6588214898561993 -0.3666444567018401 0.6569064521478463
vn 0.6541501178976432 0.38321905715020466 0.6520972147551374
vn 0.3385318465199698 0.8870813113010538 0.3138199101908333
vn 0.07728581319485449 0.994989419471285 0.06342679417253741
vn -0.22310839317645556 -0.9574429274473419 -0.1831002063769557
vn -0.6693978802448177 -0.5630651029539396 -0.4846278652318851
vn -0.7809982847227408 -0.3423823096893654 -0.5223179427053143
vn -0.7699717194182458 -0.3866802409265532 -0.5075647176204161
vn -0.44892362351830384 -0.8483994714977905 -0.2805101014392637
vn 0.5056278780448877 -0.7829476710830645 0.3623994940523915
vn 0.7906383063732958 0.3122105216611236 0.5267026283010704
vn 0.7436699221257289 0.4498965411965627 0.49451809789418394
vn 0.6297067990681734 0.6586579074817268 0.4118726843565959
vn 0.6644764556284959 0.5919730079462985 0.45611292217871147
vn 0.8351167961324634 4.870214410126978e-8 0.5500726650338548
vn 0.7856018490503583 0.3280817248253814 0.5245875680992265
vn 0.7923730736772279 0.3119746495813371 0.524229653997086
vn 0.7743185171385701 -0.3666444723024218 0.5157544618773594
vn 0.7687986571109974 0.3832191267746497 0.5119489483321572
vn 0.3932502579220166 0.8870813276374897 0.24174563657112033
vn 0.08817474005252057 0.994989418416784 0.04713037720303242
vn -0.25454249390531475 -0.9574429171818027 -0.13605579419805106
vn -0.7510817030484385 -0.5630651101040767 -0.3447230150850699
vn -0.867890783487614 -0.3423823150889803 -0.35991657123778786
vn -0.8541979133634942 -0.3866802128786829 -0.34759795421369905
vn -0.495022433712957 -0.8483994990040974 -0.18753954305825046
vn 0.5666129675355144 -0.7829476714139086 0.25679308567042153
vn 0.8782009628771192 0.312210505444568 0.362336403210812
vn 0.8258561439827173 0.4498966307846819 0.3399333038326618
vn 0.6979595818985188 0.658657829979488 0.2811090269677529
vn 0.7406919589090734 0.5919730059669611 0.3177158828479933
vn 0.9263841105286329 -1.6274136153168903e-8 0.3765799779065175
vn 0.8728487430821323 0.32808178434773283 0.36124425874904814
vn 0.8794199987730091 0.31197462065513937 0.35957238746205583
vn 0.8600589141980268 -0.36664444655926914 0.3547823472437129
vn 0.8539026791109903 0.38321911460558694 0.3521268589698648
vn 0.43285629279919713 0.8870813276500621 0.1603812580033557
vn 0.09567517260048125 0.9949894178012256 0.02902274644905368
vn -0.27619468634957756 -0.957442920879478 -0.08378274577758757
vn -0.8039019947511868 -0.5630651287025075 -0.19157046660247867
vn -0.9214307513156336 -0.34238227634585244 -0.18368382447602544
vn -0.9055976944304011 -0.38668021886909354 -0.17427341787459108
vn -0.5220978225383669 -0.848399514288712 -0.08736205043022655
vn 0.605823453069995 -0.7829477137065827 0.14131815634228595
vn 0.9320149025511918 0.31221056654018814 0.18404560185765753
vn 0.8763052595447589 0.44989662203694936 0.172285001012668
vn 0.7393901339080003 0.6586578480302308 0.1395423559629655
vn 0.7884430395320916 0.591973074292507 0.1671091042584892
vn 0.9820510189196915 -5.365607002906055e-8 0.1886154718966424
vn 0.926552459555296 0.32808181114355156 0.1840186536435868
vn 0.9326713097368193 0.3119745854641768 0.1810968967659616
vn 0.9127477510302908 -0.36664441641044004 0.1801760664022678
vn 0.9061917160346974 0.38321912685221593 0.17877268976193023
vn 0.4558278957160146 0.8870813326232554 0.07285354348595087
vn 0.0994988479883992 0.9949894186571693 0.009799796388193484
vn -0.2872328712474132 -0.9574429240262586 -0.028290014263249928
vn -0.8258287960690254 -0.5630651153219015 -0.031056005710942945
vn -0.9395606425717306 -0.34238230846572837 -0.0003921477725949795
vn -0.9221959307490469 -0.38668025350947144 0.0057486394694628235
vn -0.5291093523831321 -0.8483995096512172 0.01617297883127313
vn 0.6217525760331736 -0.7829476795077525 0.020412382260246057
vn 0.950012025602266 0.3122105291832423 -0.0013178308690944443
vn 0.8930784094838412 0.44989667486281365 -0.0019840517119964693
vn 0.7524062828021457 0.658657894160009 -0.007386748984499678
vn 0.8058947402547982 0.5919730124397851 0.010080683142400775
vn 0.9999782372814607 5.41786500743569e-10 -0.006597345182902814
vn 0.9446492713605572 0.3280818137408027 -0.0002785866358724241
vn 0.9500805563847095 0.31197454961458554 -0.004337830390599621
vn 0.9303601534040605 -0.3666444479879627 -0.001354148283995234
vn 0.9236563143943869 0.38321913516140005 -0.0014516630209297616
vn 0.4612823151124855 0.8870813293665913 -0.017474005083750587
vn 0.0994988479883992 0.9949894186571693 -0.009799796388193484
vn -0.2872328712474132 -0.9574429240262586 0.028290014263249928
vn -0.8160194494345617 -0.5630650936791545 0.1306520509773949
vn -0.9215837305917777 -0.3423822888882714 0.18291472265558614
vn -0.9033546684671779 -0.38668025554072605 0.18554978559274524
vn -0.5157874357017379 -0.8483995413771312 0.11908626857576295
vn 0.613787967636919 -0.7829477427616591 -0.1012776524637259
vn 0.9315006978614369 0.312210538276879 -0.1866307307827886
vn 0.8755310804232903 0.44989666498862213 -0.17617695094688668
vn 0.7365079629401329 0.6586578584279917 -0.15403196439968916
vn 0.7923763945098388 0.5919729437360826 -0.14733527516526818
vn 0.9794768498025334 4.965712010308231e-8 -0.20155669351550454
vn 0.9264438106209677 0.32808172539522695 -0.1845650216693067
vn 0.9309787083889554 0.3119746423048962 -0.18960608398773693
vn 0.9122193419898806 -0.36664447044498805 -0.18283244895713546
vn 0.9056252879906913 0.38321915449694127 -0.1816202559695007
vn 0.44900989677195 0.8870813279133979 -0.10712996904809308
vn 0.09567517260048125 0.9949894178012256 -0.02902274644905368
vn -0.27619468634957756 -0.957442920879478 0.08378274577758757
vn -0.7748509189013317 -0.5630651217813394 0.28733903687304146
vn -0.8681908823817669 -0.34238231095007987 0.359192072431522
vn -0.8497980873398788 -0.38668021743296416 0.35822007230120306
vn -0.48264422048437045 -0.848399502969797 0.2174231813621439
vn 0.5822359430340065 -0.7829476738593382 -0.2190758924152837
vn 0.8771923022773425 0.3122105242902146 -0.3647715084101345
vn 0.8243376144649721 0.4498966108103266 -0.34359938439930404
vn 0.6923060616899662 0.6586578082320603 -0.29475788132341296
vn 0.7484073030046665 0.5919730653156938 -0.2990892822386361
vn 0.9213346938140691 1.67377136176605e-8 -0.38877034605861505
vn 0.8726355211277804 0.32808177827907786 -0.36175902756846984
vn 0.8760999025255487 0.3119746510761792 -0.3675877825508084
vn 0.8590224875450078 -0.3666444375632679 -0.3572845116932746
vn 0.8527916131445469 0.3832191254771122 -0.35480919720164916
vn 0.4194822888683296 0.8870813210860264 -0.19266898843887004
vn 0.08817474005252057 0.994989418416784 -0.04713037720303242
vn -0.25454249390531475 -0.9574429171818027 0.13605579419805106
vn -0.7039053488366475 -0.5630651154985082 0.43298375903468833
vn -0.7814339980573459 -0.3423822813697339 0.5216658701546117
vn -0.7635841257131893 -0.38668026950493006 0.5171244068253003
vn -0.4309532179428142 -0.8483994865205279 0.3074046766339734
vn 0.5283089982911261 -0.7829476157060449 -0.328454918344735
vn 0.7891740166961031 0.31221046901604943 -0.5288941240064188
vn 0.7414653263704661 0.44989660154524796 -0.49781745420221507
vn 0.6214991752355267 0.6586578429444359 -0.42415636398543277
vn 0.6756773801566438 0.5919730847744182 -0.43934945640948897
vn 0.8277861543913456 -4.8720192724973915e-8 -0.5610437439255382
vn 0.7852923832685472 0.32808175526765726 -0.5250506972101818
vn 0.7875530694158515 0.3119745542399428 -0.5314433557402519
vn 0.7728138101787227 -0.3666444185328725 -0.5180064528128361
vn 0.767185639556089 0.383219128452198 -0.5143629983263301
vn 0.37383425003724985 0.8870813195484254 -0.27080377768286623
vn 0.07728581319485449 0.994989419471285 -0.06342679417253741
vn -0.22310839317645556 -0.9574429274473419 0.1831002063769557
vn -0.6059090462197236 -0.5630651085786069 0.5619892447462551
vn -0.66464692902005 -0.34238228484058003 0.6640924866097796
vn -0.6480260956691846 -0.3866802972036509 0.6561558710293227
vn -0.36270088455627514 -0.8483994719702406 0.3855728261985177
vn 0.45407929192283003 -0.7829476452806011 -0.4252116900985007
vn 0.6708280427654363 0.3122105888797917 -0.6726918203983363
vn 0.630098880213791 0.44989660444852336 -0.6329047688704956
vn 0.5268083907120156 0.6586578608769209 -0.5372548201556272
vn 0.5769817258896924 0.591973068978149 -0.5627254868885392
vn 0.7024263755505971 -2.851249021130349e-9 -0.7117564098277245
vn 0.6677709258080382 0.3280817586107422 -0.6681649125121418
vn 0.668741123165724 0.3119745329991996 -0.6748756929590644
vn 0.6569064521478463 -0.3666444567018401 -0.6588214898561993
vn 0.6520972147551374 0.38321905715020466 -0.6541501178976432
vn 0.3138199101908333 0.8870813113010538 -0.3385318465199698
vn 0.06342679417253741 0.994989419471285 -0.07728581319485449
vn -0.1831002063769557 -0.9574429274473419 0.22310839317645556
vn -0.4846278652318851 -0.5630651029539396 0.6693978802448177
vn -0.5223179427053143 -0.3423823096893654 0.7809982847227408
vn -0.5075647176204161 -0.3866802409265532 0.7699717194182458
vn -0.2805101014392637 -0.8483994714977905 0.44892362351830384
vn 0.3623994940523915 -0.7829476710830645 -0.5056278780448877
vn 0.5267026283010704 0.3122105216611236 -0.7906383063732958
vn 0.49451809789418394 0.4498965411965627 -0.7436699221257289
vn 0.4118726843565959 0.6586579074817268 -0.6297067990681734
vn 0.45611292217871147 0.5919730079462985 -0.6644764556284959
vn 0.5500726650338548 4.870214410126978e-8 -0.8351167961324634
vn 0.5245875680992265 0.3280817248253814 -0.7856018490503583
vn 0.524229653997086 0.3119746495813371 -0.7923730736772279
vn 0.5157544618773594 -0.3666444723024218 -0.7743185171385701
vn 0.5119489483321572 0.3832191267746497 -0.7687986571109974
vn 0.24174563657112033 0.8870813276374897 -0.3932502579220166
vn 0.04713037720303242 0.994989418416784 -0.08817474005252057
vn -0.13605579419805106 -0.9574429171818027 0.25454249390531475
vn -0.3447230150850699 -0.5630651101040767 0.7510817030484385
vn -0.35991657123778786 -0.3423823150889803 0.867890783487614
vn -0.34759795421369905 -0.3866802128786829 0.8541979133634942
vn -0.18753954305825046 -0.8483994990040974 0.495022433712957
vn 0.25679308567042153 -0.7829476714139086 -0.5666129675355144
vn 0.362336403210812 0.312210505444568 -0.8782009628771192
vn 0.3399333038326618 0.4498966307846819 -0.8258561439827173
vn 0.2811090269677529 0.658657829979488 -0.6979595818985188
vn 0.3177158828479933 0.5919730059669611 -0.7406919589090734
vn 0.3765799779065175 -1.6274136153168903e-8 -0.9263841105286329
vn 0.36124425874904814 0.32808178434773283 -0.8728487430821323
vn 0.35957238746205583 0.31197462065513937 -0.8794199987730091
vn 0.3547823472437129 -0.36664444655926914 -0.8600589141980268
vn 0.3521268589698648 0.38321911460558694 -0.8539026791109903
vn 0.1603812580033557 0.8870813276500621 -0.43285629279919713
vn 0.02902274644905368 0.9949894178012256 -0.09567517260048125
vn -0.08378274577758757 -0.957442920879478 0.27619468634957756
vn -0.19157046660247867 -0.5630651287025075 0.8039019947511868
vn -0.18368382447602544 -0.34238227634585244 0.9214307513156336
vn -0.17427341787459108 -0.38668021886909354 0.9055976944304011
vn -0.08736205043022655 -0.848399514288712 0.5220978225383669
vn 0.14131815634228595 -0.7829477137065827 -0.605823453069995
vn 0.18404560185765753 0.31221056654018814 -0.9320149025511918
vn 0.172285001012668 0.44989662203694936 -0.8763052595447589
vn 0.1395423559629655 0.6586578480302308 -0.7393901339080003
vn 0.1671091042584892 0.591973074292507 -0.7884430395320916
vn 0.1886154718966424 -5.365607002906055e-8 -0.9820510189196915
vn 0.1840186536435868 0.32808181114355156 -0.926552459555296
vn 0.1810968967659616 0.3119745854641768 -0.9326713097368193
vn 0.1801760664022678 -0.36664441641044004 -0.9127477510302908
vn 0.17877268976193023 0.38321912685221593 -0.9061917160346974
vn 0.07285354348595087 0.8870813326232554 -0.4558278957160146
vn 0.009799796388193484 0.9949894186571693 -0.0994988479883992
vn -0.028290014263249928 -0.9574429240262586 0.2872328712474132
vn -0.031056005710942945 -0.5630651153219015 0.8258287960690254
vn -0.0003921477725949795 -0.34238230846572837 0.9395606425717306
vn 0.0057486394694628235 -0.38668025350947144 0.9221959307490469
vn 0.01617297883127313 -0.8483995096512172 0.5291093523831321
vn 0.020412382260246057 -0.7829476795077525 -0.6217525760331736
vn -0.0013178308690944443 0.3122105291832423 -0.950012025602266
vn -0.0019840517119964693 0.44989667486281365 -0.8930784094838412
vn -0.007386748984499678 0.658657894160009 -0.7524062828021457
vn 0.010080683142400773 0.591973012439785 -0.805894740254798
vn -0.006597345182902814 5.41786500743569e-10 -0.9999782372814607
vn -0.0002785866358724241 0.3280818137408027 -0.9446492713605572
vn -0.004337830390599621 0.31197454961458554 -0.9500805563847095
vn -0.001354148283995234 -0.3666444479879627 -0.9303601534040605
vn -0.0014516630209297616 0.38321913516140005 -0.9236563143943869
vn -0.017474005083750587 0.8870813293665913 -0.4612823151124855
vn -0.009799796388193484 0.9949894186571693 -0.0994988479883992
vn 0.028290014263249928 -0.9574429240262586 0.2872328712474132
vn 0.1306520509773949 -0.5630650936791545 0.8160194494345617
vn 0.18291472265558614 -0.3423822888882714 0.9215837305917777
vn 0.18554978559274524 -0.38668025554072605 0.9033546684671779
vn 0.11908626857576295 -0.8483995413771312 0.5157874357017379
vn -0.1012776524637259 -0.7829477427616591 -0.613787967636919
vn -0.1866307307827886 0.312210538276879 -0.9315006978614369
vn -0.17617695094688668 0.44989666498862213 -0.8755310804232903
vn -0.15403196439968916 0.6586578584279917 -0.7365079629401329
vn -0.14733527516526818 0.5919729437360826 -0.7923763945098388
vn -0.20155669351550454 4.965712010308231e-8 -0.9794768498025334
vn -0.1845650216693067 0.32808172539522695 -0.9264438106209677
vn -0.18960608398773693 0.3119746423048962 -0.9309787083889554
vn -0.18283244895713546 -0.36664447044498805 -0.9122193419898806
vn -0.1816202559695007 0.38321915449694127 -0.9056252879906913
vn -0.10712996904809308 0.8870813279133979 -0.44900989677195
vn -0.02902274644905368 0.9949894178012256 -0.09567517260048125
vn 0.08378274577758757 -0.957442920879478 0.27619468634957756
vn 0.28733903687304146 -0.5630651217813394 0.7748509189013317
vn 0.359192072431522 -0.34238231095007987 0.8681908823817669
vn 0.35822007230120306 -0.38668021743296416 0.8497980873398788
vn 0.2174231813621439 -0.848399502969797 0.48264422048437045
vn -0.2190758924152837 -0.7829476738593382 -0.5822359430340065
vn -0.3647715084101345 0.3122105242902146 -0.8771923022773425
vn -0.34359938439930404 0.4498966108103266 -0.8243376144649721
vn -0.29475788132341296 0.6586578082320603 -0.6923060616899662
vn -0.2990892822386361 0.5919730653156938 -0.7484073030046665
vn -0.38877034605861516 1.6737713617660507e-8 -0.9213346938140693
vn -0.36175902756846984 0.32808177827907786 -0.8726355211277804
vn -0.3675877825508084 0.3119746510761792 -0.8760999025255487
vn -0.3572845116932746 -0.3666444375632679 -0.8590224875450078
vn -0.35480919720164916 0.3832191254771122 -0.8527916131445469
vn -0.19266898843887004 0.8870813210860264 -0.4194822888683296
vn -0.04713037720303242 0.994989418416784 -0.08817474005252057
vn 0.13605579419805106 -0.9574429171818027 0.25454249390531475
vn 0.43298375903468833 -0.5630651154985082 0.7039053488366475
vn 0.5216658701546117 -0.3423822813697339 0.7814339980573459
vn 0.5171244068253003 -0.38668026950493006 0.7635841257131893
vn 0.3074046766339734 -0.8483994865205279 0.4309532179428142
vn -0.328454918344735 -0.7829476157060449 -0.5283089982911261
vn -0.5288941240064188 0.31221046901604943 -0.7891740166961031
vn -0.49781745420221507 0.44989660154524796 -0.7414653263704661
vn -0.42415636398543277 0.6586578429444359 -0.6214991752355267
vn -0.43934945640948897 0.5919730847744182 -0.6756773801566438
vn -0.5610437439255382 -4.8720192724973915e-8 -0.8277861543913456
vn -0.5250506972101818 0.32808175526765726 -0.7852923832685472
vn -0.5314433557402519 0.3119745542399428 -0.7875530694158515
vn -0.5180064528128361 -0.3666444185328725 -0.7728138101787227
vn -0.5143629983263301 0.383219128452198 -0.767185639556089
vn -0.27080377768286623 0.8870813195484254 -0.37383425003724985
vn -0.06342679417253741 0.994989419471285 -0.07728581319485449
vn 0.1831002063769557 -0.9574429274473419 0.22310839317645556
vn 0.5619892447462551 -0.5630651085786069 0.6059090462197236
vn 0.6640924866097796 -0.34238228484058003 0.66464692902005
vn 0.6561558710293227 -0.3866802972036509 0.6480260956691846
vn 0.3855728261985177 -0.8483994719702406 0.36270088455627514
vn -0.4252116900985007 -0.7829476452806011 -0.45407929192283003
vn -0.6726918203983363 0.3122105888797917 -0.6708280427654363
vn -0.6329047688704956 0.44989660444852336 -0.630098880213791
vn -0.5372548201556272 0.6586578608769209 -0.5268083907120156
vn -0.5627254868885392 0.591973068978149 -0.5769817258896924
vn -0.7117564098277245 -2.851249021130349e-9 -0.7024263755505971
vn -0.6681649125121418 0.3280817586107422 -0.6677709258080382
vn -0.6748756929590644 0.3119745329991996 -0.668741123165724
vn -0.6588214898561993 -0.3666444567018401 -0.6569064521478463
vn -0.6541501178976432 0.38321905715020466 -0.6520972147551374
vn -0.3385318465199698 0.8870813113010538 -0.3138199101908333
vn -0.07728581319485449 0.994989419471285 -0.06342679417253741
vn 0.22310839317645556 -0.9574429274473419 0.1831002063769557
vn 0.6693978802448177 -0.5630651029539396 0.4846278652318851
vn 0.7809982847227408 -0.3423823096893654 0.5223179427053143
vn 0.7699717194182458 -0.3866802409265532 0.5075647176204161
vn 0.44892362351830384 -0.8483994714977905 0.2805101014392637
vn -0.5056278780448877 -0.7829476710830645 -0.3623994940523915
vn -0.7906383063732958 0.3122105216611236 -0.5267026283010704
vn -0.7436699221257289 0.4498965411965627 -0.49451809789418394
vn -0.6297067990681734 0.6586579074817268 -0.4118726843565959
vn -0.6644764556284959 0.5919730079462985 -0.45611292217871147
vn -0.8351167961324634 4.870214410126978e-8 -0.5500726650338548
vn -0.7856018490503583 0.3280817248253814 -0.5245875680992265
vn -0.7923730736772279 0.3119746495813371 -0.524229653997086
vn -0.7743185171385701 -0.3666444723024218 -0.5157544618773594
vn -0.7687986571109974 0.3832191267746497 -0.5119489483321572
vn -0.3932502579220166 0.8870813276374897 -0.24174563657112033
vn -0.08817474005252057 0.994989418416784 -0.04713037720303242
vn 0.25454249390531475 -0.9574429171818027 0.13605579419805106
vn 0.7510817030484385 -0.5630651101040767 0.3447230150850699
vn 0.867890783487614 -0.3423823150889803 0.35991657123778786
vn 0.8541979133634942 -0.3866802128786829 0.34759795421369905
vn 0.495022433712957 -0.8483994990040974 0.18753954305825046
vn -0.5666129675355144 -0.7829476714139086 -0.25679308567042153
vn -0.8782009628771192 0.312210505444568 -0.362336403210812
vn -0.8258561439827173 0.4498966307846819 -0.3399333038326618
vn -0.6979595818985188 0.658657829979488 -0.2811090269677529
vn -0.7406919589090734 0.5919730059669611 -0.3177158828479933
vn -0.9263841105286329 -1.6274136153168903e-8 -0.3765799779065175
vn -0.8728487430821323 0.32808178434773283 -0.36124425874904814
vn -0.8794199987730091 0.31197462065513937 -0.35957238746205583
vn -0.8600589141980268 -0.36664444655926914 -0.3547823472437129
vn -0.8539026791109903 0.38321911460558694 -0.3521268589698648
vn -0.43285629279919713 0.8870813276500621 -0.1603812580033557
vn -0.09567517260048125 0.9949894178012256 -0.02902274644905368
vn 0.27619468634957756 -0.957442920879478 0.08378274577758757
vn 0.8039019947511868 -0.5630651287025075 0.19157046660247867
vn 0.9214307513156336 -0.34238227634585244 0.18368382447602544
vn 0.9055976944304011 -0.38668021886909354 0.17427341787459108
vn 0.5220978225383669 -0.848399514288712 0.08736205043022655
vn -0.605823453069995 -0.7829477137065827 -0.14131815634228595
vn -0.9320149025511918 0.31221056654018814 -0.18404560185765753
vn -0.8763052595447589 0.44989662203694936 -0.172285001012668
vn -0.7393901339080003 0.6586578480302308 -0.1395423559629655
vn -0.7884430395320916 0.591973074292507 -0.1671091042584892
vn -0.9820510189196915 -5.365607002906055e-8 -0.1886154718966424
vn -0.926552459555296 0.32808181114355156 -0.1840186536435868
vn -0.9326713097368193 0.3119745854641768 -0.1810968967659616
vn -0.9127477510302908 -0.36664441641044004 -0.1801760664022678
vn -0.9061917160346974 0.38321912685221593 -0.17877268976193023
vn -0.4558278957160146 0.8870813326232554 -0.07285354348595087
vn -0.0994988479883992 0.9949894186571693 -0.009799796388193484
vn 0.2872328712474132 -0.9574429240262586 0.028290014263249928
vn 0.8258287960690254 -0.5630651153219015 0.031056005710942945
vn 0.9395606425717306 -0.34238230846572837 0.0003921477725949795
vn 0.9221959307490469 -0.38668025350947144 -0.0057486394694628235
vn 0.5291093523831321 -0.8483995096512172 -0.01617297883127313
vn -0.6217525760331736 -0.7829476795077525 -0.020412382260246057
vn -0.950012025602266 0.3122105291832423 0.0013178308690944443
vn -0.8930784094838412 0.44989667486281365 0.0019840517119964693
vn -0.7524062828021457 0.658657894160009 0.007386748984499678
vn -0.8058947402547982 0.5919730124397851 -0.010080683142400775
vn -0.9999782372814607 5.417864452324181e-10 0.006597345182902814
vn -0.9446492713605572 0.3280818137408027 0.0002785866358724241
vn -0.9500805563847095 0.31197454961458554 0.004337830390599621
vn -0.9303601534040605 -0.3666444479879627 0.001354148283995234
vn -0.9236563143943869 0.38321913516140005 0.0014516630209297616
vn -0.4612823151124855 0.8870813293665913 0.017474005083750587
vn -0.0994988479883992 0.9949894186571693 0.009799796388193484
vn 0.2872328712474132 -0.9574429240262586 -0.028290014263249928
vn 0.8160194494345617 -0.5630650936791545 -0.1306520509773949
vn 0.9215837305917777 -0.3423822888882714 -0.18291472265558614
vn 0.9033546684671779 -0.38668025554072605 -0.18554978559274524
vn 0.5157874357017379 -0.8483995413771312 -0.11908626857576295
vn -0.613787967636919 -0.7829477427616591 0.1012776524637259
vn -0.9315006978614369 0.312210538276879 0.1866307307827886
vn -0.8755310804232903 0.44989666498862213 0.17617695094688668
vn -0.7365079629401329 0.6586578584279917 0.15403196439968916
vn -0.7923763945098388 0.5919729437360826 0.14733527516526818
vn -0.9794768498025334 4.965712010308231e-8 0.20155669351550454
vn -0.9264438106209677 0.32808172539522695 0.1845650216693067
vn -0.9309787083889554 0.3119746423048962 0.18960608398773693
vn -0.9122193419898806 -0.36664447044498805 0.18283244895713546
vn -0.9056252879906913 0.38321915449694127 0.1816202559695007
vn -0.44900989677195 0.8870813279133979 0.10712996904809308
vn -0.09567517260048125 0.9949894178012256 0.02902274644905368
vn 0.27619468634957756 -0.957442920879478 -0.08378274577758757
vn 0.7748509189013317 -0.5630651217813394 -0.28733903687304146
vn 0.8681908823817669 -0.34238231095007987 -0.359192072431522
vn 0.8497980873398788 -0.38668021743296416 -0.35822007230120306
vn 0.48264422048437045 -0.848399502969797 -0.2174231813621439
vn -0.5822359430340065 -0.7829476738593382 0.2190758924152837
vn -0.8771923022773425 0.3122105242902146 0.3647715084101345
vn -0.8243376144649721 0.4498966108103266 0.34359938439930404
vn -0.6923060616899662 0.6586578082320603 0.29475788132341296
vn -0.7484073030046665 0.5919730653156938 0.2990892822386361
vn -0.9213346938140691 1.67377136176605e-8 0.38877034605861505
vn -0.8726355211277804 0.32808177827907786 0.36175902756846984
vn -0.8760999025255487 0.3119746510761792 0.3675877825508084
vn -0.8590224875450078 -0.3666444375632679 0.3572845116932746
vn -0.8527916131445469 0.3832191254771122 0.35480919720164916
vn -0.4194822888683296 0.8870813210860264 0.19266898843887004
vn -0.08817474005252057 0.994989418416784 0.04713037720303242
vn 0.25454249390531475 -0.9574429171818027 -0.13605579419805106
vn 0.7039053488366475 -0.5630651154985082 -0.43298375903468833
vn 0.7814339980573459 -0.3423822813697339 -0.5216658701546117
vn 0.7635841257131893 -0.38668026950493006 -0.5171244068253003
vn 0.4309532179428142 -0.8483994865205279 -0.3074046766339734
vn -0.5283089982911261 -0.7829476157060449 0.328454918344735
vn -0.7891740166961031 0.31221046901604943 0.5288941240064188
vn -0.7414653263704661 0.44989660154524796 0.49781745420221507
vn -0.6214991752355267 0.6586578429444359 0.42415636398543277
vn -0.6756773801566438 0.5919730847744182 0.43934945640948897
vn -0.8277861543913456 -4.8720192724973915e-8 0.5610437439255382
vn -0.7852923832685472 0.32808175526765726 0.5250506972101818
vn -0.7875530694158515 0.3119745542399428 0.5314433557402519
vn -0.7728138101787227 -0.3666444185328725 0.5180064528128361
vn -0.767185639556089 0.383219128452198 0.5143629983263301
vn -0.37383425003724985 0.8870813195484254 0.27080377768286623
vn -0.07728581319485449 0.994989419471285 0.06342679417253741
vn 0.22310839317645556 -0.9574429274473419 -0.1831002063769557
vn 0.6059090462197236 -0.5630651085786069 -0.5619892447462551
vn 0.66464692902005 -0.34238228484058003 -0.6640924866097796
vn 0.6480260956691846 -0.3866802972036509 -0.6561558710293227
vn 0.36270088455627514 -0.8483994719702406 -0.3855728261985177
vn -0.45407929192283003 -0.7829476452806011 0.4252116900985007
vn -0.6708280427654363 0.3122105888797917 0.6726918203983363
vn -0.630098880213791 0.44989660444852336 0.6329047688704956
vn -0.5268083907120156 0.6586578608769209 0.5372548201556272
vn -0.5769817258896924 0.591973068978149 0.5627254868885392
vn -0.7024263755505971 -2.851249021130349e-9 0.7117564098277245
vn -0.6677709258080382 0.3280817586107422 0.6681649125121418
vn -0.668741123165724 0.3119745329991996 0.6748756929590644
vn -0.6569064521478463 -0.3666444567018401 0.6588214898561993
vn -0.6520972147551374 0.38321905715020466 0.6541501178976432
vn -0.3138199101908333 0.8870813113010538 0.3385318465199698
vn -0.06342679417253741 0.994989419471285 0.07728581319485449
vn 0.1831002063769557 -0.9574429274473419 -0.22310839317645556
vn 0.4846278652318851 -0.5630651029539396 -0.6693978802448177
vn 0.5223179427053143 -0.3423823096893654 -0.7809982847227408
vn 0.5075647176204161 -0.3866802409265532 -0.7699717194182458
vn 0.2805101014392637 -0.8483994714977905 -0.44892362351830384
vn -0.3623994940523915 -0.7829476710830645 0.5056278780448877
vn -0.5267026283010704 0.3122105216611236 0.7906383063732958
vn -0.49451809789418394 0.4498965411965627 0.7436699221257289
vn -0.4118726843565959 0.6586579074817268 0.6297067990681734
vn -0.45611292217871147 0.5919730079462985 0.6644764556284959
vn -0.5500726650338548 4.870214410126978e-8 0.8351167961324634
vn -0.5245875680992265 0.3280817248253814 0.7856018490503583
vn -0.524229653997086 0.3119746495813371 0.7923730736772279
vn -0.5157544618773594 -0.3666444723024218 0.7743185171385701
vn -0.5119489483321572 0.3832191267746497 0.7687986571109974
vn -0.24174563657112033 0.8870813276374897 0.3932502579220166
vn -0.04713037720303242 0.994989418416784 0.08817474005252057
vn 0.13605579419805106 -0.9574429171818027 -0.25454249390531475
vn 0.3447230150850699 -0.5630651101040767 -0.7510817030484385
vn 0.35991657123778786 -0.3423823150889803 -0.867890783487614
vn 0.34759795421369905 -0.3866802128786829 -0.8541979133634942
vn 0.18753954305825046 -0.8483994990040974 -0.495022433712957
vn -0.25679308567042153 -0.7829476714139086 0.5666129675355144
vn -0.362336403210812 0.312210505444568 0.8782009628771192
vn -0.3399333038326618 0.4498966307846819 0.8258561439827173
vn -0.2811090269677529 0.658657829979488 0.6979595818985188
vn -0.3177158828479933 0.5919730059669611 0.7406919589090734
vn -0.3765799779065175 -1.6274136153168903e-8 0.9263841105286329
vn -0.36124425874904814 0.32808178434773283 0.8728487430821323
vn -0.35957238746205583 0.31197462065513937 0.8794199987730091
vn -0.3547823472437129 -0.36664444655926914 0.8600589141980268
vn -0.3521268589698648 0.38321911460558694 0.8539026791109903
vn -0.1603812580033557 0.8870813276500621 0.43285629279919713
vn -0.02902274644905368 0.9949894178012256 0.09567517260048125
vn 0.08378274577758757 -0.957442920879478 -0.27619468634957756
vn 0.19157046660247867 -0.5630651287025075 -0.8039019947511868
vn 0.18368382447602544 -0.34238227634585244 -0.9214307513156336
vn 0.17427341787459108 -0.38668021886909354 -0.9055976944304011
vn 0.08736205043022655 -0.848399514288712 -0.5220978225383669
vn -0.14131815634228595 -0.7829477137065827 0.605823453069995
vn -0.18404560185765753 0.31221056654018814 0.9320149025511918
vn -0.172285001012668 0.44989662203694936 0.8763052595447589
vn -0.1395423559629655 0.6586578480302308 0.7393901339080003
vn -0.1671091042584892 0.591973074292507 0.7884430395320916
vn -0.1886154718966424 -5.365607002906055e-8 0.9820510189196915
vn -0.1840186536435868 0.32808181114355156 0.926552459555296
vn -0.1810968967659616 0.3119745854641768 0.9326713097368193
vn -0.1801760664022678 -0.36664441641044004 0.9127477510302908
vn -0.17877268976193023 0.38321912685221593 0.9061917160346974
vn -0.07285354348595087 0.8870813326232554 0.4558278957160146
vn -0.009799796388193484 0.9949894186571693 0.0994988479883992
vn 0.028290014263249928 -0.9574429240262586 -0.2872328712474132
vn 0.08444683319464545 -0.5076721350112313 -0.8574017353006314
vn 0.09206616338705113 -0.3431402521339667 -0.9347612470169195
vn 0.08981345393024837 -0.40049146710033334 -0.9118882213697806
vn 0.03418753248735725 -0.9372005928749749 -0.3471113097224308
vn -0.0816758195806926 -0.5528468457702862 0.8292704176670403
vn -0.08984885288252992 0.3996533717452088 0.9122523587738096
vn -0.08958370854016041 0.4058034361313172 0.9095594155349103
vn -0.06569942205193688 0.7421026959482976 0.6670585990813026
vn -0.08493875793361014 0.4990530061749472 0.8623986922696738
vn -0.09648992707751285 -0.17583976397108012 0.979678555128758
vn -0.08538027984948474 0.49114663169159006 0.8668824568480028
vn -0.09800438413215781 -0.01612360747554877 0.9950553602553233
vn -0.09241914535290315 -0.33311312619917804 0.9383466026613244
vn -0.08435528857215452 0.5092538078738924 0.8564722671843201
vn -0.0365544004229188 0.9278561611263033 0.3711424525295922
vn 0 0 0
f 1/1/1 18/18/18 2/2/2
f 19/19/19 2/2/2 18/18/18
f 2/2/2 19/19/19 3/3/3
f 20/20/20 3/3/3 19/19/19
f 3/3/3 20/20/20 4/4/4
f 21/21/21 4/4/4 20/20/20
f 4/4/4 21/21/21 5/5/5
f 22/22/22 5/5/5 21/21/21
f 5/5/5 22/22/22 6/6/6
f 23/23/23 6/6/6 22/22/22
f 6/6/6 23/23/23 7/7/7
f 24/24/24 7/7/7 23/23/23
f 7/7/7 24/24/24 8/8/8
f 25/25/25 8/8/8 24/24/24
f 8/8/8 25/25/25 9/9/9
f 26/26/26 9/9/9 25/25/25
f 9/9/9 26/26/26 10/10/10
f 27/27/27 10/10/10 26/26/26
f 10/10/10 27/27/27 11/11/11
f 28/28/28 11/11/11 27/27/27
f 11/11/11 28/28/28 12/12/12
f 29/29/29 12/12/12 28/28/28
f 12/12/12 29/29/29 13/13/13
f 30/30/30 13/13/13 29/29/29
f 13/13/13 30/30/30 14/14/14
f 31/31/31 14/14/14 30/30/30
f 14/14/14 31/31/31 15/15/15
f 32/32/32 15/15/15 31/31/31
f 15/15/15 32/32/32 16/16/16
f 33/33/33 16/16/16 32/32/32
f 16/16/16 33/33/33 17/17/17
f 34/34/34 17/17/17 33/33/33
f 18/18/18 35/35/35 19/19/19
f 36/36/36 19/19/19 35/35/35
f 19/19/19 36/36/36 20/20/20
f 37/37/37 20/20/20 36/36/36
f 20/20/20 37/37/37 21/21/21
f 38/38/38 21/21/21 37/37/37
f 21/21/21 38/38/38 22/22/22
f 39/39/39 22/22/22 38/38/38
f 22/22/22 39/39/39 23/23/23
f 40/40/40 23/23/23 39/39/39
f 23/23/23 40/40/40 24/24/24
f 41/41/41 24/24/24 40/40/40
f 24/24/24 41/41/41 25/25/25
f 42/42/42 25/25/25 41/41/41
f 25/25/25 42/42/42 26/26/26
f 43/43/43 26/26/26 42/42/42
f 26/26/26 43/43/43 27/27/27
f 44/44/44 27/27/27 43/43/43
f 27/27/27 44/44/44 28/28/28
f 45/45/45 28/28/28 44/44/44
f 28/28/28 45/45/45 29/29/29
f 46/46/46 29/29/29 45/45/45
f 29/29/29 46/46/46 30/30/30
f 47/47/47 30/30/30 46/46/46
f 30/30/30 47/47/47 31/31/31
f 48/48/48 31/31/31 47/47/47
f 31/31/31 48/48/48 32/32/32
f 49/49/49 32/32/32 48/48/48
f 32/32/32 49/49/49 33/33/33
f 50/50/50 33/33/33 49/49/49
f 33/33/33 50/50/50 34/34/34
f 51/51/51 34/34/34 50/50/50
f 35/35/35 52/52/52 36/36/36
f 53/53/53 36/36/36 52/52/52
f 36/36/36 53/53/53 37/37/37
f 54/54/54 37/37/37 53/53/53
f 37/37/37 54/54/54 38/38/38
f 55/55/55 38/38/38 54/54/54
f 38/38/38 55/55/55 39/39/39
f 56/56/56 39/39/39 55/55/55
f 39/39/39 56/56/56 40/40/40
f 57/57/57 40/40/40 56/56/56
f 40/40/40 57/57/57 41/41/41
f 58/58/58 41/41/41 57/57/57
f 41/41/41 58/58/58 42/42/42
f 59/59/59 42/42/42 58/58/58
f 42/42/42 59/59/59 43/43/43
f 60/60/60 43/43/43 59/59/59
f 43/43/43 60/60/60 44/44/44
f 61/61/61 44/44/44 60/60/60
f 44/44/44 61/61/61 45/45/45
f 62/62/62 45/45/45 61/61/61
f 45/45/45 62/62/62 46/46/46
f 63/63/63 46/46/46 62/62/62
f 46/46/46 63/63/63 47/47/47
f 64/64/64 47/47/47 63/63/63
f 47/47/47 64/64/64 48/48/48
f 65/65/65 48/48/48 64/64/64
f 48/48/48 65/65/65 49/49/49
f 66/66/66 49/49/49 65/65/65
f 49/49/49 66/66/66 50/50/50
f 67/67/67 50/50/50 66/66/66
f 50/50/50 67/67/67 51/51/51
f 68/68/68 51/51/51 67/67/67
f 52/52/52 69/69/69 53/53/53
f 70/70/70 53/53/53 69/69/69
f 53/53/53 70/70/70 54/54/54
f 71/71/71 54/54/54 70/70/70
f 54/54/54 71/71/71 55/55/55
f 72/72/72 55/55/55 71/71/71
f 55/55/55 72/72/72 56/56/56
f 73/73/73 56/56/56 72/72/72
f 56/56/56 73/73/73 57/57/57
f 74/74/74 57/57/57 73/73/73
f 57/57/57 74/74/74 58/58/58
f 75/75/75 58/58/58 74/74/74
f 58/58/58 75/75/75 59/59/59
f 76/76/76 59/59/59 75/75/75
f 59/59/59 76/76/76 60/60/60
f 77/77/77 60/60/60 76/76/76
f 60/60/60 77/77/77 61/61/61
f 78/78/78 61/61/61 77/77/77
f 61/61/61 78/78/78 62/62/62
f 79/79/79 62/62/62 78/78/78
f 62/62/62 79/79/79 63/63/63
f 80/80/80 63/63/63 79/79/79
f 63/63/63 80/80/80 64/64/64
f 81/81/81 64/64/64 80/80/80
f 64/64/64 81/81/81 65/65/65
f 82/82/82 65/65/65 81/81/81
f 65/65/65 82/82/82 66/66/66
f 83/83/83 66/66/66 82/82/82
f 66/66/66 83/83/83 67/67/67
f 84/84/84 67/67/67 83/83/83
f 67/67/67 84/84/84 68/68/68
f 85/85/85 68/68/68 84/84/84
f 69/69/69 86/86/86 70/70/70
f 87/87/87 70/70/70 86/86/86
f 70/70/70 87/87/87 71/71/71
f 88/88/88 71/71/71 87/87/87
f 71/71/71 88/88/88 72/72/72
f 89/89/89 72/72/72 88/88/88
f 72/72/72 89/89/89 73/73/73
f 90/90/90 73/73/73 89/89/89
f 73/73/73 90/90/90 74/74/74
f 91/91/91 74/74/74 90/90/90
f 74/74/74 91/91/91 75/75/75
f 92/92/92 75/75/75 91/91/91
f 75/75/75 92/92/92 76/76/76
f 93/93/93 76/76/76 92/92/92
f 76/76/76 93/93/93 77/77/77
f 94/94/94 77/77/77 93/93/93
f 77/77/77 94/94/94 78/78/78
f 95/95/95 78/78/78 94/94/94
f 78/78/78 95/95/95 79/79/79
f 96/96/96 79/79/79 95/95/95
f 79/79/79 96/96/96 80/80/80
f 97/97/97 80/80/80 96/96/96
f 80/80/80 97/97/97 81/81/81
f 98/98/98 81/81/81 97/97/97
f 81/81/81 98/98/98 82/82/82
f 99/99/99 82/82/82 98/98/98
f 82/82/82 99/99/99 83/83/83
f 100/100/100 83/83/83 99/99/99
f 83/83/83 100/100/100 84/84/84
f 101/101/101 84/84/84 100/100/100
f 84/84/84 101/101/101 85/85/85
f 102/102/102 85/85/85 101/101/101
f 86/86/86 103/103/103 87/87/87
f 104/104/104 87/87/87 103/103/103
f 87/87/87 104/104/104 88/88/88
f 105/105/105 88/88/88 104/104/104
f 88/88/88 105/105/105 89/89/89
f 106/106/106 89/89/89 105/105/105
f 89/89/89 106/106/106 90/90/90
f 107/107/107 90/90/90 106/106/106
f 90/90/90 107/107/107 91/91/91
f 108/108/108 91/91/91 107/107/107
f 91/91/91 108/108/108 92/92/92
f 109/109/109 92/92/92 108/108/108
f 92/92/92 109/109/109 93/93/93
f 110/110/110 93/93/93 109/109/109
f 93/93/93 110/110/110 94/94/94
f 111/111/111 94/94/94 110/110/110
f 94/94/94 111/111/111 95/95/95
f 112/112/112 95/95/95 111/111/111
f 95/95/95 112/112/112 96/96/96
f 113/113/113 96/96/96 112/112/112
f 96/96/96 113/113/113 97/97/97
f 114/114/114 97/97/97 113/113/113
f 97/97/97 114/114/114 98/98/98
f 115/115/115 98/98/98 114/114/114
f 98/98/98 115/115/115 99/99/99
f 116/116/116 99/99/99 115/115/115
f 99/99/99 116/116/116 100/100/100
f 117/117/117 100/100/100 116/116/116
f 100/100/100 117/117/117 101/101/101
f 118/118/118 101/101/101 117/117/117
f 101/101/101 118/118/118 102/102/102
f 119/119/119 102/102/102 118/118/118
f 103/103/103 120/120/120 104/104/104
f 121/121/121 104/104/104 120/120/120
f 104/104/104 121/121/121 105/105/105
f 122/122/122 105/105/105 121/121/121
f 105/105/105 122/122/122 106/106/106
f 123/123/123 106/106/106 122/122/122
f 106/106/106 123/123/123 107/107/107
f 124/124/124 107/107/107 123/123/123
f 107/107/107 124/124/124 108/108/108
f 125/125/125 108/108/108 124/124/124
f 108/108/108 125/125/125 109/109/109
f 126/126/126 109/109/109 125/125/125
f 109/109/109 126/126/126 110/110/110
f 127/127/127 110/110/110 126/126/126
f 110/110/110 127/127/127 111/111/111
f 128/128/128 111/111/111 127/127/127
f 111/111/111 128/128/128 112/112/112
f 129/129/129 112/112/112 128/128/128
f 112/112/112 129/129/129 113/113/113
f 130/130/130 113/113/113 129/129/129
f 113/113/113 130/130/130 114/114/114
f 131/131/131 114/114/114 130/130/130
f 114/114/114 131/131/131 115/115/115
f 132/132/132 115/115/115 131/131/131
f 115/115/115 132/132/132 116/116/116
f 133/133/133 116/116/116 132/132/132
f 116/116/116 133/133/133 117/117/117
f 134/134/134 117/117/117 133/133/133
f 117/117/117 134/134/134 118/118/118
f 135/135/135 118/118/118 134/134/134
f 118/118/118 135/135/135 119/119/119
f 136/136/136 119/119/119 135/135/135
f 120/120/120 137/137/137 121/121/121
f 138/138/138 121/121/121 137/137/137
f 121/121/121 138/138/138 122/122/122
f 139/139/139 122/122/122 138/138/138
f 122/122/122 139/139/139 123/123/123
f 140/140/140 123/123/123 139/139/139
f 123/123/123 140/140/140 124/124/124
f 141/141/141 124/124/124 140/140/140
f 124/124/124 141/141/141 125/125/125
f 142/142/142 125/125/125 141/141/141
f 125/125/125 142/142/142 126/126/126
f 143/143/143 126/126/126 142/142/142
f 126/126/126 143/143/143 127/127/127
f 144/144/144 127/127/127 143/143/143
f 127/127/127 144/144/144 128/128/128
f 145/145/145 128/128/128 144/144/144
f 128/128/128 145/145/145 129/129/129
f 146/146/146 129/129/129 145/145/145
f 129/129/129 146/146/146 130/130/130
f 147/147/147 130/130/130 146/146/146
f 130/130/130 147/147/147 131/131/131
f 148/148/148 131/131/131 147/147/147
f 131/131/131 148/148/148 132/132/132
f 149/149/149 132/132/132 148/148/148
f 132/132/132 149/149/149 133/133/133
f 150/150/150 133/133/133 149/149/149
f 133/133/133 150/150/150 134/134/134
f 151/151/151 134/134/134 150/150/150
f 134/134/134 151/151/151 135/135/135
f 152/152/152 135/135/135 151/151/151
f 135/135/135 152/152/152 136/136/136
f 153/153/153 136/136/136 152/152/152
f 137/137/137 154/154/154 138/138/138
f 155/155/155 138/138/138 154/154/154
f 138/138/138 155/155/155 139/139/139
f 156/156/156 139/139/139 155/155/155
f 139/139/139 156/156/156 140/140/140
f 157/157/157 140/140/140 156/156/156
f 140/140/140 157/157/157 141/141/141
f 158/158/158 141/141/141 157/157/157
f 141/141/141 158/158/158 142/142/142
f 159/159/159 142/142/142 158/158/158
f 142/142/142 159/159/159 143/143/143
f 160/160/160 143/143/143 159/159/159
f 143/143/143 160/160/160 144/144/144
f 161/161/161 144/144/144 160/160/160
f 144/144/144 161/161/161 145/145/145
f 162/162/162 145/145/145 161/161/161
f 145/145/145 162/162/162 146/146/146
f 163/163/163 146/146/146 162/162/162
f 146/146/146 163/163/163 147/147/147
f 164/164/164 147/147/147 163/163/163
f 147/147/147 164/164/164 148/148/148
f 165/165/165 148/148/148 164/164/164
f 148/148/148 165/165/165 149/149/149
f 166/166/166 149/149/149 165/165/165
f 149/149/149 166/166/166 150/150/150
f 167/167/167 150/150/150 166/166/166
f 150/150/150 167/167/167 151/151/151
f 168/168/168 151/151/151 167/167/167
f 151/151/151 168/168/168 152/152/152
f 169/169/169 152/152/152 168/168/168
f 152/152/152 169/169/169 153/153/153
f 170/170/170 153/153/153 169/169/169
f 154/154/154 171/171/171 155/155/155
f 172/172/172 155/155/155 171/171/171
f 155/155/155 172/172/172 156/156/156
f 173/173/173 156/156/156 172/172/172
f 156/156/156 173/173/173 157/157/157
f 174/174/174 157/157/157 173/173/173
f 157/157/157 174/174/174 158/158/158
f 175/175/175 158/158/158 174/174/174
f 158/158/158 175/175/175 159/159/159
f 176/176/176 159/159/159 175/175/175
f 159/159/159 176/176/176 160/160/160
f 177/177/177 160/160/160 176/176/176
f 160/160/160 177/177/177 161/161/161
f 178/178/178 161/161/161 177/177/177
f 161/161/161 178/178/178 162/162/162
f 179/179/179 162/162/162 178/178/178
f 162/162/162 179/179/179 163/163/163
f 180/180/180 163/163/163 179/179/179
f 163/163/163 180/180/180 164/164/164
f 181/181/181 164/164/164 180/180/180
f 164/164/164 181/181/181 165/165/165
f 182/182/182 165/165/165 181/181/181
f 165/165/165 182/182/182 166/166/166
f 183/183/183 166/166/166 182/182/182
f 166/166/166 183/183/183 167/167/167
f 184/184/184 167/167/167 183/183/183
f 167/167/167 184/184/184 168/168/168
f 185/185/185 168/168/168 184/184/184
f 168/168/168 185/185/185 169/169/169
f 186/186/186 169/169/169 185/185/185
f 169/169/169 186/186/186 170/170/170
f 187/187/187 170/170/170 186/186/186
f 171/171/171 188/188/188 172/172/172
f 189/189/189 172/172/172 188/188/188
f 172/172/172 189/189/189 173/173/173
f 190/190/190 173/173/173 189/189/189
f 173/173/173 190/190/190 174/174/174
f 191/191/191 174/174/174 190/190/190
f 174/174/174 191/191/191 175/175/175
f 192/192/192 175/175/175 191/191/191
f 175/175/175 192/192/192 176/176/176
f 193/193/193 176/176/176 192/192/192
f 176/176/176 193/193/193 177/177/177
f 194/194/194 177/177/177 193/193/193
f 177/177/177 194/194/194 178/178/178
f 195/195/195 178/178/178 194/194/194
f 178/178/178 195/195/195 179/179/179
f 196/196/196 179/179/179 195/195/195
f 179/179/179 196/196/196 180/180/180
f 197/197/197 180/180/180 196/196/196
f 180/180/180 197/197/197 181/181/181
f 198/198/198 181/181/181 197/197/197
f 181/181/181 198/198/198 182/182/182
f 199/199/199 182/182/182 198/198/198
f 182/182/182 199/199/199 183/183/183
f 200/200/200 183/183/183 199/199/199
f 183/183/183 200/200/200 184/184/184
f 201/201/201 184/184/184 200/200/200
f 184/184/184 201/201/201 185/185/185
f 202/202/202 185/185/185 201/201/201
f 185/185/185 202/202/202 186/186/186
f 203/203/203 186/186/186 202/202/202
f 186/186/186 203/203/203 187/187/187
f 204/204/204 187/187/187 203/203/203
f 188/188/188 205/205/205 189/189/189
f 206/206/206 189/189/189 205/205/205
f 189/189/189 206/206/206 190/190/190
f 207/207/207 190/190/190 206/206/206
f 190/190/190 207/207/207 191/191/191
f 208/208/208 191/191/191 207/207/207
f 191/191/191 208/208/208 192/192/192
f 209/209/209 192/192/192 208/208/208
f 192/192/192 209/209/209 193/193/193
f 210/210/210 193/193/193 209/209/209
f 193/193/193 210/210/210 194/194/194
f 211/211/211 194/194/194 210/210/210
f 194/194/194 211/211/211 195/195/195
f 212/212/212 195/195/195 211/211/211
f 195/195/195 212/212/212 196/196/196
f 213/213/213 196/196/196 212/212/212
f 196/196/196 213/213/213 197/197/197
f 214/214/214 197/197/197 213/213/213
f 197/197/197 214/214/214 198/198/198
f 215/215/215 198/198/198 214/214/214
f 198/198/198 215/215/215 199/199/199
f 216/216/216 199/199/199 215/215/215
f 199/199/199 216/216/216 200/200/200
f 217/217/217 200/200/200 216/216/216
f 200/200/200 217/217/217 201/201/201
f 218/218/218 201/201/201 217/217/217
f 201/201/201 218/218/218 202/202/202
f 219/219/219 202/202/202 218/218/218
f 202/202/202 219/219/219 203/203/203
f 220/220/220 203/203/203 219/219/219
f 203/203/203 220/220/220 204/204/204
f 221/221/221 204/204/204 220/220/220
f 205/205/205 222/222/222 206/206/206
f 223/223/223 206/206/206 222/222/222
f 206/206/206 223/223/223 207/207/207
f 224/224/224 207/207/207 223/223/223
f 207/207/207 224/224/224 208/208/208
f 225/225/225 208/208/208 224/224/224
f 208/208/208 225/225/225 209/209/209
f 226/226/226 209/209/209 225/225/225
f 209/209/209 226/226/226 210/210/210
f 227/227/227 210/210/210 226/226/226
f 210/210/210 227/227/227 211/211/211
f 228/228/228 211/211/211 227/227/227
f 211/211/211 228/228/228 212/212/212
f 229/229/229 212/212/212 228/228/228
f 212/212/212 229/229/229 213/213/213
f 230/230/230 213/213/213 229/229/229
f 213/213/213 230/230/230 214/214/214
f 231/231/231 214/214/214 230/230/230
f 214/214/214 231/231/231 215/215/215
f 232/232/232 215/215/215 231/231/231
f 215/215/215 232/232/232 216/216/216
f 233/233/233 216/216/216 232/232/232
f 216/216/216 233/233/233 217/217/217
f 234/234/234 217/217/217 233/233/233
f 217/217/217 234/234/234 218/218/218
f 235/235/235 218/218/218 234/234/234
f 218/218/218 235/235/235 219/219/219
f 236/236/236 219/219/219 235/235/235
f 219/219/219 236/236/236 220/220/220
f 237/237/237 220/220/220 236/236/236
f 220/220/220 237/237/237 221/221/221
f 238/238/238 221/221/221 237/237/237
f 222/222/222 239/239/239 223/223/223
f 240/240/240 223/223/223 239/239/239
f 223/223/223 240/240/240 224/224/224
f 241/241/241 224/224/224 240/240/240
f 224/224/224 241/241/241 225/225/225
f 242/242/242 225/225/225 241/241/241
f 225/225/225 242/242/242 226/226/226
f 243/243/243 226/226/226 242/242/242
f 226/226/226 243/243/243 227/227/227
f 244/244/244 227/227/227 243/243/243
f 227/227/227 244/244/244 228/228/228
f 245/245/245 228/228/228 244/244/244
f 228/228/228 245/245/245 229/229/229
f 246/246/246 229/229/229 245/245/245
f 229/229/229 246/246/246 230/230/230
f 247/247/247 230/230/230 246/246/246
f 230/230/230 247/247/247 231/231/231
f 248/248/248 231/231/231 247/247/247
f 231/231/231 248/248/248 232/232/232
f 249/249/249 232/232/232 248/248/248
f 232/232/232 249/249/249 233/233/233
f 250/250/250 233/233/233 249/249/249
f 233/233/233 250/250/250 234/234/234
f 251/251/251 234/234/234 250/250/250
f 234/234/234 251/251/251 235/235/235
f 252/252/252 235/235/235 251/251/251
f 235/235/235 252/252/252 236/236/236
f 253/253/253 236/236/236 252/252/252
f 236/236/236 253/253/253 237/237/237
f 254/254/254 237/237/237 253/253/253
f 237/237/237 254/254/254 238/238/238
f 255/255/255 238/238/238 254/254/254
f 239/239/239 256/256/256 240/240/240
f 257/257/257 240/240/240 256/256/256
f 240/240/240 257/257/257 241/241/241
f 258/258/258 241/241/241 257/257/257
f 241/241/241 258/258/258 242/242/242
f 259/259/259 242/242/242 258/258/258
f 242/242/242 259/259/259 243/243/243
f 260/260/260 243/243/243 259/259/259
f 243/243/243 260/260/260 244/244/244
f 261/261/261 244/244/244 260/260/260
f 244/244/244 261/261/261 245/245/245
f 262/262/262 245/245/245 261/261/261
f 245/245/245 262/262/262 246/246/246
f 263/263/263 246/246/246 262/262/262
f 246/246/246 263/263/263 247/247/247
f 264/264/264 247/247/247 263/263/263
f 247/247/247 264/264/264 248/248/248
f 265/265/265 248/248/248 264/264/264
f 248/248/248 265/265/265 249/249/249
f 266/266/266 249/249/249 265/265/265
f 249/249/249 266/266/266 250/250/250
f 267/267/267 250/250/250 266/266/266
f 250/250/250 267/267/267 251/251/251
f 268/268/268 251/251/251 267/267/267
f 251/251/251 268/268/268 252/252/252
f 269/269/269 252/252/252 268/268/268
f 252/252/252 269/269/269 253/253/253
f 270/270/270 253/253/253 269/269/269
f 253/253/253 270/270/270 254/254/254
f 271/271/271 254/254/254 270/270/270
f 254/254/254 271/271/271 255/255/255
f 272/272/272 255/255/255 271/271/271
f 256/256/256 273/273/273 257/257/257
f 274/274/274 257/257/257 273/273/273
f 257/257/257 274/274/274 258/258/258
f 275/275/275 258/258/258 274/274/274
f 258/258/258 275/275/275 259/259/259
f 276/276/276 259/259/259 275/275/275
f 259/259/259 276/276/276 260/260/260
f 277/277/277 260/260/260 276/276/276
f 260/260/260 277/277/277 261/261/261
f 278/278/278 261/261/261 277/277/277
f 261/261/261 278/278/278 262/262/262
f 279/279/279 262/262/262 278/278/278
f 262/262/262 279/279/279 263/263/263
f 280/280/280 263/263/263 279/279/279
f 263/263/263 280/280/280 264/264/264
f 281/281/281 264/264/264 280/280/280
f 264/264/264 281/281/281 265/265/265
f 282/282/282 265/265/265 281/281/281
f 265/265/265 282/282/282 266/266/266
f 283/283/283 266/266/266 282/282/282
f 266/266/266 283/283/283 267/267/267
f 284/284/284 267/267/267 283/283/283
f 267/267/267 284/284/284 268/268/268
f 285/285/285 268/268/268 284/284/284
f 268/268/268 285/285/285 269/269/269
f 286/286/286 269/269/269 285/285/285
f 269/269/269 286/286/286 270/270/270
f 287/287/287 270/270/270 286/286/286
f 270/270/270 287/287/287 271/271/271
f 288/288/288 271/271/271 287/287/287
f 271/271/271 288/288/288 272/272/272
f 289/289/289 272/272/272 288/288/288
f 273/273/273 290/290/290 274/274/274
f 291/291/291 274/274/274 290/290/290
f 274/274/274 291/291/291 275/275/275
f 292/292/292 275/275/275 291/291/291
f 275/275/275 292/292/292 276/276/276
f 293/293/293 276/276/276 292/292/292
f 276/276/276 293/293/293 277/277/277
f 294/294/294 277/277/277 293/293/293
f 277/277/277 294/294/294 278/278/278
f 295/295/295 278/278/278 294/294/294
f 278/278/278 295/295/295 279/279/279
f 296/296/296 279/279/279 295/295/295
f 279/279/279 296/296/296 280/280/280
f 297/297/297 280/280/280 296/296/296
f 280/280/280 297/297/297 281/281/281
f 298/298/298 281/281/281 297/297/297
f 281/281/281 298/298/298 282/282/282
f 299/299/299 282/282/282 298/298/298
f 282/282/282 299/299/299 283/283/283
f 300/300/300 283/283/283 299/299/299
f 283/283/283 300/300/300 284/284/284
f 301/301/301 284/284/284 300/300/300
f 284/284/284 301/301/301 285/285/285
f 302/302/302 285/285/285 301/301/301
f 285/285/285 302/302/302 286/286/286
f 303/303/303 286/286/286 302/302/302
f 286/286/286 303/303/303 287/287/287
f 304/304/304 287/287/287 303/303/303
f 287/287/287 304/304/304 288/288/288
f 305/305/305 288/288/288 304/304/304
f 288/288/288 305/305/305 289/289/289
f 306/306/306 289/289/289 305/305/305
f 290/290/290 307/307/307 291/291/291
f 308/308/308 291/291/291 307/307/307
f 291/291/291 308/308/308 292/292/292
f 309/309/309 292/292/292 308/308/308
f 292/292/292 309/309/309 293/293/293
f 310/310/310 293/293/293 309/309/309
f 293/293/293 310/310/310 294/294/294
f 311/311/311 294/294/294 310/310/310
f 294/294/294 311/311/311 295/295/295
f 312/312/312 295/295/295 311/311/311
f 295/295/295 312/312/312 296/296/296
f 313/313/313 296/296/296 312/312/312
f 296/296/296 313/313/313 297/297/297
f 314/314/314 297/297/297 313/313/313
f 297/297/297 314/314/314 298/298/298
f 315/315/315 298/298/298 314/314/314
f 298/298/298 315/315/315 299/299/299
f 316/316/316 299/299/299 315/315/315
f 299/299/299 316/316/316 300/300/300
f 317/317/317 300/300/300 316/316/316
f 300/300/300 317/317/317 301/301/301
f 318/318/318 301/301/301 317/317/317
f 301/301/301 318/318/318 302/302/302
f 319/319/319 302/302/302 318/318/318
f 302/302/302 319/319/319 303/303/303
f 320/320/320 303/303/303 319/319/319
f 303/303/303 320/320/320 304/304/304
f 321/321/321 304/304/304 320/320/320
f 304/304/304 321/321/321 305/305/305
f 322/322/322 305/305/305 321/321/321
f 305/305/305 322/322/322 306/306/306
f 323/323/323 306/306/306 322/322/322
f 307/307/307 324/324/324 308/308/308
f 325/325/325 308/308/308 324/324/324
f 308/308/308 325/325/325 309/309/309
f 326/326/326 309/309/309 325/325/325
f 309/309/309 326/326/326 310/310/310
f 327/327/327 310/310/310 326/326/326
f 310/310/310 327/327/327 311/311/311
f 328/328/328 311/311/311 327/327/327
f 311/311/311 328/328/328 312/312/312
f 329/329/329 312/312/312 328/328/328
f 312/312/312 329/329/329 313/313/313
f 330/330/330 313/313/313 329/329/329
f 313/313/313 330/330/330 314/314/314
f 331/331/331 314/314/314 330/330/330
f 314/314/314 331/331/331 315/315/315
f 332/332/332 315/315/315 331/331/331
f 315/315/315 332/332/332 316/316/316
f 333/333/333 316/316/316 332/332/332
f 316/316/316 333/333/333 317/317/317
f 334/334/334 317/317/317 333/333/333
f 317/317/317 334/334/334 318/318/318
f 335/335/335 318/318/318 334/334/334
f 318/318/318 335/335/335 319/319/319
f 336/336/336 319/319/319 335/335/335
f 319/319/319 336/336/336 320/320/320
f 337/337/337 320/320/320 336/336/336
f 320/320/320 337/337/337 321/321/321
f 338/338/338 321/321/321 337/337/337
f 321/321/321 338/338/338 322/322/322
f 339/339/339 322/322/322 338/338/338
f 322/322/322 339/339/339 323/323/323
f 340/340/340 323/323/323 339/339/339
f 324/324/324 341/341/341 325/325/325
f 342/342/342 325/325/325 341/341/341
f 325/325/325 342/342/342 326/326/326
f 343/343/343 326/326/326 342/342/342
f 326/326/326 343/343/343 327/327/327
f 344/344/344 327/327/327 343/343/343
f 327/327/327 344/344/344 328/328/328
f 345/345/345 328/328/328 344/344/344
f 328/328/328 345/345/345 329/329/329
f 346/346/346 329/329/329 345/345/345
f 329/329/329 346/346/346 330/330/330
f 347/347/347 330/330/330 346/346/346
f 330/330/330 347/347/347 331/331/331
f 348/348/348 331/331/331 347/347/347
f 331/331/331 348/348/348 332/332/332
f 349/349/349 332/332/332 348/348/348
f 332/332/332 349/349/349 333/333/333
f 350/350/350 333/333/333 349/349/349
f 333/333/333 350/350/350 334/334/334
f 351/351/351 334/334/334 350/350/350
f 334/334/334 351/351/351 335/335/335
f 352/352/352 335/335/335 351/351/351
f 335/335/335 352/352/352 336/336/336
f 353/353/353 336/336/336 352/352/352
f 336/336/336 353/353/353 337/337/337
f 354/354/354 337/337/337 353/353/353
f 337/337/337 354/354/354 338/338/338
f 355/355/355 338/338/338 354/354/354
f 338/338/338 355/355/355 339/339/339
f 356/356/356 339/339/339 355/355/355
f 339/339/339 356/356/356 340/340/340
f 357/357/357 340/340/340 356/356/356
f 341/341/341 358/358/358 342/342/342
f 359/359/359 342/342/342 358/358/358
f 342/342/342 359/359/359 343/343/343
f 360/360/360 343/343/343 359/359/359
f 343/343/343 360/360/360 344/344/344
f 361/361/361 344/344/344 360/360/360
f 344/344/344 361/361/361 345/345/345
f 362/362/362 345/345/345 361/361/361
f 345/345/345 362/362/362 346/346/346
f 363/363/363 346/346/346 362/362/362
f 346/346/346 363/363/363 347/347/347
f 364/364/364 347/347/347 363/363/363
f 347/347/347 364/364/364 348/348/348
f 365/365/365 348/348/348 364/364/364
f 348/348/348 365/365/365 349/349/349
f 366/366/366 349/349/349 365/365/365
f 349/349/349 366/366/366 350/350/350
f 367/367/367 350/350/350 366/366/366
f 350/350/350 367/367/367 351/351/351
f 368/368/368 351/351/351 367/367/367
f 351/351/351 368/368/368 352/352/352
f 369/369/369 352/352/352 368/368/368
f 352/352/352 369/369/369 353/353/353
f 370/370/370 353/353/353 369/369/369
f 353/353/353 370/370/370 354/354/354
f 371/371/371 354/354/354 370/370/370
f 354/354/354 371/371/371 355/355/355
f 372/372/372 355/355/355 371/371/371
f 355/355/355 372/372/372 356/356/356
f 373/373/373 356/356/356 372/372/372
f 356/356/356 373/373/373 357/357/357
f 374/374/374 357/357/357 373/373/373
f 358/358/358 375/375/375 359/359/359
f 376/376/376 359/359/359 375/375/375
f 359/359/359 376/376/376 360/360/360
f 377/377/377 360/360/360 376/376/376
f 360/360/360 377/377/377 361/361/361
f 378/378/378 361/361/361 377/377/377
f 361/361/361 378/378/378 362/362/362
f 379/379/379 362/362/362 378/378/378
f 362/362/362 379/379/379 363/363/363
f 380/380/380 363/363/363 379/379/379
f 363/363/363 380/380/380 364/364/364
f 381/381/381 364/364/364 380/380/380
f 364/364/364 381/381/381 365/365/365
f 382/382/382 365/365/365 381/381/381
f 365/365/365 382/382/382 366/366/366
f 383/383/383 366/366/366 382/382/382
f 366/366/366 383/383/383 367/367/367
f 384/384/384 367/367/367 383/383/383
f 367/367/367 384/384/384 368/368/368
f 385/385/385 368/368/368 384/384/384
f 368/368/368 385/385/385 369/369/369
f 386/386/386 369/369/369 385/385/385
f 369/369/369 386/386/386 370/370/370
f 387/387/387 370/370/370 386/386/386
f 370/370/370 387/387/387 371/371/371
f 388/388/388 371/371/371 387/387/387
f 371/371/371 388/388/388 372/372/372
f 389/389/389 372/372/372 388/388/388
f 372/372/372 389/389/389 373/373/373
f 390/390/390 373/373/373 389/389/389
f 373/373/373 390/390/390 374/374/374
f 391/391/391 374/374/374 390/390/390
f 375/375/375 392/392/392 376/376/376
f 393/393/393 376/376/376 392/392/392
f 376/376/376 393/393/393 377/377/377
f 394/394/394 377/377/377 393/393/393
f 377/377/377 394/394/394 378/378/378
f 395/395/395 378/378/378 394/394/394
f 378/378/378 395/395/395 379/379/379
f 396/396/396 379/379/379 395/395/395
f 379/379/379 396/396/396 380/380/380
f 397/397/397 380/380/380 396/396/396
f 380/380/380 397/397/397 381/381/381
f 398/398/398 381/381/381 397/397/397
f 381/381/381 398/398/398 382/382/382
f 399/399/399 382/382/382 398/398/398
f 382/382/382 399/399/399 383/383/383
f 400/400/400 383/383/383 399/399/399
f 383/383/383 400/400/400 384/384/384
f 401/401/401 384/384/384 400/400/400
f 384/384/384 401/401/401 385/385/385
f 402/402/402 385/385/385 401/401/401
f 385/385/385 402/402/402 386/386/386
f 403/403/403 386/386/386 402/402/402
f 386/386/386 403/403/403 387/387/387
f 404/404/404 387/387/387 403/403/403
f 387/387/387 404/404/404 388/388/388
f 405/405/405 388/388/388 404/404/404
f 388/388/388 405/405/405 389/389/389
f 406/406/406 389/389/389 405/405/405
f 389/389/389 406/406/406 390/390/390
f 407/407/407 390/390/390 406/406/406
f 390/390/390 407/407/407 391/391/391
f 408/408/408 391/391/391 407/407/407
f 392/392/392 409/409/409 393/393/393
f 410/410/410 393/393/393 409/409/409
f 393/393/393 410/410/410 394/394/394
f 411/411/411 394/394/394 410/410/410
f 394/394/394 411/411/411 395/395/395
f 412/412/412 395/395/395 411/411/411
f 395/395/395 412/412/412 396/396/396
f 413/413/413 396/396/396 412/412/412
f 396/396/396 413/413/413 397/397/397
f 414/414/414 397/397/397 413/413/413
f 397/397/397 414/414/414 398/398/398
f 415/415/415 398/398/398 414/414/414
f 398/398/398 415/415/415 399/399/399
f 416/416/416 399/399/399 415/415/415
f 399/399/399 416/416/416 400/400/400
f 417/417/417 400/400/400 416/416/416
f 400/400/400 417/417/417 401/401/401
f 418/418/418 401/401/401 417/417/417
f 401/401/401 418/418/418 402/402/402
f 419/419/419 402/402/402 418/418/418
f 402/402/402 419/419/419 403/403/403
f 420/420/420 403/403/403 419/419/419
f 403/403/403 420/420/420 404/404/404
f 421/421/421 404/404/404 420/420/420
f 404/404/404 421/421/421 405/405/405
f 422/422/422 405/405/405 421/421/421
f 405/405/405 422/422/422 406/406/406
f 423/423/423 406/406/406 422/422/422
f 406/406/406 423/423/423 407/407/407
f 424/424/424 407/407/407 423/423/423
f 407/407/407 424/424/424 408/408/408
f 425/425/425 408/408/408 424/424/424
f 409/409/409 426/426/426 410/410/410
f 427/427/427 410/410/410 426/426/426
f 410/410/410 427/427/427 411/411/411
f 428/428/428 411/411/411 427/427/427
f 411/411/411 428/428/428 412/412/412
f 429/429/429 412/412/412 428/428/428
f 412/412/412 429/429/429 413/413/413
f 430/430/430 413/413/413 429/429/429
f 413/413/413 430/430/430 414/414/414
f 431/431/431 414/414/414 430/430/430
f 414/414/414 431/431/431 415/415/415
f 432/432/432 415/415/415 431/431/431
f 415/415/415 432/432/432 416/416/416
f 433/433/433 416/416/416 432/432/432
f 416/416/416 433/433/433 417/417/417
f 434/434/434 417/417/417 433/433/433
f 417/417/417 434/434/434 418/418/418
f 435/435/435 418/418/418 434/434/434
f 418/418/418 435/435/435 419/419/419
f 436/436/436 419/419/419 435/435/435
f 419/419/419 436/436/436 420/420/420
f 437/437/437 420/420/420 436/436/436
f 420/420/420 437/437/437 421/421/421
f 438/438/438 421/421/421 437/437/437
f 421/421/421 438/438/438 422/422/422
f 439/439/439 422/422/422 438/438/438
f 422/422/422 439/439/439 423/423/423
f 440/440/440 423/423/423 439/439/439
f 423/423/423 440/440/440 424/424/424
f 441/441/441 424/424/424 440/440/440
f 424/424/424 441/441/441 425/425/425
f 442/442/442 425/425/425 441/441/441
f 426/426/426 443/443/443 427/427/427
f 444/444/444 427/427/427 443/443/443
f 427/427/427 444/444/444 428/428/428
f 445/445/445 428/428/428 444/444/444
f 428/428/428 445/445/445 429/429/429
f 446/446/446 429/429/429 445/445/445
f 429/429/429 446/446/446 430/430/430
f 447/447/447 430/430/430 446/446/446
f 430/430/430 447/447/447 431/431/431
f 448/448/448 431/431/431 447/447/447
f 431/431/431 448/448/448 432/432/432
f 449/449/449 432/432/432 448/448/448
f 432/432/432 449/449/449 433/433/433
f 450/450/450 433/433/433 449/449/449
f 433/433/433 450/450/450 434/434/434
f 451/451/451 434/434/434 450/450/450
f 434/434/434 451/451/451 435/435/435
f 452/452/452 435/435/435 451/451/451
f 435/435/435 452/452/452 436/436/436
f 453/453/453 436/436/436 452/452/452
f 436/436/436 453/453/453 437/437/437
f 454/454/454 437/437/437 453/453/453
f 437/437/437 454/454/454 438/438/438
f 455/455/455 438/438/438 454/454/454
f 438/438/438 455/455/455 439/439/439
f 456/456/456 439/439/439 455/455/455
f 439/439/439 456/456/456 440/440/440
f 457/457/457 440/440/440 456/456/456
f 440/440/440 457/457/457 441/441/441
f 458/458/458 441/441/441 457/457/457
f 441/441/441 458/458/458 442/442/442
f 459/459/459 442/442/442 458/458/458
f 443/443/443 460/460/460 444/444/444
f 461/461/461 444/444/444 460/460/460
f 444/444/444 461/461/461 445/445/445
f 462/462/462 445/445/445 461/461/461
f 445/445/445 462/462/462 446/446/446
f 463/463/463 446/446/446 462/462/462
f 446/446/446 463/463/463 447/447/447
f 464/464/464 447/447/447 463/463/463
f 447/447/447 464/464/464 448/448/448
f 465/465/465 448/448/448 464/464/464
f 448/448/448 465/465/465 449/449/449
f 466/466/466 449/449/449 465/465/465
f 449/449/449 466/466/466 450/450/450
f 467/467/467 450/450/450 466/466/466
f 450/450/450 467/467/467 451/451/451
f 468/468/468 451/451/451 467/467/467
f 451/451/451 468/468/468 452/452/452
f 469/469/469 452/452/452 468/468/468
f 452/452/452 469/469/469 453/453/453
f 470/470/470 453/453/453 469/469/469
f 453/453/453 470/470/470 454/454/454
f 471/471/471 454/454/454 470/470/470
f 454/454/454 471/471/471 455/455/455
f 472/472/472 455/455/455 471/471/471
f 455/455/455 472/472/472 456/456/456
f 473/473/473 456/456/456 472/472/472
f 456/456/456 473/473/473 457/457/457
f 474/474/474 457/457/457 473/473/473
f 457/457/457 474/474/474 458/458/458
f 475/475/475 458/458/458 474/474/474
f 458/458/458 475/475/475 459/459/459
f 476/476/476 459/459/459 475/475/475
f 460/460/460 477/477/477 461/461/461
f 478/478/478 461/461/461 477/477/477
f 461/461/461 478/478/478 462/462/462
f 479/479/479 462/462/462 478/478/478
f 462/462/462 479/479/479 463/463/463
f 480/480/480 463/463/463 479/479/479
f 463/463/463 480/480/480 464/464/464
f 481/481/481 464/464/464 480/480/480
f 464/464/464 481/481/481 465/465/465
f 482/482/482 465/465/465 481/481/481
f 465/465/465 482/482/482 466/466/466
f 483/483/483 466/466/466 482/482/482
f 466/466/466 483/483/483 467/467/467
f 484/484/484 467/467/467 483/483/483
f 467/467/467 484/484/484 468/468/468
f 485/485/485 468/468/468 484/484/484
f 468/468/468 485/485/485 469/469/469
f 486/486/486 469/469/469 485/485/485
f 469/469/469 486/486/486 470/470/470
f 487/487/487 470/470/470 486/486/486
f 470/470/470 487/487/487 471/471/471
f 488/488/488 471/471/471 487/487/487
f 471/471/471 488/488/488 472/472/472
f 489/489/489 472/472/472 488/488/488
f 472/472/472 489/489/489 473/473/473
f 490/490/490 473/473/473 489/489/489
f 473/473/473 490/490/490 474/474/474
f 491/491/491 474/474/474 490/490/490
f 474/474/474 491/491/491 475/475/475
f 492/492/492 475/475/475 491/491/491
f 475/475/475 492/492/492 476/476/476
f 493/493/493 476/476/476 492/492/492
f 477/477/477 494/494/494 478/478/478
f 495/495/495 478/478/478 494/494/494
f 478/478/478 495/495/495 479/479/479
f 496/496/496 479/479/479 495/495/495
f 479/479/479 496/496/496 480/480/480
f 497/497/497 480/480/480 496/496/496
f 480/480/480 497/497/497 481/481/481
f 498/498/498 481/481/481 497/497/497
f 481/481/481 498/498/498 482/482/482
f 499/499/499 482/482/482 498/498/498
f 482/482/482 499/499/499 483/483/483
f 500/500/500 483/483/483 499/499/499
f 483/483/483 500/500/500 484/484/484
f 501/501/501 484/484/484 500/500/500
f 484/484/484 501/501/501 485/485/485
f 502/502/502 485/485/485 501/501/501
f 485/485/485 502/502/502 486/486/486
f 503/503/503 486/486/486 502/502/502
f 486/486/486 503/503/503 487/487/487
f 504/504/504 487/487/487 503/503/503
f 487/487/487 504/504/504 488/488/488
f 505/505/505 488/488/488 504/504/504
f 488/488/488 505/505/505 489/489/489
f 506/506/506 489/489/489 505/505/505
f 489/489/489 506/506/506 490/490/490
f 507/507/507 490/490/490 506/506/506
f 490/490/490 507/507/507 491/491/491
f 508/508/508 491/491/491 507/507/507
f 491/491/491 508/508/508 492/492/492
f 509/509/509 492/492/492 508/508/508
f 492/492/492 509/509/509 493/493/493
f 510/510/510 493/493/493 509/509/509
f 494/494/494 511/511/511 495/495/495
f 512/512/512 495/495/495 511/511/511
f 495/495/495 512/512/512 496/496/496
f 513/513/513 496/496/496 512/512/512
f 496/496/496 513/513/513 497/497/497
f 514/514/514 497/497/497 513/513/513
f 497/497/497 514/514/514 498/498/498
f 515/515/515 498/498/498 514/514/514
f 498/498/498 515/515/515 499/499/499
f 516/516/516 499/499/499 515/515/515
f 499/499/499 516/516/516 500/500/500
f 517/517/517 500/500/500 516/516/516
f 500/500/500 517/517/517 501/501/501
f 518/518/518 501/501/501 517/517/517
f 501/501/501 518/518/518 502/502/502
f 519/519/519 502/502/502 518/518/518
f 502/502/502 519/519/519 503/503/503
f 520/520/520 503/503/503 519/519/519
f 503/503/503 520/520/520 504/504/504
f 521/521/521 504/504/504 520/520/520
f 504/504/504 521/521/521 505/505/505
f 522/522/522 505/505/505 521/521/521
f 505/505/505 522/522/522 506/506/506
f 523/523/523 506/506/506 522/522/522
f 506/506/506 523/523/523 507/507/507
f 524/524/524 507/507/507 523/523/523
f 507/507/507 524/524/524 508/508/508
f 525/525/525 508/508/508 524/524/524
f 508/508/508 525/525/525 509/509/509
f 526/526/526 509/509/509 525/525/525
f 509/509/509 526/526/526 510/510/510
f 527/527/527 510/510/510 526/526/526
f 511/511/511 528/528/528 512/512/512
f 529/529/529 512/512/512 528/528/528
f 512/512/512 529/529/529 513/513/513
f 530/530/530 513/513/513 529/529/529
f 513/513/513 530/530/530 514/514/514
f 531/531/531 514/514/514 530/530/530
f 514/514/514 531/531/531 515/515/515
f 532/532/532 515/515/515 531/531/531
f 515/515/515 532/532/532 516/516/516
f 533/533/533 516/516/516 532/532/532
f 516/516/516 533/533/533 517/517/517
f 534/534/534 517/517/517 533/533/533
f 517/517/517 534/534/534 518/518/518
f 535/535/535 518/518/518 534/534/534
f 518/518/518 535/535/535 519/519/519
f 536/536/536 519/519/519 535/535/535
f 519/519/519 536/536/536 520/520/520
f 537/537/537 520/520/520 536/536/536
f 520/520/520 537/537/537 521/521/521
f 538/538/538 521/521/521 537/537/537
f 521/521/521 538/538/538 522/522/522
f 539/539/539 522/522/522 538/538/538
f 522/522/522 539/539/539 523/523/523
f 540/540/540 523/523/523 539/539/539
f 523/523/523 540/540/540 524/524/524
f 541/541/541 524/524/524 540/540/540
f 524/524/524 541/541/541 525/525/525
f 542/542/542 525/525/525 541/541/541
f 525/525/525 542/542/542 526/526/526
f 543/543/543 526/526/526 542/542/542
f 526/526/526 543/543/543 527/527/527
f 544/544/544 527/527/527 543/543/543
f 528/528/528 545/545/545 529/529/529
f 546/546/546 529/529/529 545/545/545
f 529/529/529 546/546/546 530/530/530
f 547/547/547 530/530/530 546/546/546
f 530/530/530 547/547/547 531/531/531
f 548/548/548 531/531/531 547/547/547
f 531/531/531 548/548/548 532/532/532
f 549/549/549 532/532/532 548/548/548
f 532/532/532 549/549/549 533/533/533
f 550/550/550 533/533/533 549/549/549
f 533/533/533 550/550/550 534/534/534
f 551/551/551 534/534/534 550/550/550
f 534/534/534 551/551/551 535/535/535
f 552/552/552 535/535/535 551/551/551
f 535/535/535 552/552/552 536/536/536
f 553/553/553 536/536/536 552/552/552
f 536/536/536 553/553/553 537/537/537
f 554/554/554 537/537/537 553/553/553
f 537/537/537 554/554/554 538/538/538
f 555/555/555 538/538/538 554/554/554
f 538/538/538 555/555/555 539/539/539
f 556/556/556 539/539/539 555/555/555
f 539/539/539 556/556/556 540/540/540
f 557/557/557 540/540/540 556/556/556
f 540/540/540 557/557/557 541/541/541
f 558/558/558 541/541/541 557/557/557
f 541/541/541 558/558/558 542/542/542
f 559/559/559 542/542/542 558/558/558
f 542/542/542 559/559/559 543/543/543
f 560/560/560 543/543/543 559/559/559
f 543/543/543 560/560/560 544/544/544
f 561/561/561 544/544/544 560/560/560
