mtllib ludo_piece_yellow.mtl
o Ludo_Pawn_yellow
v 0 0 0
v 0 0 0.4399999976158142
v 0 0.029999999329447746 0.44999998807907104
v 0 0.1599999964237213 0.44999998807907104
v 0 0.20000000298023224 0.4099999964237213
v 0 0.2199999988079071 0.33000001311302185
v 0 0.2800000011920929 0.30000001192092896
v 0 0.550000011920929 0.25
v 0 0.6800000071525574 0.20999999344348907
v 0 0.7400000095367432 0.23999999463558197
v 0 0.7799999713897705 0.18000000715255737
v 0 0.8399999737739563 0.23999999463558197
v 0 0.9399999976158142 0.2800000011920929
v 0 1.059999942779541 0.20000000298023224
v 0 1.100000023841858 0
v 0 0 0
v 0.07640519738197327 0 0.4333154261112213
v 0.07814168184995651 0.029999999329447746 0.4431634843349457
v 0.07814168184995651 0.1599999964237213 0.4431634843349457
v 0.07119575142860413 0.20000000298023224 0.40377119183540344
v 0.05730389803647995 0.2199999988079071 0.3249865472316742
v 0.05209445208311081 0.2800000011920929 0.2954423129558563
v 0.043412044644355774 0.550000011920929 0.24620193243026733
v 0.036466117948293686 0.6800000071525574 0.2068096250295639
v 0.04167556390166283 0.7400000095367432 0.23635385930538177
v 0.031256671994924545 0.7799999713897705 0.17726539075374603
v 0.04167556390166283 0.8399999737739563 0.23635385930538177
v 0.048621490597724915 0.9399999976158142 0.2757461667060852
v 0.03472963720560074 1.059999942779541 0.19696155190467834
v 0 1.100000023841858 0
v 0 0 0
v 0.15048886835575104 0 0.41346475481987
v 0.15390905737876892 0.029999999329447746 0.42286166548728943
v 0.15390905737876892 0.1599999964237213 0.42286166548728943
v 0.1402282565832138 0.20000000298023224 0.3852739632129669
v 0.11286664754152298 0.2199999988079071 0.3100985586643219
v 0.10260604321956635 0.2800000011920929 0.2819077968597412
v 0.08550503849983215 0.550000011920929 0.23492315411567688
v 0.07182423025369644 0.6800000071525574 0.19733545184135437
v 0.08208483457565308 0.7400000095367432 0.22552622854709625
v 0.06156362593173981 0.7799999713897705 0.1691446751356125
v 0.08208483457565308 0.8399999737739563 0.22552622854709625
v 0.09576564282178879 0.9399999976158142 0.26311394572257996
v 0.06840402632951736 1.059999942779541 0.18793852627277374
v 0 1.100000023841858 0
v 0 0 0
v 0.2199999988079071 0 0.3810511827468872
v 0.22499999403953552 0.029999999329447746 0.3897114396095276
v 0.22499999403953552 0.1599999964237213 0.3897114396095276
v 0.20499999821186066 0.20000000298023224 0.35507041215896606
v 0.16500000655651093 0.2199999988079071 0.2857883870601654
v 0.15000000596046448 0.2800000011920929 0.25980761647224426
v 0.125 0.550000011920929 0.21650634706020355
v 0.10499999672174454 0.6800000071525574 0.18186533451080322
v 0.11999999731779099 0.7400000095367432 0.20784609019756317
v 0.09000000357627869 0.7799999713897705 0.15588457882404327
v 0.11999999731779099 0.8399999737739563 0.20784609019756317
v 0.14000000059604645 0.9399999976158142 0.2424871176481247
v 0.10000000149011612 1.059999942779541 0.17320507764816284
v 0 1.100000023841858 0
v 0 0 0
v 0.2828265428543091 0 0.33705955743789673
v 0.28925442695617676 0.029999999329447746 0.3447200059890747
v 0.28925442695617676 0.1599999964237213 0.3447200059890747
v 0.26354292035102844 0.20000000298023224 0.3140782117843628
v 0.2121199071407318 0.2199999988079071 0.25279465317726135
v 0.19283628463745117 0.2800000011920929 0.2298133373260498
v 0.16069690883159637 0.550000011920929 0.1915111094713211
v 0.13498540222644806 0.6800000071525574 0.16086933016777039
v 0.1542690247297287 0.7400000095367432 0.18385066092014313
v 0.11570177227258682 0.7799999713897705 0.13788799941539764
v 0.1542690247297287 0.8399999737739563 0.18385066092014313
v 0.17998053133487701 0.9399999976158142 0.21449244022369385
v 0.12855751812458038 1.059999942779541 0.1532088816165924
v 0 1.100000023841858 0
v 0 0 0
v 0.33705955743789673 0 0.2828265428543091
v 0.3447200059890747 0.029999999329447746 0.28925442695617676
v 0.3447200059890747 0.1599999964237213 0.28925442695617676
v 0.3140782117843628 0.20000000298023224 0.26354292035102844
v 0.25279465317726135 0.2199999988079071 0.2121199071407318
v 0.2298133373260498 0.2800000011920929 0.19283628463745117
v 0.1915111094713211 0.550000011920929 0.16069690883159637
v 0.16086933016777039 0.6800000071525574 0.13498540222644806
v 0.18385066092014313 0.7400000095367432 0.1542690247297287
v 0.13788799941539764 0.7799999713897705 0.11570177227258682
v 0.18385066092014313 0.8399999737739563 0.1542690247297287
v 0.21449244022369385 0.9399999976158142 0.17998053133487701
v 0.1532088816165924 1.059999942779541 0.12855751812458038
v 0 1.100000023841858 0
v 0 0 0
v 0.3810511827468872 0 0.2199999988079071
v 0.3897114396095276 0.029999999329447746 0.22499999403953552
v 0.3897114396095276 0.1599999964237213 0.22499999403953552
v 0.35507041215896606 0.20000000298023224 0.20499999821186066
v 0.2857883870601654 0.2199999988079071 0.16500000655651093
v 0.25980761647224426 0.2800000011920929 0.15000000596046448
v 0.21650634706020355 0.550000011920929 0.125
v 0.18186533451080322 0.6800000071525574 0.10499999672174454
v 0.20784609019756317 0.7400000095367432 0.11999999731779099
v 0.15588457882404327 0.7799999713897705 0.09000000357627869
v 0.20784609019756317 0.8399999737739563 0.11999999731779099
v 0.2424871176481247 0.9399999976158142 0.14000000059604645
v 0.17320507764816284 1.059999942779541 0.10000000149011612
v 0 1.100000023841858 0
v 0 0 0
v 0.41346475481987 0 0.15048886835575104
v 0.42286166548728943 0.029999999329447746 0.15390905737876892
v 0.42286166548728943 0.1599999964237213 0.15390905737876892
v 0.3852739632129669 0.20000000298023224 0.1402282565832138
v 0.3100985586643219 0.2199999988079071 0.11286664754152298
v 0.2819077968597412 0.2800000011920929 0.10260604321956635
v 0.23492315411567688 0.550000011920929 0.08550503849983215
v 0.19733545184135437 0.6800000071525574 0.07182423025369644
v 0.22552622854709625 0.7400000095367432 0.08208483457565308
v 0.1691446751356125 0.7799999713897705 0.06156362593173981
v 0.22552622854709625 0.8399999737739563 0.08208483457565308
v 0.26311394572257996 0.9399999976158142 0.09576564282178879
v 0.18793852627277374 1.059999942779541 0.06840402632951736
v 0 1.100000023841858 0
v 0 0 0
v 0.4333154261112213 0 0.07640519738197327
v 0.4431634843349457 0.029999999329447746 0.07814168184995651
v 0.4431634843349457 0.1599999964237213 0.07814168184995651
v 0.40377119183540344 0.20000000298023224 0.07119575142860413
v 0.3249865472316742 0.2199999988079071 0.05730389803647995
v 0.2954423129558563 0.2800000011920929 0.05209445208311081
v 0.24620193243026733 0.550000011920929 0.043412044644355774
v 0.2068096250295639 0.6800000071525574 0.036466117948293686
v 0.23635385930538177 0.7400000095367432 0.04167556390166283
v 0.17726539075374603 0.7799999713897705 0.031256671994924545
v 0.23635385930538177 0.8399999737739563 0.04167556390166283
v 0.2757461667060852 0.9399999976158142 0.048621490597724915
v 0.19696155190467834 1.059999942779541 0.03472963720560074
v 0 1.100000023841858 0
v 0 0 0
v 0.4399999976158142 0 2.6942228771640223e-17
v 0.44999998807907104 0.029999999329447746 2.7554552528805052e-17
v 0.44999998807907104 0.1599999964237213 2.7554552528805052e-17
v 0.4099999964237213 0.20000000298023224 2.510525915450696e-17
v 0.33000001311302185 0.2199999988079071 2.020667240591078e-17
v 0.30000001192092896 0.2800000011920929 1.8369702788777518e-17
v 0.25 0.550000011920929 1.5308085657314598e-17
v 0.20999999344348907 0.6800000071525574 1.2858791455835895e-17
v 0.23999999463558197 0.7400000095367432 1.469576190014977e-17
v 0.18000000715255737 0.7799999713897705 1.102182101152202e-17
v 0.23999999463558197 0.8399999737739563 1.469576190014977e-17
v 0.2800000011920929 0.9399999976158142 1.714505527444786e-17
v 0.20000000298023224 1.059999942779541 1.2246467698671066e-17
v 0 1.100000023841858 0
v 0 0 0
v 0.4333154261112213 0 -0.07640519738197327
v 0.4431634843349457 0.029999999329447746 -0.07814168184995651
v 0.4431634843349457 0.1599999964237213 -0.07814168184995651
v 0.40377119183540344 0.20000000298023224 -0.07119575142860413
v 0.3249865472316742 0.2199999988079071 -0.05730389803647995
v 0.2954423129558563 0.2800000011920929 -0.05209445208311081
v 0.24620193243026733 0.550000011920929 -0.043412044644355774
v 0.2068096250295639 0.6800000071525574 -0.036466117948293686
v 0.23635385930538177 0.7400000095367432 -0.04167556390166283
v 0.17726539075374603 0.7799999713897705 -0.031256671994924545
v 0.23635385930538177 0.8399999737739563 -0.04167556390166283
v 0.2757461667060852 0.9399999976158142 -0.048621490597724915
v 0.19696155190467834 1.059999942779541 -0.03472963720560074
v 0 1.100000023841858 0
v 0 0 0
v 0.41346475481987 0 -0.15048886835575104
v 0.42286166548728943 0.029999999329447746 -0.15390905737876892
v 0.42286166548728943 0.1599999964237213 -0.15390905737876892
v 0.3852739632129669 0.20000000298023224 -0.1402282565832138
v 0.3100985586643219 0.2199999988079071 -0.11286664754152298
v 0.2819077968597412 0.2800000011920929 -0.10260604321956635
v 0.23492315411567688 0.550000011920929 -0.08550503849983215
v 0.19733545184135437 0.6800000071525574 -0.07182423025369644
v 0.22552622854709625 0.7400000095367432 -0.08208483457565308
v 0.1691446751356125 0.7799999713897705 -0.06156362593173981
v 0.22552622854709625 0.8399999737739563 -0.08208483457565308
v 0.26311394572257996 0.9399999976158142 -0.09576564282178879
v 0.18793852627277374 1.059999942779541 -0.06840402632951736
v 0 1.100000023841858 0
v 0 0 0
v 0.3810511827468872 0 -0.2199999988079071
v 0.3897114396095276 0.029999999329447746 -0.22499999403953552
v 0.3897114396095276 0.1599999964237213 -0.22499999403953552
v 0.35507041215896606 0.20000000298023224 -0.20499999821186066
v 0.2857883870601654 0.2199999988079071 -0.16500000655651093
v 0.25980761647224426 0.2800000011920929 -0.15000000596046448
v 0.21650634706020355 0.550000011920929 -0.125
v 0.18186533451080322 0.6800000071525574 -0.10499999672174454
v 0.20784609019756317 0.7400000095367432 -0.11999999731779099
v 0.15588457882404327 0.7799999713897705 -0.09000000357627869
v 0.20784609019756317 0.8399999737739563 -0.11999999731779099
v 0.2424871176481247 0.9399999976158142 -0.14000000059604645
v 0.17320507764816284 1.059999942779541 -0.10000000149011612
v 0 1.100000023841858 0
v 0 0 0
v 0.33705955743789673 0 -0.2828265428543091
v 0.3447200059890747 0.029999999329447746 -0.28925442695617676
v 0.3447200059890747 0.1599999964237213 -0.28925442695617676
v 0.3140782117843628 0.20000000298023224 -0.26354292035102844
v 0.25279465317726135 0.2199999988079071 -0.2121199071407318
v 0.2298133373260498 0.2800000011920929 -0.19283628463745117
v 0.1915111094713211 0.550000011920929 -0.16069690883159637
v 0.16086933016777039 0.6800000071525574 -0.13498540222644806
v 0.18385066092014313 0.7400000095367432 -0.1542690247297287
v 0.13788799941539764 0.7799999713897705 -0.11570177227258682
v 0.18385066092014313 0.8399999737739563 -0.1542690247297287
v 0.21449244022369385 0.9399999976158142 -0.17998053133487701
v 0.1532088816165924 1.059999942779541 -0.12855751812458038
v 0 1.100000023841858 0
v 0 0 0
v 0.2828265428543091 0 -0.33705955743789673
v 0.28925442695617676 0.029999999329447746 -0.3447200059890747
v 0.28925442695617676 0.1599999964237213 -0.3447200059890747
v 0.26354292035102844 0.20000000298023224 -0.3140782117843628
v 0.2121199071407318 0.2199999988079071 -0.25279465317726135
v 0.19283628463745117 0.2800000011920929 -0.2298133373260498
v 0.16069690883159637 0.550000011920929 -0.1915111094713211
v 0.13498540222644806 0.6800000071525574 -0.16086933016777039
v 0.1542690247297287 0.7400000095367432 -0.18385066092014313
v 0.11570177227258682 0.7799999713897705 -0.13788799941539764
v 0.1542690247297287 0.8399999737739563 -0.18385066092014313
v 0.17998053133487701 0.9399999976158142 -0.21449244022369385
v 0.12855751812458038 1.059999942779541 -0.1532088816165924
v 0 1.100000023841858 0
v 0 0 0
v 0.2199999988079071 0 -0.3810511827468872
v 0.22499999403953552 0.029999999329447746 -0.3897114396095276
v 0.22499999403953552 0.1599999964237213 -0.3897114396095276
v 0.20499999821186066 0.20000000298023224 -0.35507041215896606
v 0.16500000655651093 0.2199999988079071 -0.2857883870601654
v 0.15000000596046448 0.2800000011920929 -0.25980761647224426
v 0.125 0.550000011920929 -0.21650634706020355
v 0.10499999672174454 0.6800000071525574 -0.18186533451080322
v 0.11999999731779099 0.7400000095367432 -0.20784609019756317
v 0.09000000357627869 0.7799999713897705 -0.15588457882404327
v 0.11999999731779099 0.8399999737739563 -0.20784609019756317
v 0.14000000059604645 0.9399999976158142 -0.2424871176481247
v 0.10000000149011612 1.059999942779541 -0.17320507764816284
v 0 1.100000023841858 0
v 0 0 0
v 0.15048886835575104 0 -0.41346475481987
v 0.15390905737876892 0.029999999329447746 -0.42286166548728943
v 0.15390905737876892 0.1599999964237213 -0.42286166548728943
v 0.1402282565832138 0.20000000298023224 -0.3852739632129669
v 0.11286664754152298 0.2199999988079071 -0.3100985586643219
v 0.10260604321956635 0.2800000011920929 -0.2819077968597412
v 0.08550503849983215 0.550000011920929 -0.23492315411567688
v 0.07182423025369644 0.6800000071525574 -0.19733545184135437
v 0.08208483457565308 0.7400000095367432 -0.22552622854709625
v 0.06156362593173981 0.7799999713897705 -0.1691446751356125
v 0.08208483457565308 0.8399999737739563 -0.22552622854709625
v 0.09576564282178879 0.9399999976158142 -0.26311394572257996
v 0.06840402632951736 1.059999942779541 -0.18793852627277374
v 0 1.100000023841858 0
v 0 0 0
v 0.07640519738197327 0 -0.4333154261112213
v 0.07814168184995651 0.029999999329447746 -0.4431634843349457
v 0.07814168184995651 0.1599999964237213 -0.4431634843349457
v 0.07119575142860413 0.20000000298023224 -0.40377119183540344
v 0.05730389803647995 0.2199999988079071 -0.3249865472316742
v 0.05209445208311081 0.2800000011920929 -0.2954423129558563
v 0.043412044644355774 0.550000011920929 -0.24620193243026733
v 0.036466117948293686 0.6800000071525574 -0.2068096250295639
v 0.04167556390166283 0.7400000095367432 -0.23635385930538177
v 0.031256671994924545 0.7799999713897705 -0.17726539075374603
v 0.04167556390166283 0.8399999737739563 -0.23635385930538177
v 0.048621490597724915 0.9399999976158142 -0.2757461667060852
v 0.03472963720560074 1.059999942779541 -0.19696155190467834
v 0 1.100000023841858 0
v 0 0 0
v 5.3884457543280445e-17 0 -0.4399999976158142
v 5.5109105057610103e-17 0.029999999329447746 -0.44999998807907104
v 5.5109105057610103e-17 0.1599999964237213 -0.44999998807907104
v 5.021051830901392e-17 0.20000000298023224 -0.4099999964237213
v 4.041334481182156e-17 0.2199999988079071 -0.33000001311302185
v 3.6739405577555036e-17 0.2800000011920929 -0.30000001192092896
v 3.0616171314629196e-17 0.550000011920929 -0.25
v 2.571758291167179e-17 0.6800000071525574 -0.20999999344348907
v 2.939152380029954e-17 0.7400000095367432 -0.23999999463558197
v 2.204364202304404e-17 0.7799999713897705 -0.18000000715255737
v 2.939152380029954e-17 0.8399999737739563 -0.23999999463558197
v 3.429011054889572e-17 0.9399999976158142 -0.2800000011920929
v 2.4492935397342132e-17 1.059999942779541 -0.20000000298023224
v 0 1.100000023841858 0
v 0 0 0
v -0.07640519738197327 0 -0.4333154261112213
v -0.07814168184995651 0.029999999329447746 -0.4431634843349457
v -0.07814168184995651 0.1599999964237213 -0.4431634843349457
v -0.07119575142860413 0.20000000298023224 -0.40377119183540344
v -0.05730389803647995 0.2199999988079071 -0.3249865472316742
v -0.05209445208311081 0.2800000011920929 -0.2954423129558563
v -0.043412044644355774 0.550000011920929 -0.24620193243026733
v -0.036466117948293686 0.6800000071525574 -0.2068096250295639
v -0.04167556390166283 0.7400000095367432 -0.23635385930538177
v -0.031256671994924545 0.7799999713897705 -0.17726539075374603
v -0.04167556390166283 0.8399999737739563 -0.23635385930538177
v -0.048621490597724915 0.9399999976158142 -0.2757461667060852
v -0.03472963720560074 1.059999942779541 -0.19696155190467834
v 0 1.100000023841858 0
v 0 0 0
v -0.15048886835575104 0 -0.41346475481987
v -0.15390905737876892 0.029999999329447746 -0.42286166548728943
v -0.15390905737876892 0.1599999964237213 -0.42286166548728943
v -0.1402282565832138 0.20000000298023224 -0.3852739632129669
v -0.11286664754152298 0.2199999988079071 -0.3100985586643219
v -0.10260604321956635 0.2800000011920929 -0.2819077968597412
v -0.08550503849983215 0.550000011920929 -0.23492315411567688
v -0.07182423025369644 0.6800000071525574 -0.19733545184135437
v -0.08208483457565308 0.7400000095367432 -0.22552622854709625
v -0.06156362593173981 0.7799999713897705 -0.1691446751356125
v -0.08208483457565308 0.8399999737739563 -0.22552622854709625
v -0.09576564282178879 0.9399999976158142 -0.26311394572257996
v -0.06840402632951736 1.059999942779541 -0.18793852627277374
v 0 1.100000023841858 0
v 0 0 0
v -0.2199999988079071 0 -0.3810511827468872
v -0.22499999403953552 0.029999999329447746 -0.3897114396095276
v -0.22499999403953552 0.1599999964237213 -0.3897114396095276
v -0.20499999821186066 0.20000000298023224 -0.35507041215896606
v -0.16500000655651093 0.2199999988079071 -0.2857883870601654
v -0.15000000596046448 0.2800000011920929 -0.25980761647224426
v -0.125 0.550000011920929 -0.21650634706020355
v -0.10499999672174454 0.6800000071525574 -0.18186533451080322
v -0.11999999731779099 0.7400000095367432 -0.20784609019756317
v -0.09000000357627869 0.7799999713897705 -0.15588457882404327
v -0.11999999731779099 0.8399999737739563 -0.20784609019756317
v -0.14000000059604645 0.9399999976158142 -0.2424871176481247
v -0.10000000149011612 1.059999942779541 -0.17320507764816284
v 0 1.100000023841858 0
v 0 0 0
v -0.2828265428543091 0 -0.33705955743789673
v -0.28925442695617676 0.029999999329447746 -0.3447200059890747
v -0.28925442695617676 0.1599999964237213 -0.3447200059890747
v -0.26354292035102844 0.20000000298023224 -0.3140782117843628
v -0.2121199071407318 0.2199999988079071 -0.25279465317726135
v -0.19283628463745117 0.2800000011920929 -0.2298133373260498
v -0.16069690883159637 0.550000011920929 -0.1915111094713211
v -0.13498540222644806 0.6800000071525574 -0.16086933016777039
v -0.1542690247297287 0.7400000095367432 -0.18385066092014313
v -0.11570177227258682 0.7799999713897705 -0.13788799941539764
v -0.1542690247297287 0.8399999737739563 -0.18385066092014313
v -0.17998053133487701 0.9399999976158142 -0.21449244022369385
v -0.12855751812458038 1.059999942779541 -0.1532088816165924
v 0 1.100000023841858 0
v 0 0 0
v -0.33705955743789673 0 -0.2828265428543091
v -0.3447200059890747 0.029999999329447746 -0.28925442695617676
v -0.3447200059890747 0.1599999964237213 -0.28925442695617676
v -0.3140782117843628 0.20000000298023224 -0.26354292035102844
v -0.25279465317726135 0.2199999988079071 -0.2121199071407318
v -0.2298133373260498 0.2800000011920929 -0.19283628463745117
v -0.1915111094713211 0.550000011920929 -0.16069690883159637
v -0.16086933016777039 0.6800000071525574 -0.13498540222644806
v -0.18385066092014313 0.7400000095367432 -0.1542690247297287
v -0.13788799941539764 0.7799999713897705 -0.11570177227258682
v -0.18385066092014313 0.8399999737739563 -0.1542690247297287
v -0.21449244022369385 0.9399999976158142 -0.17998053133487701
v -0.1532088816165924 1.059999942779541 -0.12855751812458038
v 0 1.100000023841858 0
v 0 0 0
v -0.3810511827468872 0 -0.2199999988079071
v -0.3897114396095276 0.029999999329447746 -0.22499999403953552
v -0.3897114396095276 0.1599999964237213 -0.22499999403953552
v -0.35507041215896606 0.20000000298023224 -0.20499999821186066
v -0.2857883870601654 0.2199999988079071 -0.16500000655651093
v -0.25980761647224426 0.2800000011920929 -0.15000000596046448
v -0.21650634706020355 0.550000011920929 -0.125
v -0.18186533451080322 0.6800000071525574 -0.10499999672174454
v -0.20784609019756317 0.7400000095367432 -0.11999999731779099
v -0.15588457882404327 0.7799999713897705 -0.09000000357627869
v -0.20784609019756317 0.8399999737739563 -0.11999999731779099
v -0.2424871176481247 0.9399999976158142 -0.14000000059604645
v -0.17320507764816284 1.059999942779541 -0.10000000149011612
v 0 1.100000023841858 0
v 0 0 0
v -0.41346475481987 0 -0.15048886835575104
v -0.42286166548728943 0.029999999329447746 -0.15390905737876892
v -0.42286166548728943 0.1599999964237213 -0.15390905737876892
v -0.3852739632129669 0.20000000298023224 -0.1402282565832138
v -0.3100985586643219 0.2199999988079071 -0.11286664754152298
v -0.2819077968597412 0.2800000011920929 -0.10260604321956635
v -0.23492315411567688 0.550000011920929 -0.08550503849983215
v -0.19733545184135437 0.6800000071525574 -0.07182423025369644
v -0.22552622854709625 0.7400000095367432 -0.08208483457565308
v -0.1691446751356125 0.7799999713897705 -0.06156362593173981
v -0.22552622854709625 0.8399999737739563 -0.08208483457565308
v -0.26311394572257996 0.9399999976158142 -0.09576564282178879
v -0.18793852627277374 1.059999942779541 -0.06840402632951736
v 0 1.100000023841858 0
v 0 0 0
v -0.4333154261112213 0 -0.07640519738197327
v -0.4431634843349457 0.029999999329447746 -0.07814168184995651
v -0.4431634843349457 0.1599999964237213 -0.07814168184995651
v -0.40377119183540344 0.20000000298023224 -0.07119575142860413
v -0.3249865472316742 0.2199999988079071 -0.05730389803647995
v -0.2954423129558563 0.2800000011920929 -0.05209445208311081
v -0.24620193243026733 0.550000011920929 -0.043412044644355774
v -0.2068096250295639 0.6800000071525574 -0.036466117948293686
v -0.23635385930538177 0.7400000095367432 -0.04167556390166283
v -0.17726539075374603 0.7799999713897705 -0.031256671994924545
v -0.23635385930538177 0.8399999737739563 -0.04167556390166283
v -0.2757461667060852 0.9399999976158142 -0.048621490597724915
v -0.19696155190467834 1.059999942779541 -0.03472963720560074
v 0 1.100000023841858 0
v 0 0 0
v -0.4399999976158142 0 -8.082668962364312e-17
v -0.44999998807907104 0.029999999329447746 -8.266365924077638e-17
v -0.44999998807907104 0.1599999964237213 -8.266365924077638e-17
v -0.4099999964237213 0.20000000298023224 -7.531578077224333e-17
v -0.33000001311302185 0.2199999988079071 -6.062001721773234e-17
v -0.30000001192092896 0.2800000011920929 -5.5109105057610103e-17
v -0.25 0.550000011920929 -4.5924253663221344e-17
v -0.20999999344348907 0.6800000071525574 -3.85763751946883e-17
v -0.23999999463558197 0.7400000095367432 -4.408728404608808e-17
v -0.18000000715255737 0.7799999713897705 -3.306546303456606e-17
v -0.23999999463558197 0.8399999737739563 -4.408728404608808e-17
v -0.2800000011920929 0.9399999976158142 -5.143516582334358e-17
v -0.20000000298023224 1.059999942779541 -3.6739405577555036e-17
v 0 1.100000023841858 0
v 0 0 0
v -0.4333154261112213 0 0.07640519738197327
v -0.4431634843349457 0.029999999329447746 0.07814168184995651
v -0.4431634843349457 0.1599999964237213 0.07814168184995651
v -0.40377119183540344 0.20000000298023224 0.07119575142860413
v -0.3249865472316742 0.2199999988079071 0.05730389803647995
v -0.2954423129558563 0.2800000011920929 0.05209445208311081
v -0.24620193243026733 0.550000011920929 0.043412044644355774
v -0.2068096250295639 0.6800000071525574 0.036466117948293686
v -0.23635385930538177 0.7400000095367432 0.04167556390166283
v -0.17726539075374603 0.7799999713897705 0.031256671994924545
v -0.23635385930538177 0.8399999737739563 0.04167556390166283
v -0.2757461667060852 0.9399999976158142 0.048621490597724915
v -0.19696155190467834 1.059999942779541 0.03472963720560074
v 0 1.100000023841858 0
v 0 0 0
v -0.41346475481987 0 0.15048886835575104
v -0.42286166548728943 0.029999999329447746 0.15390905737876892
v -0.42286166548728943 0.1599999964237213 0.15390905737876892
v -0.3852739632129669 0.20000000298023224 0.1402282565832138
v -0.3100985586643219 0.2199999988079071 0.11286664754152298
v -0.2819077968597412 0.2800000011920929 0.10260604321956635
v -0.23492315411567688 0.550000011920929 0.08550503849983215
v -0.19733545184135437 0.6800000071525574 0.07182423025369644
v -0.22552622854709625 0.7400000095367432 0.08208483457565308
v -0.1691446751356125 0.7799999713897705 0.06156362593173981
v -0.22552622854709625 0.8399999737739563 0.08208483457565308
v -0.26311394572257996 0.9399999976158142 0.09576564282178879
v -0.18793852627277374 1.059999942779541 0.06840402632951736
v 0 1.100000023841858 0
v 0 0 0
v -0.3810511827468872 0 0.2199999988079071
v -0.3897114396095276 0.029999999329447746 0.22499999403953552
v -0.3897114396095276 0.1599999964237213 0.22499999403953552
v -0.35507041215896606 0.20000000298023224 0.20499999821186066
v -0.2857883870601654 0.2199999988079071 0.16500000655651093
v -0.25980761647224426 0.2800000011920929 0.15000000596046448
v -0.21650634706020355 0.550000011920929 0.125
v -0.18186533451080322 0.6800000071525574 0.10499999672174454
v -0.20784609019756317 0.7400000095367432 0.11999999731779099
v -0.15588457882404327 0.7799999713897705 0.09000000357627869
v -0.20784609019756317 0.8399999737739563 0.11999999731779099
v -0.2424871176481247 0.9399999976158142 0.14000000059604645
v -0.17320507764816284 1.059999942779541 0.10000000149011612
v 0 1.100000023841858 0
v 0 0 0
v -0.33705955743789673 0 0.2828265428543091
v -0.3447200059890747 0.029999999329447746 0.28925442695617676
v -0.3447200059890747 0.1599999964237213 0.28925442695617676
v -0.3140782117843628 0.20000000298023224 0.26354292035102844
v -0.25279465317726135 0.2199999988079071 0.2121199071407318
v -0.2298133373260498 0.2800000011920929 0.19283628463745117
v -0.1915111094713211 0.550000011920929 0.16069690883159637
v -0.16086933016777039 0.6800000071525574 0.13498540222644806
v -0.18385066092014313 0.7400000095367432 0.1542690247297287
v -0.13788799941539764 0.7799999713897705 0.11570177227258682
v -0.18385066092014313 0.8399999737739563 0.1542690247297287
v -0.21449244022369385 0.9399999976158142 0.17998053133487701
v -0.1532088816165924 1.059999942779541 0.12855751812458038
v 0 1.100000023841858 0
v 0 0 0
v -0.2828265428543091 0 0.33705955743789673
v -0.28925442695617676 0.029999999329447746 0.3447200059890747
v -0.28925442695617676 0.1599999964237213 0.3447200059890747
v -0.26354292035102844 0.20000000298023224 0.3140782117843628
v -0.2121199071407318 0.2199999988079071 0.25279465317726135
v -0.19283628463745117 0.2800000011920929 0.2298133373260498
v -0.16069690883159637 0.550000011920929 0.1915111094713211
v -0.13498540222644806 0.6800000071525574 0.16086933016777039
v -0.1542690247297287 0.7400000095367432 0.18385066092014313
v -0.11570177227258682 0.7799999713897705 0.13788799941539764
v -0.1542690247297287 0.8399999737739563 0.18385066092014313
v -0.17998053133487701 0.9399999976158142 0.21449244022369385
v -0.12855751812458038 1.059999942779541 0.1532088816165924
v 0 1.100000023841858 0
v 0 0 0
v -0.2199999988079071 0 0.3810511827468872
v -0.22499999403953552 0.029999999329447746 0.3897114396095276
v -0.22499999403953552 0.1599999964237213 0.3897114396095276
v -0.20499999821186066 0.20000000298023224 0.35507041215896606
v -0.16500000655651093 0.2199999988079071 0.2857883870601654
v -0.15000000596046448 0.2800000011920929 0.25980761647224426
v -0.125 0.550000011920929 0.21650634706020355
v -0.10499999672174454 0.6800000071525574 0.18186533451080322
v -0.11999999731779099 0.7400000095367432 0.20784609019756317
v -0.09000000357627869 0.7799999713897705 0.15588457882404327
v -0.11999999731779099 0.8399999737739563 0.20784609019756317
v -0.14000000059604645 0.9399999976158142 0.2424871176481247
v -0.10000000149011612 1.059999942779541 0.17320507764816284
v 0 1.100000023841858 0
v 0 0 0
v -0.15048886835575104 0 0.41346475481987
v -0.15390905737876892 0.029999999329447746 0.42286166548728943
v -0.15390905737876892 0.1599999964237213 0.42286166548728943
v -0.1402282565832138 0.20000000298023224 0.3852739632129669
v -0.11286664754152298 0.2199999988079071 0.3100985586643219
v -0.10260604321956635 0.2800000011920929 0.2819077968597412
v -0.08550503849983215 0.550000011920929 0.23492315411567688
v -0.07182423025369644 0.6800000071525574 0.19733545184135437
v -0.08208483457565308 0.7400000095367432 0.22552622854709625
v -0.06156362593173981 0.7799999713897705 0.1691446751356125
v -0.08208483457565308 0.8399999737739563 0.22552622854709625
v -0.09576564282178879 0.9399999976158142 0.26311394572257996
v -0.06840402632951736 1.059999942779541 0.18793852627277374
v 0 1.100000023841858 0
v 0 0 0
v -0.07640519738197327 0 0.4333154261112213
v -0.07814168184995651 0.029999999329447746 0.4431634843349457
v -0.07814168184995651 0.1599999964237213 0.4431634843349457
v -0.07119575142860413 0.20000000298023224 0.40377119183540344
v -0.05730389803647995 0.2199999988079071 0.3249865472316742
v -0.05209445208311081 0.2800000011920929 0.2954423129558563
v -0.043412044644355774 0.550000011920929 0.24620193243026733
v -0.036466117948293686 0.6800000071525574 0.2068096250295639
v -0.04167556390166283 0.7400000095367432 0.23635385930538177
v -0.031256671994924545 0.7799999713897705 0.17726539075374603
v -0.04167556390166283 0.8399999737739563 0.23635385930538177
v -0.048621490597724915 0.9399999976158142 0.2757461667060852
v -0.03472963720560074 1.059999942779541 0.19696155190467834
v 0 1.100000023841858 0
v 0 0 0
v -1.0776891508656089e-16 0 0.4399999976158142
v -1.1021821011522021e-16 0.029999999329447746 0.44999998807907104
v -1.1021821011522021e-16 0.1599999964237213 0.44999998807907104
v -1.0042103661802784e-16 0.20000000298023224 0.4099999964237213
v -8.082668962364312e-17 0.2199999988079071 0.33000001311302185
v -7.347881115511007e-17 0.2800000011920929 0.30000001192092896
v -6.123234262925839e-17 0.550000011920929 0.25
v -5.143516582334358e-17 0.6800000071525574 0.20999999344348907
v -5.878304760059908e-17 0.7400000095367432 0.23999999463558197
v -4.408728404608808e-17 0.7799999713897705 0.18000000715255737
v -5.878304760059908e-17 0.8399999737739563 0.23999999463558197
v -6.858022109779144e-17 0.9399999976158142 0.2800000011920929
v -4.8985870794684264e-17 1.059999942779541 0.20000000298023224
v 0 1.100000023841858 0
vt 0 0
vt 0 0.0714285746216774
vt 0 0.1428571492433548
vt 0 0.2142857164144516
vt 0 0.2857142984867096
vt 0 0.3571428656578064
vt 0 0.4285714328289032
vt 0 0.5
vt 0 0.5714285969734192
vt 0 0.6428571343421936
vt 0 0.7142857313156128
vt 0 0.7857142686843872
vt 0 0.8571428656578064
vt 0 0.9285714030265808
vt 0 1
vt 0.02777777798473835 0
vt 0.02777777798473835 0.0714285746216774
vt 0.02777777798473835 0.1428571492433548
vt 0.02777777798473835 0.2142857164144516
vt 0.02777777798473835 0.2857142984867096
vt 0.02777777798473835 0.3571428656578064
vt 0.02777777798473835 0.4285714328289032
vt 0.02777777798473835 0.5
vt 0.02777777798473835 0.5714285969734192
vt 0.02777777798473835 0.6428571343421936
vt 0.02777777798473835 0.7142857313156128
vt 0.02777777798473835 0.7857142686843872
vt 0.02777777798473835 0.8571428656578064
vt 0.02777777798473835 0.9285714030265808
vt 0.02777777798473835 1
vt 0.0555555559694767 0
vt 0.0555555559694767 0.0714285746216774
vt 0.0555555559694767 0.1428571492433548
vt 0.0555555559694767 0.2142857164144516
vt 0.0555555559694767 0.2857142984867096
vt 0.0555555559694767 0.3571428656578064
vt 0.0555555559694767 0.4285714328289032
vt 0.0555555559694767 0.5
vt 0.0555555559694767 0.5714285969734192
vt 0.0555555559694767 0.6428571343421936
vt 0.0555555559694767 0.7142857313156128
vt 0.0555555559694767 0.7857142686843872
vt 0.0555555559694767 0.8571428656578064
vt 0.0555555559694767 0.9285714030265808
vt 0.0555555559694767 1
vt 0.0833333358168602 0
vt 0.0833333358168602 0.0714285746216774
vt 0.0833333358168602 0.1428571492433548
vt 0.0833333358168602 0.2142857164144516
vt 0.0833333358168602 0.2857142984867096
vt 0.0833333358168602 0.3571428656578064
vt 0.0833333358168602 0.4285714328289032
vt 0.0833333358168602 0.5
vt 0.0833333358168602 0.5714285969734192
vt 0.0833333358168602 0.6428571343421936
vt 0.0833333358168602 0.7142857313156128
vt 0.0833333358168602 0.7857142686843872
vt 0.0833333358168602 0.8571428656578064
vt 0.0833333358168602 0.9285714030265808
vt 0.0833333358168602 1
vt 0.1111111119389534 0
vt 0.1111111119389534 0.0714285746216774
vt 0.1111111119389534 0.1428571492433548
vt 0.1111111119389534 0.2142857164144516
vt 0.1111111119389534 0.2857142984867096
vt 0.1111111119389534 0.3571428656578064
vt 0.1111111119389534 0.4285714328289032
vt 0.1111111119389534 0.5
vt 0.1111111119389534 0.5714285969734192
vt 0.1111111119389534 0.6428571343421936
vt 0.1111111119389534 0.7142857313156128
vt 0.1111111119389534 0.7857142686843872
vt 0.1111111119389534 0.8571428656578064
vt 0.1111111119389534 0.9285714030265808
vt 0.1111111119389534 1
vt 0.1388888955116272 0
vt 0.1388888955116272 0.0714285746216774
vt 0.1388888955116272 0.1428571492433548
vt 0.1388888955116272 0.2142857164144516
vt 0.1388888955116272 0.2857142984867096
vt 0.1388888955116272 0.3571428656578064
vt 0.1388888955116272 0.4285714328289032
vt 0.1388888955116272 0.5
vt 0.1388888955116272 0.5714285969734192
vt 0.1388888955116272 0.6428571343421936
vt 0.1388888955116272 0.7142857313156128
vt 0.1388888955116272 0.7857142686843872
vt 0.1388888955116272 0.8571428656578064
vt 0.1388888955116272 0.9285714030265808
vt 0.1388888955116272 1
vt 0.1666666716337204 0
vt 0.1666666716337204 0.0714285746216774
vt 0.1666666716337204 0.1428571492433548
vt 0.1666666716337204 0.2142857164144516
vt 0.1666666716337204 0.2857142984867096
vt 0.1666666716337204 0.3571428656578064
vt 0.1666666716337204 0.4285714328289032
vt 0.1666666716337204 0.5
vt 0.1666666716337204 0.5714285969734192
vt 0.1666666716337204 0.6428571343421936
vt 0.1666666716337204 0.7142857313156128
vt 0.1666666716337204 0.7857142686843872
vt 0.1666666716337204 0.8571428656578064
vt 0.1666666716337204 0.9285714030265808
vt 0.1666666716337204 1
vt 0.1944444477558136 0
vt 0.1944444477558136 0.0714285746216774
vt 0.1944444477558136 0.1428571492433548
vt 0.1944444477558136 0.2142857164144516
vt 0.1944444477558136 0.2857142984867096
vt 0.1944444477558136 0.3571428656578064
vt 0.1944444477558136 0.4285714328289032
vt 0.1944444477558136 0.5
vt 0.1944444477558136 0.5714285969734192
vt 0.1944444477558136 0.6428571343421936
vt 0.1944444477558136 0.7142857313156128
vt 0.1944444477558136 0.7857142686843872
vt 0.1944444477558136 0.8571428656578064
vt 0.1944444477558136 0.9285714030265808
vt 0.1944444477558136 1
vt 0.2222222238779068 0
vt 0.2222222238779068 0.0714285746216774
vt 0.2222222238779068 0.1428571492433548
vt 0.2222222238779068 0.2142857164144516
vt 0.2222222238779068 0.2857142984867096
vt 0.2222222238779068 0.3571428656578064
vt 0.2222222238779068 0.4285714328289032
vt 0.2222222238779068 0.5
vt 0.2222222238779068 0.5714285969734192
vt 0.2222222238779068 0.6428571343421936
vt 0.2222222238779068 0.7142857313156128
vt 0.2222222238779068 0.7857142686843872
vt 0.2222222238779068 0.8571428656578064
vt 0.2222222238779068 0.9285714030265808
vt 0.2222222238779068 1
vt 0.25 0
vt 0.25 0.0714285746216774
vt 0.25 0.1428571492433548
vt 0.25 0.2142857164144516
vt 0.25 0.2857142984867096
vt 0.25 0.3571428656578064
vt 0.25 0.4285714328289032
vt 0.25 0.5
vt 0.25 0.5714285969734192
vt 0.25 0.6428571343421936
vt 0.25 0.7142857313156128
vt 0.25 0.7857142686843872
vt 0.25 0.8571428656578064
vt 0.25 0.9285714030265808
vt 0.25 1
vt 0.2777777910232544 0
vt 0.2777777910232544 0.0714285746216774
vt 0.2777777910232544 0.1428571492433548
vt 0.2777777910232544 0.2142857164144516
vt 0.2777777910232544 0.2857142984867096
vt 0.2777777910232544 0.3571428656578064
vt 0.2777777910232544 0.4285714328289032
vt 0.2777777910232544 0.5
vt 0.2777777910232544 0.5714285969734192
vt 0.2777777910232544 0.6428571343421936
vt 0.2777777910232544 0.7142857313156128
vt 0.2777777910232544 0.7857142686843872
vt 0.2777777910232544 0.8571428656578064
vt 0.2777777910232544 0.9285714030265808
vt 0.2777777910232544 1
vt 0.3055555522441864 0
vt 0.3055555522441864 0.0714285746216774
vt 0.3055555522441864 0.1428571492433548
vt 0.3055555522441864 0.2142857164144516
vt 0.3055555522441864 0.2857142984867096
vt 0.3055555522441864 0.3571428656578064
vt 0.3055555522441864 0.4285714328289032
vt 0.3055555522441864 0.5
vt 0.3055555522441864 0.5714285969734192
vt 0.3055555522441864 0.6428571343421936
vt 0.3055555522441864 0.7142857313156128
vt 0.3055555522441864 0.7857142686843872
vt 0.3055555522441864 0.8571428656578064
vt 0.3055555522441864 0.9285714030265808
vt 0.3055555522441864 1
vt 0.3333333432674408 0
vt 0.3333333432674408 0.0714285746216774
vt 0.3333333432674408 0.1428571492433548
vt 0.3333333432674408 0.2142857164144516
vt 0.3333333432674408 0.2857142984867096
vt 0.3333333432674408 0.3571428656578064
vt 0.3333333432674408 0.4285714328289032
vt 0.3333333432674408 0.5
vt 0.3333333432674408 0.5714285969734192
vt 0.3333333432674408 0.6428571343421936
vt 0.3333333432674408 0.7142857313156128
vt 0.3333333432674408 0.7857142686843872
vt 0.3333333432674408 0.8571428656578064
vt 0.3333333432674408 0.9285714030265808
vt 0.3333333432674408 1
vt 0.3611111044883728 0
vt 0.3611111044883728 0.0714285746216774
vt 0.3611111044883728 0.1428571492433548
vt 0.3611111044883728 0.2142857164144516
vt 0.3611111044883728 0.2857142984867096
vt 0.3611111044883728 0.3571428656578064
vt 0.3611111044883728 0.4285714328289032
vt 0.3611111044883728 0.5
vt 0.3611111044883728 0.5714285969734192
vt 0.3611111044883728 0.6428571343421936
vt 0.3611111044883728 0.7142857313156128
vt 0.3611111044883728 0.7857142686843872
vt 0.3611111044883728 0.8571428656578064
vt 0.3611111044883728 0.9285714030265808
vt 0.3611111044883728 1
vt 0.3888888955116272 0
vt 0.3888888955116272 0.0714285746216774
vt 0.3888888955116272 0.1428571492433548
vt 0.3888888955116272 0.2142857164144516
vt 0.3888888955116272 0.2857142984867096
vt 0.3888888955116272 0.3571428656578064
vt 0.3888888955116272 0.4285714328289032
vt 0.3888888955116272 0.5
vt 0.3888888955116272 0.5714285969734192
vt 0.3888888955116272 0.6428571343421936
vt 0.3888888955116272 0.7142857313156128
vt 0.3888888955116272 0.7857142686843872
vt 0.3888888955116272 0.8571428656578064
vt 0.3888888955116272 0.9285714030265808
vt 0.3888888955116272 1
vt 0.4166666567325592 0
vt 0.4166666567325592 0.0714285746216774
vt 0.4166666567325592 0.1428571492433548
vt 0.4166666567325592 0.2142857164144516
vt 0.4166666567325592 0.2857142984867096
vt 0.4166666567325592 0.3571428656578064
vt 0.4166666567325592 0.4285714328289032
vt 0.4166666567325592 0.5
vt 0.4166666567325592 0.5714285969734192
vt 0.4166666567325592 0.6428571343421936
vt 0.4166666567325592 0.7142857313156128
vt 0.4166666567325592 0.7857142686843872
vt 0.4166666567325592 0.8571428656578064
vt 0.4166666567325592 0.9285714030265808
vt 0.4166666567325592 1
vt 0.4444444477558136 0
vt 0.4444444477558136 0.0714285746216774
vt 0.4444444477558136 0.1428571492433548
vt 0.4444444477558136 0.2142857164144516
vt 0.4444444477558136 0.2857142984867096
vt 0.4444444477558136 0.3571428656578064
vt 0.4444444477558136 0.4285714328289032
vt 0.4444444477558136 0.5
vt 0.4444444477558136 0.5714285969734192
vt 0.4444444477558136 0.6428571343421936
vt 0.4444444477558136 0.7142857313156128
vt 0.4444444477558136 0.7857142686843872
vt 0.4444444477558136 0.8571428656578064
vt 0.4444444477558136 0.9285714030265808
vt 0.4444444477558136 1
vt 0.4722222089767456 0
vt 0.4722222089767456 0.0714285746216774
vt 0.4722222089767456 0.1428571492433548
vt 0.4722222089767456 0.2142857164144516
vt 0.4722222089767456 0.2857142984867096
vt 0.4722222089767456 0.3571428656578064
vt 0.4722222089767456 0.4285714328289032
vt 0.4722222089767456 0.5
vt 0.4722222089767456 0.5714285969734192
vt 0.4722222089767456 0.6428571343421936
vt 0.4722222089767456 0.7142857313156128
vt 0.4722222089767456 0.7857142686843872
vt 0.4722222089767456 0.8571428656578064
vt 0.4722222089767456 0.9285714030265808
vt 0.4722222089767456 1
vt 0.5 0
vt 0.5 0.0714285746216774
vt 0.5 0.1428571492433548
vt 0.5 0.2142857164144516
vt 0.5 0.2857142984867096
vt 0.5 0.3571428656578064
vt 0.5 0.4285714328289032
vt 0.5 0.5
vt 0.5 0.5714285969734192
vt 0.5 0.6428571343421936
vt 0.5 0.7142857313156128
vt 0.5 0.7857142686843872
vt 0.5 0.8571428656578064
vt 0.5 0.9285714030265808
vt 0.5 1
vt 0.5277777910232544 0
vt 0.5277777910232544 0.0714285746216774
vt 0.5277777910232544 0.1428571492433548
vt 0.5277777910232544 0.2142857164144516
vt 0.5277777910232544 0.2857142984867096
vt 0.5277777910232544 0.3571428656578064
vt 0.5277777910232544 0.4285714328289032
vt 0.5277777910232544 0.5
vt 0.5277777910232544 0.5714285969734192
vt 0.5277777910232544 0.6428571343421936
vt 0.5277777910232544 0.7142857313156128
vt 0.5277777910232544 0.7857142686843872
vt 0.5277777910232544 0.8571428656578064
vt 0.5277777910232544 0.9285714030265808
vt 0.5277777910232544 1
vt 0.5555555820465088 0
vt 0.5555555820465088 0.0714285746216774
vt 0.5555555820465088 0.1428571492433548
vt 0.5555555820465088 0.2142857164144516
vt 0.5555555820465088 0.2857142984867096
vt 0.5555555820465088 0.3571428656578064
vt 0.5555555820465088 0.4285714328289032
vt 0.5555555820465088 0.5
vt 0.5555555820465088 0.5714285969734192
vt 0.5555555820465088 0.6428571343421936
vt 0.5555555820465088 0.7142857313156128
vt 0.5555555820465088 0.7857142686843872
vt 0.5555555820465088 0.8571428656578064
vt 0.5555555820465088 0.9285714030265808
vt 0.5555555820465088 1
vt 0.5833333134651184 0
vt 0.5833333134651184 0.0714285746216774
vt 0.5833333134651184 0.1428571492433548
vt 0.5833333134651184 0.2142857164144516
vt 0.5833333134651184 0.2857142984867096
vt 0.5833333134651184 0.3571428656578064
vt 0.5833333134651184 0.4285714328289032
vt 0.5833333134651184 0.5
vt 0.5833333134651184 0.5714285969734192
vt 0.5833333134651184 0.6428571343421936
vt 0.5833333134651184 0.7142857313156128
vt 0.5833333134651184 0.7857142686843872
vt 0.5833333134651184 0.8571428656578064
vt 0.5833333134651184 0.9285714030265808
vt 0.5833333134651184 1
vt 0.6111111044883728 0
vt 0.6111111044883728 0.0714285746216774
vt 0.6111111044883728 0.1428571492433548
vt 0.6111111044883728 0.2142857164144516
vt 0.6111111044883728 0.2857142984867096
vt 0.6111111044883728 0.3571428656578064
vt 0.6111111044883728 0.4285714328289032
vt 0.6111111044883728 0.5
vt 0.6111111044883728 0.5714285969734192
vt 0.6111111044883728 0.6428571343421936
vt 0.6111111044883728 0.7142857313156128
vt 0.6111111044883728 0.7857142686843872
vt 0.6111111044883728 0.8571428656578064
vt 0.6111111044883728 0.9285714030265808
vt 0.6111111044883728 1
vt 0.6388888955116272 0
vt 0.6388888955116272 0.0714285746216774
vt 0.6388888955116272 0.1428571492433548
vt 0.6388888955116272 0.2142857164144516
vt 0.6388888955116272 0.2857142984867096
vt 0.6388888955116272 0.3571428656578064
vt 0.6388888955116272 0.4285714328289032
vt 0.6388888955116272 0.5
vt 0.6388888955116272 0.5714285969734192
vt 0.6388888955116272 0.6428571343421936
vt 0.6388888955116272 0.7142857313156128
vt 0.6388888955116272 0.7857142686843872
vt 0.6388888955116272 0.8571428656578064
vt 0.6388888955116272 0.9285714030265808
vt 0.6388888955116272 1
vt 0.6666666865348816 0
vt 0.6666666865348816 0.0714285746216774
vt 0.6666666865348816 0.1428571492433548
vt 0.6666666865348816 0.2142857164144516
vt 0.6666666865348816 0.2857142984867096
vt 0.6666666865348816 0.3571428656578064
vt 0.6666666865348816 0.4285714328289032
vt 0.6666666865348816 0.5
vt 0.6666666865348816 0.5714285969734192
vt 0.6666666865348816 0.6428571343421936
vt 0.6666666865348816 0.7142857313156128
vt 0.6666666865348816 0.7857142686843872
vt 0.6666666865348816 0.8571428656578064
vt 0.6666666865348816 0.9285714030265808
vt 0.6666666865348816 1
vt 0.6944444179534912 0
vt 0.6944444179534912 0.0714285746216774
vt 0.6944444179534912 0.1428571492433548
vt 0.6944444179534912 0.2142857164144516
vt 0.6944444179534912 0.2857142984867096
vt 0.6944444179534912 0.3571428656578064
vt 0.6944444179534912 0.4285714328289032
vt 0.6944444179534912 0.5
vt 0.6944444179534912 0.5714285969734192
vt 0.6944444179534912 0.6428571343421936
vt 0.6944444179534912 0.7142857313156128
vt 0.6944444179534912 0.7857142686843872
vt 0.6944444179534912 0.8571428656578064
vt 0.6944444179534912 0.9285714030265808
vt 0.6944444179534912 1
vt 0.7222222089767456 0
vt 0.7222222089767456 0.0714285746216774
vt 0.7222222089767456 0.1428571492433548
vt 0.7222222089767456 0.2142857164144516
vt 0.7222222089767456 0.2857142984867096
vt 0.7222222089767456 0.3571428656578064
vt 0.7222222089767456 0.4285714328289032
vt 0.7222222089767456 0.5
vt 0.7222222089767456 0.5714285969734192
vt 0.7222222089767456 0.6428571343421936
vt 0.7222222089767456 0.7142857313156128
vt 0.7222222089767456 0.7857142686843872
vt 0.7222222089767456 0.8571428656578064
vt 0.7222222089767456 0.9285714030265808
vt 0.7222222089767456 1
vt 0.75 0
vt 0.75 0.0714285746216774
vt 0.75 0.1428571492433548
vt 0.75 0.2142857164144516
vt 0.75 0.2857142984867096
vt 0.75 0.3571428656578064
vt 0.75 0.4285714328289032
vt 0.75 0.5
vt 0.75 0.5714285969734192
vt 0.75 0.6428571343421936
vt 0.75 0.7142857313156128
vt 0.75 0.7857142686843872
vt 0.75 0.8571428656578064
vt 0.75 0.9285714030265808
vt 0.75 1
vt 0.7777777910232544 0
vt 0.7777777910232544 0.0714285746216774
vt 0.7777777910232544 0.1428571492433548
vt 0.7777777910232544 0.2142857164144516
vt 0.7777777910232544 0.2857142984867096
vt 0.7777777910232544 0.3571428656578064
vt 0.7777777910232544 0.4285714328289032
vt 0.7777777910232544 0.5
vt 0.7777777910232544 0.5714285969734192
vt 0.7777777910232544 0.6428571343421936
vt 0.7777777910232544 0.7142857313156128
vt 0.7777777910232544 0.7857142686843872
vt 0.7777777910232544 0.8571428656578064
vt 0.7777777910232544 0.9285714030265808
vt 0.7777777910232544 1
vt 0.8055555820465088 0
vt 0.8055555820465088 0.0714285746216774
vt 0.8055555820465088 0.1428571492433548
vt 0.8055555820465088 0.2142857164144516
vt 0.8055555820465088 0.2857142984867096
vt 0.8055555820465088 0.3571428656578064
vt 0.8055555820465088 0.4285714328289032
vt 0.8055555820465088 0.5
vt 0.8055555820465088 0.5714285969734192
vt 0.8055555820465088 0.6428571343421936
vt 0.8055555820465088 0.7142857313156128
vt 0.8055555820465088 0.7857142686843872
vt 0.8055555820465088 0.8571428656578064
vt 0.8055555820465088 0.9285714030265808
vt 0.8055555820465088 1
vt 0.8333333134651184 0
vt 0.8333333134651184 0.0714285746216774
vt 0.8333333134651184 0.1428571492433548
vt 0.8333333134651184 0.2142857164144516
vt 0.8333333134651184 0.2857142984867096
vt 0.8333333134651184 0.3571428656578064
vt 0.8333333134651184 0.4285714328289032
vt 0.8333333134651184 0.5
vt 0.8333333134651184 0.5714285969734192
vt 0.8333333134651184 0.6428571343421936
vt 0.8333333134651184 0.7142857313156128
vt 0.8333333134651184 0.7857142686843872
vt 0.8333333134651184 0.8571428656578064
vt 0.8333333134651184 0.9285714030265808
vt 0.8333333134651184 1
vt 0.8611111044883728 0
vt 0.8611111044883728 0.0714285746216774
vt 0.8611111044883728 0.1428571492433548
vt 0.8611111044883728 0.2142857164144516
vt 0.8611111044883728 0.2857142984867096
vt 0.8611111044883728 0.3571428656578064
vt 0.8611111044883728 0.4285714328289032
vt 0.8611111044883728 0.5
vt 0.8611111044883728 0.5714285969734192
vt 0.8611111044883728 0.6428571343421936
vt 0.8611111044883728 0.7142857313156128
vt 0.8611111044883728 0.7857142686843872
vt 0.8611111044883728 0.8571428656578064
vt 0.8611111044883728 0.9285714030265808
vt 0.8611111044883728 1
vt 0.8888888955116272 0
vt 0.8888888955116272 0.0714285746216774
vt 0.8888888955116272 0.1428571492433548
vt 0.8888888955116272 0.2142857164144516
vt 0.8888888955116272 0.2857142984867096
vt 0.8888888955116272 0.3571428656578064
vt 0.8888888955116272 0.4285714328289032
vt 0.8888888955116272 0.5
vt 0.8888888955116272 0.5714285969734192
vt 0.8888888955116272 0.6428571343421936
vt 0.8888888955116272 0.7142857313156128
vt 0.8888888955116272 0.7857142686843872
vt 0.8888888955116272 0.8571428656578064
vt 0.8888888955116272 0.9285714030265808
vt 0.8888888955116272 1
vt 0.9166666865348816 0
vt 0.9166666865348816 0.0714285746216774
vt 0.9166666865348816 0.1428571492433548
vt 0.9166666865348816 0.2142857164144516
vt 0.9166666865348816 0.2857142984867096
vt 0.9166666865348816 0.3571428656578064
vt 0.9166666865348816 0.4285714328289032
vt 0.9166666865348816 0.5
vt 0.9166666865348816 0.5714285969734192
vt 0.9166666865348816 0.6428571343421936
vt 0.9166666865348816 0.7142857313156128
vt 0.9166666865348816 0.7857142686843872
vt 0.9166666865348816 0.8571428656578064
vt 0.9166666865348816 0.9285714030265808
vt 0.9166666865348816 1
vt 0.9444444179534912 0
vt 0.9444444179534912 0.0714285746216774
vt 0.9444444179534912 0.1428571492433548
vt 0.9444444179534912 0.2142857164144516
vt 0.9444444179534912 0.2857142984867096
vt 0.9444444179534912 0.3571428656578064
vt 0.9444444179534912 0.4285714328289032
vt 0.9444444179534912 0.5
vt 0.9444444179534912 0.5714285969734192
vt 0.9444444179534912 0.6428571343421936
vt 0.9444444179534912 0.7142857313156128
vt 0.9444444179534912 0.7857142686843872
vt 0.9444444179534912 0.8571428656578064
vt 0.9444444179534912 0.9285714030265808
vt 0.9444444179534912 1
vt 0.9722222089767456 0
vt 0.9722222089767456 0.0714285746216774
vt 0.9722222089767456 0.1428571492433548
vt 0.9722222089767456 0.2142857164144516
vt 0.9722222089767456 0.2857142984867096
vt 0.9722222089767456 0.3571428656578064
vt 0.9722222089767456 0.4285714328289032
vt 0.9722222089767456 0.5
vt 0.9722222089767456 0.5714285969734192
vt 0.9722222089767456 0.6428571343421936
vt 0.9722222089767456 0.7142857313156128
vt 0.9722222089767456 0.7857142686843872
vt 0.9722222089767456 0.8571428656578064
vt 0.9722222089767456 0.9285714030265808
vt 0.9722222089767456 1
vt 1 0
vt 1 0.0714285746216774
vt 1 0.1428571492433548
vt 1 0.2142857164144516
vt 1 0.2857142984867096
vt 1 0.3571428656578064
vt 1 0.4285714328289032
vt 1 0.5
vt 1 0.5714285969734192
vt 1 0.6428571343421936
vt 1 0.7142857313156128
vt 1 0.7857142686843872
vt 1 0.8571428656578064
vt 1 0.9285714030265808
vt 1 1
vn 0 0 0
vn 0.005819545936300128 -0.9977682618920258 0.06651788064919752
vn 0.08668751871153754 -0.10350352354394346 0.99084423332511
vn 0.0863968412913502 0.1316695035295064 0.9875215074392915
vn 0.04679099587072527 0.8436665745381452 0.5348245634902141
vn 0.039141494373366184 0.8934830334169688 0.4473879886789893
vn 0.0838347379311773 0.27343443163896475 0.9582303211181992
vn 0.08535694464734628 0.20213353950741297 0.9756311927191931
vn 0.08597234799876982 0.16423048391021827 0.9826683588750551
vn 0.08712951271978635 0.02448917416612778 0.9958959425371073
vn 0.07733400782578613 0.46118100711229465 0.8839295955631823
vn 0.07124560970546177 -0.5759972252374431 0.814340997136005
vn 0.08714068614837663 0.01861721076836786 0.9960220380497595
vn 0.05605522173196976 0.7657309774045756 0.6407135727917844
vn 0.017155455853618405 0.980436289942377 0.19608766330007
vn 0 -1 0
vn 0.014324547661488798 -0.9950697379342869 0.0981377806030053
vn 0.1552280790048066 -0.06199326019195978 0.9859315793599726
vn 0.18472114744406848 0.22405079660965507 0.9569113533789458
vn 0.08583395734226797 0.8883580364753091 0.45105712586844166
vn 0.09259831030683374 0.8228492621630019 0.5606644671156917
vn 0.15459002210894682 0.23954767946559893 0.9584982182179589
vn 0.1841566239154373 0.2165711641154967 0.9587404595310072
vn 0.18565894441467412 0.055160171624473384 0.9810647847238161
vn 0.17387696120600973 0.2685171146485682 0.9474520365182457
vn 0.1667513098875388 1.8273174935708655e-8 0.9859989861307109
vn 0.137563661794133 -0.5179414788802619 0.8442824547561774
vn 0.1712419863480936 0.1658933336663675 0.9711619761690728
vn 0.11944572205399905 0.8090257954774259 0.5755084549640577
vn 0.050945082208107305 0.9804362922453008 0.1901296280096713
vn 0 -1 0
vn 0.03114838882972181 -0.995069737343841 0.09415941639460186
vn 0.32407501882959155 -0.06199328705241369 0.94399799498253
vn 0.3480806316169141 0.2240508027494681 0.9102972655569659
vn 0.1628551315568647 0.8883580464133103 0.4292996476801759
vn 0.18854968859572716 0.8228491810835206 0.5360673839366037
vn 0.3186827576189081 0.23954768299871101 0.9170922568457099
vn 0.3478425708397015 0.21657117997047173 0.9121965083894066
vn 0.3531986225410794 0.05516019539194427 0.9339208134951306
vn 0.3357587408572578 0.26851710292230907 0.9028646816528814
vn 0.33543483188280826 -5.9480631556334773e-8 0.942063412706251
vn 0.28208188074605733 -0.5179414905607479 0.8075682168773594
vn 0.3372809853893872 0.16589331464390594 0.926671972734269
vn 0.21756718181027315 0.8090257874588083 0.5460236227726699
vn 0.0831867925802212 0.980436291788085 0.1783946055379599
vn 0 -1 0
vn 0.04702577342413913 -0.995069736910397 0.08732007397462964
vn 0.48307495226741093 -0.06199338520721014 0.8733815951131495
vn 0.5008639204802039 0.2240508842911894 0.8360242427164035
vn 0.2349280721970031 0.888358059185178 0.39449811098982906
vn 0.27877243845406496 0.8228491990857315 0.4951819091226424
vn 0.4730928320313561 0.2395477185459268 0.8478207728169865
vn 0.5009592786042799 0.21657119754111978 0.8379359865621507
vn 0.5100063705671087 0.05516022097273965 0.858400170085726
vn 0.4874386575129474 0.2685170518899119 0.830844238113454
vn 0.4939265593319984 -5.271500172409347e-9 0.869503625056534
vn 0.4180292701551362 -0.5179415241590668 0.7463163584200383
vn 0.4930719514627068 0.16589334874305103 0.8540254372813345
vn 0.30907789251078593 0.8090257743690755 0.49994815007919435
vn 0.11290090826620788 0.9804362911308137 0.16123915140659836
vn 0 -1 0
vn 0.06147432294314521 -0.9950697368682543 0.07782754260302
vn 0.6273972284499157 -0.06199341906102064 0.7762277589254903
vn 0.6384288108755989 0.22405092545128974 0.7363489907974272
vn 0.2998628910982585 0.8883580555457986 0.347709953393747
vn 0.3605246873229753 0.8228492212258796 0.43925062203556886
vn 0.6131279429525062 0.23954768326454073 0.7527888369346478
vn 0.638854583629647 0.21657121872823099 0.7382152316187733
vn 0.6513177656120068 0.05516022362151411 0.7567975409105181
vn 0.6243078778697773 0.268517139586629 0.7335790478046317
vn 0.6374103931088645 8.601052190820635e-9 0.7705244906924131
vn 0.5412748598032713 -0.5179415481100687 0.662388163304791
vn 0.6338809810112834 0.16589336310509448 0.7554298736413952
vn 0.39119735407122436 0.8090257654368492 0.43868205003965377
vn 0.13918455305173913 0.9804362908336143 0.13918455305173913
vn 0 -1 0
vn 0.07405499332917195 -0.9950697373669753 0.06597026405461126
vn 0.7526562052176445 -0.061993392714986134 0.655488715392615
vn 0.7565953653781968 0.22405090697821792 0.6143001254846613
vn 0.35568641924184546 0.8883580988644104 0.29035677940927185
vn 0.43132257803727064 0.8228491610002235 0.36997309620634655
vn 0.7345335671228886 0.2395477058104569 0.634883718022971
vn 0.7573387529779215 0.21657119425271393 0.6160640640857086
vn 0.7728394366263452 0.055160251202216744 0.6321997721309158
vn 0.7422079436479502 0.268517046897222 0.6140244000945534
vn 0.7615268220330264 1.0626369992045716e-8 0.6481333962420694
vn 0.6480742093520788 -0.5179414746444088 0.5583336350389909
vn 0.7554298488344044 0.16589332785512587 0.6338810198003885
vn 0.4614304594181608 0.8090257630689095 0.36408686575035043
vn 0.16123915140659836 0.9804362911308137 0.11290090826620788
vn 0 -1 0
vn 0.08438555848343496 -0.9950697365498543 0.05210851103267329
vn 0.8550461685261969 -0.06199332438723092 0.5148328635781617
vn 0.8517731352285768 0.22405090728533544 0.4735860186360009
vn 0.40070277126292003 0.8883580493139164 0.22418132241868263
vn 0.4890149466073919 0.8228492026895977 0.2894539196964914
vn 0.8336207875589736 0.2395476999462183 0.4976879363617659
vn 0.8528114414929605 0.21657119329908497 0.47519423764573293
vn 0.8708785279381296 0.05516021391488973 0.4883932231073443
vn 0.8375562639932421 0.26851708371782845 0.4758130729576007
vn 0.8625047116156488 -5.394934442390261e-10 0.5060490316568211
vn 0.7351821050584635 -0.5179414739025676 0.4373144200840423
vn 0.8540254268428495 0.16589333181422744 0.4930719752383656
vn 0.5176432846690718 0.8090257828955931 0.27842900791258574
vn 0.1783946055379599 0.980436291788085 0.0831867925802212
vn 0 -1 0
vn 0.09215208849042271 -0.9950697379902351 0.036663457596063195
vn 0.9314558736216214 -0.06199326146870084 0.3585342257417766
vn 0.9210700844347742 0.22405086106422456 0.3184825132023693
vn 0.4335438807609171 0.8883580361494571 0.15119425605307846
vn 0.5318488452994996 0.8228492101061481 0.20013990901686018
vn 0.9073788253965651 0.2395476925695738 0.3453701929908585
vn 0.9223719738446885 0.21657119464006375 0.3198856975827913
vn 0.9424565417732446 0.05516020198809278 0.3297469014038636
vn 0.9074560227122732 0.2685170717405443 0.32314416136935803
vn 0.9372758639877935 7.048353553333028e-8 0.3485885178630102
vn 0.7999518493776496 -0.5179415332305437 0.30300760193775966
vn 0.926671963571324 0.1658933726081942 0.3372809820543482
vn 0.5581278779496589 0.8090257613535046 0.18431112099326202
vn 0.1901296280096713 0.9804362922453008 0.050945082208107305
vn 0 -1 0
vn 0.09711863798539153 -0.9950697373822971 0.020104424930573718
vn 0.9795637581718863 -0.061993266469085255 0.19134178474306968
vn 0.9623808888459446 0.22405077581475594 0.15370190187793967
vn 0.4532119362926798 0.8883580622654799 0.07361313748076166
vn 0.5585227722187835 0.8228492307995439 0.10474471960745146
vn 0.9535665947988523 0.2395476956668782 0.1825586228706012
vn 0.9639066114098495 0.21657117278225865 0.15485790777386385
vn 0.9853984596254842 0.05516020515464788 0.16108143137872774
vn 0.949783127955241 0.26851710156214 0.16065670238189708
vn 0.9835682775316058 -2.3272957519609105e-8 0.18053654320804297
vn 0.8404155288920888 -0.5179415293021333 0.1594939215807237
vn 0.9711619812027112 0.16589334942737222 0.17124194253217498
vn 0.5816539471448154 0.8090257568796716 0.08459320585088777
vn 0.19608766330007 0.980436289942377 0.017155455853618405
vn 0 -1 0
vn 0.09913428821178387 -0.9950697370188104 0.002934513598293918
vn 0.9979081350367126 -0.06199328723430934 0.01833538560910598
vn 0.9744502136373846 0.22405078617170895 -0.015748852589786765
vn 0.45910952076494616 0.8883580081889931 -0.00620461356300499
vn 0.5682263282910933 0.822849200838791 0.006167050817484491
vn 0.9707807389274506 0.23954773163403373 0.014200042128868596
vn 0.9761534919103833 0.21657118178688725 -0.014875599167641565
vn 0.9983995390573889 0.055160216068583116 -0.01247842030309247
vn 0.9632515465694277 0.26851705147237653 -0.006712011634894217
vn 0.9999755071883635 1.4309731244994814e-8 0.006998930159305947
vn 0.855343560577615 -0.5179415226092928 0.011134295468302703
vn 0.9861437029993092 0.16589333029031011 1.0827096495227118e-8
vn 0.587506767478982 0.8090257594960233 -0.017695158611326853
vn 0.19608766330007 0.980436289942377 -0.017155455853618405
vn 0 -1 0
vn 0.0981377806030053 -0.9950697379342869 -0.014324547661488798
vn 0.9859315793599726 -0.06199326019195978 -0.1552280790048066
vn 0.9569113533789458 0.22405079660965507 -0.18472114744406848
vn 0.45105712586844166 0.8883580364753091 -0.08583395734226797
vn 0.5606644671156917 0.8228492621630019 -0.09259831030683374
vn 0.9584982182179589 0.23954767946559893 -0.15459002210894682
vn 0.9587404595310072 0.2165711641154967 -0.1841566239154373
vn 0.9810647847238161 0.055160171624473384 -0.18565894441467412
vn 0.9474520365182457 0.2685171146485682 -0.17387696120600973
vn 0.9859989861307109 1.8273174935708655e-8 -0.1667513098875388
vn 0.8442824547561774 -0.5179414788802619 -0.137563661794133
vn 0.9711619761690728 0.1658933336663675 -0.1712419863480936
vn 0.5755084549640577 0.8090257954774259 -0.11944572205399905
vn 0.1901296280096713 0.9804362922453008 -0.050945082208107305
vn 0 -1 0
vn 0.09415941639460186 -0.995069737343841 -0.03114838882972181
vn 0.94399799498253 -0.06199328705241369 -0.32407501882959155
vn 0.9102972655569659 0.2240508027494681 -0.3480806316169141
vn 0.4292996476801759 0.8883580464133103 -0.1628551315568647
vn 0.5360673839366037 0.8228491810835206 -0.18854968859572716
vn 0.9170922568457099 0.23954768299871101 -0.3186827576189081
vn 0.9121965083894066 0.21657117997047173 -0.3478425708397015
vn 0.9339208134951306 0.05516019539194427 -0.3531986225410794
vn 0.9028646816528814 0.26851710292230907 -0.3357587408572578
vn 0.942063412706251 -5.9480631556334773e-8 -0.33543483188280826
vn 0.8075682168773594 -0.5179414905607479 -0.28208188074605733
vn 0.926671972734269 0.16589331464390594 -0.3372809853893872
vn 0.5460236227726699 0.8090257874588083 -0.21756718181027315
vn 0.1783946055379599 0.980436291788085 -0.0831867925802212
vn 0 -1 0
vn 0.08732007397462964 -0.995069736910397 -0.04702577342413913
vn 0.8733815951131495 -0.06199338520721014 -0.48307495226741093
vn 0.8360242427164035 0.2240508842911894 -0.5008639204802039
vn 0.39449811098982906 0.888358059185178 -0.2349280721970031
vn 0.4951819091226424 0.8228491990857315 -0.27877243845406496
vn 0.8478207728169865 0.2395477185459268 -0.4730928320313561
vn 0.8379359865621507 0.21657119754111978 -0.5009592786042799
vn 0.858400170085726 0.05516022097273965 -0.5100063705671087
vn 0.830844238113454 0.2685170518899119 -0.4874386575129474
vn 0.869503625056534 -5.271500172409347e-9 -0.4939265593319984
vn 0.7463163584200383 -0.5179415241590668 -0.4180292701551362
vn 0.8540254372813345 0.16589334874305103 -0.4930719514627068
vn 0.49994815007919435 0.8090257743690755 -0.30907789251078593
vn 0.16123915140659836 0.9804362911308137 -0.11290090826620788
vn 0 -1 0
vn 0.07782754260302 -0.9950697368682543 -0.06147432294314521
vn 0.7762277589254903 -0.06199341906102064 -0.6273972284499157
vn 0.7363489907974272 0.22405092545128974 -0.6384288108755989
vn 0.347709953393747 0.8883580555457986 -0.2998628910982585
vn 0.43925062203556886 0.8228492212258796 -0.3605246873229753
vn 0.7527888369346478 0.23954768326454073 -0.6131279429525062
vn 0.7382152316187733 0.21657121872823099 -0.638854583629647
vn 0.7567975409105181 0.05516022362151411 -0.6513177656120068
vn 0.7335790478046317 0.268517139586629 -0.6243078778697773
vn 0.7705244906924131 8.601052190820635e-9 -0.6374103931088645
vn 0.662388163304791 -0.5179415481100687 -0.5412748598032713
vn 0.7554298736413952 0.16589336310509448 -0.6338809810112834
vn 0.43868205003965377 0.8090257654368492 -0.39119735407122436
vn 0.13918455305173913 0.9804362908336143 -0.13918455305173913
vn 0 -1 0
vn 0.06597026405461126 -0.9950697373669753 -0.07405499332917195
vn 0.655488715392615 -0.061993392714986134 -0.7526562052176445
vn 0.6143001254846613 0.22405090697821792 -0.7565953653781968
vn 0.29035677940927185 0.8883580988644104 -0.35568641924184546
vn 0.36997309620634655 0.8228491610002235 -0.43132257803727064
vn 0.634883718022971 0.2395477058104569 -0.7345335671228886
vn 0.6160640640857086 0.21657119425271393 -0.7573387529779215
vn 0.6321997721309158 0.055160251202216744 -0.7728394366263452
vn 0.6140244000945534 0.268517046897222 -0.7422079436479502
vn 0.6481333962420694 1.0626369992045716e-8 -0.7615268220330264
vn 0.5583336350389909 -0.5179414746444088 -0.6480742093520788
vn 0.6338810198003885 0.16589332785512587 -0.7554298488344044
vn 0.36408686575035043 0.8090257630689095 -0.4614304594181608
vn 0.11290090826620788 0.9804362911308137 -0.16123915140659836
vn 0 -1 0
vn 0.05210851103267329 -0.9950697365498543 -0.08438555848343496
vn 0.5148328635781617 -0.06199332438723092 -0.8550461685261969
vn 0.4735860186360009 0.22405090728533544 -0.8517731352285768
vn 0.22418132241868263 0.8883580493139164 -0.40070277126292003
vn 0.2894539196964914 0.8228492026895977 -0.4890149466073919
vn 0.4976879363617659 0.2395476999462183 -0.8336207875589736
vn 0.47519423764573293 0.21657119329908497 -0.8528114414929605
vn 0.4883932231073443 0.05516021391488973 -0.8708785279381296
vn 0.4758130729576007 0.26851708371782845 -0.8375562639932421
vn 0.5060490316568211 -5.394934442390261e-10 -0.8625047116156488
vn 0.4373144200840423 -0.5179414739025676 -0.7351821050584635
vn 0.4930719752383656 0.16589333181422744 -0.8540254268428495
vn 0.27842900791258574 0.8090257828955931 -0.5176432846690718
vn 0.0831867925802212 0.980436291788085 -0.1783946055379599
vn 0 -1 0
vn 0.036663457596063195 -0.9950697379902351 -0.09215208849042271
vn 0.3585342257417766 -0.06199326146870084 -0.9314558736216214
vn 0.3184825132023693 0.22405086106422456 -0.9210700844347742
vn 0.15119425605307846 0.8883580361494571 -0.4335438807609171
vn 0.20013990901686018 0.8228492101061481 -0.5318488452994996
vn 0.3453701929908585 0.2395476925695738 -0.9073788253965651
vn 0.3198856975827913 0.21657119464006375 -0.9223719738446885
vn 0.3297469014038636 0.05516020198809278 -0.9424565417732446
vn 0.32314416136935803 0.2685170717405443 -0.9074560227122732
vn 0.3485885178630102 7.048353553333028e-8 -0.9372758639877935
vn 0.30300760193775966 -0.5179415332305437 -0.7999518493776496
vn 0.3372809820543482 0.1658933726081942 -0.926671963571324
vn 0.18431112099326202 0.8090257613535046 -0.5581278779496589
vn 0.050945082208107305 0.9804362922453008 -0.1901296280096713
vn 0 -1 0
vn 0.02010442493057371 -0.9950697373822969 -0.0971186379853915
vn 0.19134178474306968 -0.061993266469085255 -0.9795637581718863
vn 0.15370190187793967 0.22405077581475594 -0.9623808888459446
vn 0.07361313748076166 0.8883580622654799 -0.4532119362926798
vn 0.10474471960745146 0.8228492307995439 -0.5585227722187835
vn 0.1825586228706012 0.2395476956668782 -0.9535665947988523
vn 0.15485790777386385 0.21657117278225865 -0.9639066114098495
vn 0.16108143137872774 0.05516020515464788 -0.9853984596254842
vn 0.16065670238189708 0.26851710156214 -0.949783127955241
vn 0.18053654320804297 -2.3272957519609105e-8 -0.9835682775316058
vn 0.1594939215807237 -0.5179415293021333 -0.8404155288920888
vn 0.17124194253217498 0.16589334942737222 -0.9711619812027112
vn 0.08459320585088777 0.8090257568796716 -0.5816539471448154
vn 0.017155455853618405 0.980436289942377 -0.19608766330007
vn 0 -1 0
vn 0.002934513598293918 -0.9950697370188104 -0.09913428821178387
vn 0.01833538560910598 -0.06199328723430934 -0.9979081350367126
vn -0.015748852589786765 0.22405078617170895 -0.9744502136373846
vn -0.00620461356300499 0.8883580081889931 -0.45910952076494616
vn 0.006167050817484493 0.8228492008387912 -0.5682263282910934
vn 0.014200042128868596 0.23954773163403373 -0.9707807389274506
vn -0.014875599167641565 0.21657118178688725 -0.9761534919103833
vn -0.01247842030309247 0.055160216068583116 -0.9983995390573889
vn -0.006712011634894217 0.26851705147237653 -0.9632515465694277
vn 0.006998930159305947 1.4309731244994814e-8 -0.9999755071883635
vn 0.011134295468302703 -0.5179415226092928 -0.855343560577615
vn 1.0827096495227118e-8 0.16589333029031011 -0.9861437029993092
vn -0.017695158611326853 0.8090257594960233 -0.587506767478982
vn -0.017155455853618405 0.980436289942377 -0.19608766330007
vn 0 -1 0
vn -0.014324547661488798 -0.9950697379342869 -0.0981377806030053
vn -0.1552280790048066 -0.06199326019195978 -0.9859315793599726
vn -0.18472114744406848 0.22405079660965507 -0.9569113533789458
vn -0.08583395734226797 0.8883580364753091 -0.45105712586844166
vn -0.09259831030683374 0.8228492621630019 -0.5606644671156917
vn -0.15459002210894682 0.23954767946559893 -0.9584982182179589
vn -0.1841566239154373 0.2165711641154967 -0.9587404595310072
vn -0.18565894441467412 0.055160171624473384 -0.9810647847238161
vn -0.17387696120600973 0.2685171146485682 -0.9474520365182457
vn -0.1667513098875388 1.8273174935708655e-8 -0.9859989861307109
vn -0.137563661794133 -0.5179414788802619 -0.8442824547561774
vn -0.1712419863480936 0.1658933336663675 -0.9711619761690728
vn -0.11944572205399905 0.8090257954774259 -0.5755084549640577
vn -0.050945082208107305 0.9804362922453008 -0.1901296280096713
vn 0 -1 0
vn -0.03114838882972181 -0.995069737343841 -0.09415941639460186
vn -0.32407501882959155 -0.06199328705241369 -0.94399799498253
vn -0.3480806316169141 0.2240508027494681 -0.9102972655569659
vn -0.1628551315568647 0.8883580464133103 -0.4292996476801759
vn -0.18854968859572716 0.8228491810835206 -0.5360673839366037
vn -0.3186827576189081 0.23954768299871101 -0.9170922568457099
vn -0.3478425708397015 0.21657117997047173 -0.9121965083894066
vn -0.3531986225410794 0.05516019539194427 -0.9339208134951306
vn -0.3357587408572578 0.26851710292230907 -0.9028646816528814
vn -0.33543483188280826 -5.9480631556334773e-8 -0.942063412706251
vn -0.28208188074605733 -0.5179414905607479 -0.8075682168773594
vn -0.3372809853893872 0.16589331464390594 -0.926671972734269
vn -0.21756718181027315 0.8090257874588083 -0.5460236227726699
vn -0.0831867925802212 0.980436291788085 -0.1783946055379599
vn 0 -1 0
vn -0.04702577342413913 -0.995069736910397 -0.08732007397462964
vn -0.48307495226741093 -0.06199338520721014 -0.8733815951131495
vn -0.5008639204802039 0.2240508842911894 -0.8360242427164035
vn -0.2349280721970031 0.888358059185178 -0.39449811098982906
vn -0.27877243845406496 0.8228491990857315 -0.4951819091226424
vn -0.4730928320313561 0.2395477185459268 -0.8478207728169865
vn -0.5009592786042799 0.21657119754111978 -0.8379359865621507
vn -0.5100063705671087 0.05516022097273965 -0.858400170085726
vn -0.4874386575129474 0.2685170518899119 -0.830844238113454
vn -0.4939265593319984 -5.271500172409347e-9 -0.869503625056534
vn -0.4180292701551362 -0.5179415241590668 -0.7463163584200383
vn -0.4930719514627068 0.16589334874305103 -0.8540254372813345
vn -0.30907789251078593 0.8090257743690755 -0.49994815007919435
vn -0.11290090826620788 0.9804362911308137 -0.16123915140659836
vn 0 -1 0
vn -0.06147432294314521 -0.9950697368682543 -0.07782754260302
vn -0.6273972284499157 -0.06199341906102064 -0.7762277589254903
vn -0.6384288108755989 0.22405092545128974 -0.7363489907974272
vn -0.2998628910982585 0.8883580555457986 -0.347709953393747
vn -0.3605246873229753 0.8228492212258796 -0.43925062203556886
vn -0.6131279429525062 0.23954768326454073 -0.7527888369346478
vn -0.638854583629647 0.21657121872823099 -0.7382152316187733
vn -0.6513177656120068 0.05516022362151411 -0.7567975409105181
vn -0.6243078778697773 0.268517139586629 -0.7335790478046317
vn -0.6374103931088645 8.601052190820635e-9 -0.7705244906924131
vn -0.5412748598032713 -0.5179415481100687 -0.662388163304791
vn -0.6338809810112834 0.16589336310509448 -0.7554298736413952
vn -0.39119735407122436 0.8090257654368492 -0.43868205003965377
vn -0.13918455305173913 0.9804362908336143 -0.13918455305173913
vn 0 -1 0
vn -0.07405499332917195 -0.9950697373669753 -0.06597026405461126
vn -0.7526562052176445 -0.061993392714986134 -0.655488715392615
vn -0.7565953653781968 0.22405090697821792 -0.6143001254846613
vn -0.35568641924184546 0.8883580988644104 -0.29035677940927185
vn -0.43132257803727064 0.8228491610002235 -0.36997309620634655
vn -0.7345335671228886 0.2395477058104569 -0.634883718022971
vn -0.7573387529779215 0.21657119425271393 -0.6160640640857086
vn -0.7728394366263452 0.055160251202216744 -0.6321997721309158
vn -0.7422079436479502 0.268517046897222 -0.6140244000945534
vn -0.7615268220330264 1.0626369992045716e-8 -0.6481333962420694
vn -0.6480742093520788 -0.5179414746444088 -0.5583336350389909
vn -0.7554298488344044 0.16589332785512587 -0.6338810198003885
vn -0.4614304594181608 0.8090257630689095 -0.36408686575035043
vn -0.16123915140659836 0.9804362911308137 -0.11290090826620788
vn 0 -1 0
vn -0.08438555848343496 -0.9950697365498543 -0.05210851103267329
vn -0.8550461685261969 -0.06199332438723092 -0.5148328635781617
vn -0.8517731352285768 0.22405090728533544 -0.4735860186360009
vn -0.40070277126292003 0.8883580493139164 -0.22418132241868263
vn -0.4890149466073919 0.8228492026895977 -0.2894539196964914
vn -0.8336207875589736 0.2395476999462183 -0.4976879363617659
vn -0.8528114414929605 0.21657119329908497 -0.47519423764573293
vn -0.8708785279381296 0.05516021391488973 -0.4883932231073443
vn -0.8375562639932421 0.26851708371782845 -0.4758130729576007
vn -0.8625047116156488 -5.394934442390261e-10 -0.5060490316568211
vn -0.7351821050584635 -0.5179414739025676 -0.4373144200840423
vn -0.8540254268428495 0.16589333181422744 -0.4930719752383656
vn -0.5176432846690718 0.8090257828955931 -0.27842900791258574
vn -0.1783946055379599 0.980436291788085 -0.0831867925802212
vn 0 -1 0
vn -0.09215208849042271 -0.9950697379902351 -0.036663457596063195
vn -0.9314558736216214 -0.06199326146870084 -0.3585342257417766
vn -0.9210700844347742 0.22405086106422456 -0.3184825132023693
vn -0.4335438807609171 0.8883580361494571 -0.15119425605307846
vn -0.5318488452994996 0.8228492101061481 -0.20013990901686018
vn -0.9073788253965651 0.2395476925695738 -0.3453701929908585
vn -0.9223719738446885 0.21657119464006375 -0.3198856975827913
vn -0.9424565417732446 0.05516020198809278 -0.3297469014038636
vn -0.9074560227122732 0.2685170717405443 -0.32314416136935803
vn -0.9372758639877935 7.048353553333028e-8 -0.3485885178630102
vn -0.7999518493776496 -0.5179415332305437 -0.30300760193775966
vn -0.926671963571324 0.1658933726081942 -0.3372809820543482
vn -0.5581278779496589 0.8090257613535046 -0.18431112099326202
vn -0.1901296280096713 0.9804362922453008 -0.050945082208107305
vn 0 -1 0
vn -0.09711863798539153 -0.9950697373822971 -0.020104424930573718
vn -0.9795637581718863 -0.061993266469085255 -0.19134178474306968
vn -0.9623808888459446 0.22405077581475594 -0.15370190187793967
vn -0.4532119362926798 0.8883580622654799 -0.07361313748076166
vn -0.5585227722187835 0.8228492307995439 -0.10474471960745146
vn -0.9535665947988523 0.2395476956668782 -0.1825586228706012
vn -0.9639066114098495 0.21657117278225865 -0.15485790777386385
vn -0.9853984596254842 0.05516020515464788 -0.16108143137872774
vn -0.949783127955241 0.26851710156214 -0.16065670238189708
vn -0.9835682775316058 -2.3272957519609105e-8 -0.18053654320804297
vn -0.8404155288920888 -0.5179415293021333 -0.1594939215807237
vn -0.9711619812027112 0.16589334942737222 -0.17124194253217498
vn -0.5816539471448154 0.8090257568796716 -0.08459320585088777
vn -0.19608766330007 0.980436289942377 -0.017155455853618405
vn 0 -1 0
vn -0.09913428821178387 -0.9950697370188104 -0.002934513598293918
vn -0.9979081350367126 -0.06199328723430934 -0.01833538560910598
vn -0.9744502136373846 0.22405078617170895 0.015748852589786765
vn -0.45910952076494616 0.8883580081889931 0.00620461356300499
vn -0.5682263282910933 0.822849200838791 -0.006167050817484491
vn -0.9707807389274506 0.23954773163403373 -0.014200042128868596
vn -0.9761534919103833 0.21657118178688725 0.014875599167641565
vn -0.9983995390573889 0.055160216068583116 0.01247842030309247
vn -0.9632515465694277 0.26851705147237653 0.006712011634894217
vn -0.9999755071883635 1.4309731244994814e-8 -0.006998930159305947
vn -0.855343560577615 -0.5179415226092928 -0.011134295468302703
vn -0.9861437029993092 0.16589333029031011 -1.0827096495227118e-8
vn -0.587506767478982 0.8090257594960233 0.017695158611326853
vn -0.19608766330007 0.980436289942377 0.017155455853618405
vn 0 -1 0
vn -0.0981377806030053 -0.9950697379342869 0.014324547661488798
vn -0.9859315793599726 -0.06199326019195978 0.1552280790048066
vn -0.9569113533789458 0.22405079660965507 0.18472114744406848
vn -0.45105712586844166 0.8883580364753091 0.08583395734226797
vn -0.5606644671156917 0.8228492621630019 0.09259831030683374
vn -0.9584982182179589 0.23954767946559893 0.15459002210894682
vn -0.9587404595310072 0.2165711641154967 0.1841566239154373
vn -0.9810647847238161 0.055160171624473384 0.18565894441467412
vn -0.9474520365182457 0.2685171146485682 0.17387696120600973
vn -0.9859989861307109 1.8273174935708655e-8 0.1667513098875388
vn -0.8442824547561774 -0.5179414788802619 0.137563661794133
vn -0.9711619761690728 0.1658933336663675 0.1712419863480936
vn -0.5755084549640577 0.8090257954774259 0.11944572205399905
vn -0.1901296280096713 0.9804362922453008 0.050945082208107305
vn 0 -1 0
vn -0.09415941639460186 -0.995069737343841 0.03114838882972181
vn -0.94399799498253 -0.06199328705241369 0.32407501882959155
vn -0.9102972655569659 0.2240508027494681 0.3480806316169141
vn -0.4292996476801759 0.8883580464133103 0.1628551315568647
vn -0.5360673839366037 0.8228491810835206 0.18854968859572716
vn -0.9170922568457099 0.23954768299871101 0.3186827576189081
vn -0.9121965083894066 0.21657117997047173 0.3478425708397015
vn -0.9339208134951306 0.05516019539194427 0.3531986225410794
vn -0.9028646816528814 0.26851710292230907 0.3357587408572578
vn -0.942063412706251 -5.9480631556334773e-8 0.33543483188280826
vn -0.8075682168773594 -0.5179414905607479 0.28208188074605733
vn -0.926671972734269 0.16589331464390594 0.3372809853893872
vn -0.5460236227726699 0.8090257874588083 0.21756718181027315
vn -0.1783946055379599 0.980436291788085 0.0831867925802212
vn 0 -1 0
vn -0.08732007397462964 -0.995069736910397 0.04702577342413913
vn -0.8733815951131495 -0.06199338520721014 0.48307495226741093
vn -0.8360242427164035 0.2240508842911894 0.5008639204802039
vn -0.39449811098982906 0.888358059185178 0.2349280721970031
vn -0.4951819091226424 0.8228491990857315 0.27877243845406496
vn -0.8478207728169865 0.2395477185459268 0.4730928320313561
vn -0.8379359865621507 0.21657119754111978 0.5009592786042799
vn -0.858400170085726 0.05516022097273965 0.5100063705671087
vn -0.830844238113454 0.2685170518899119 0.4874386575129474
vn -0.869503625056534 -5.271500172409347e-9 0.4939265593319984
vn -0.7463163584200383 -0.5179415241590668 0.4180292701551362
vn -0.8540254372813345 0.16589334874305103 0.4930719514627068
vn -0.49994815007919435 0.8090257743690755 0.30907789251078593
vn -0.16123915140659836 0.9804362911308137 0.11290090826620788
vn 0 -1 0
vn -0.07782754260302 -0.9950697368682543 0.06147432294314521
vn -0.7762277589254903 -0.06199341906102064 0.6273972284499157
vn -0.7363489907974272 0.22405092545128974 0.6384288108755989
vn -0.347709953393747 0.8883580555457986 0.2998628910982585
vn -0.43925062203556886 0.8228492212258796 0.3605246873229753
vn -0.7527888369346478 0.23954768326454073 0.6131279429525062
vn -0.7382152316187733 0.21657121872823099 0.638854583629647
vn -0.7567975409105181 0.05516022362151411 0.6513177656120068
vn -0.7335790478046317 0.268517139586629 0.6243078778697773
vn -0.7705244906924131 8.601052190820635e-9 0.6374103931088645
vn -0.662388163304791 -0.5179415481100687 0.5412748598032713
vn -0.7554298736413952 0.16589336310509448 0.6338809810112834
vn -0.43868205003965377 0.8090257654368492 0.39119735407122436
vn -0.13918455305173913 0.9804362908336143 0.13918455305173913
vn 0 -1 0
vn -0.06597026405461126 -0.9950697373669753 0.07405499332917195
vn -0.655488715392615 -0.061993392714986134 0.7526562052176445
vn -0.6143001254846613 0.22405090697821792 0.7565953653781968
vn -0.29035677940927185 0.8883580988644104 0.35568641924184546
vn -0.36997309620634655 0.8228491610002235 0.43132257803727064
vn -0.634883718022971 0.2395477058104569 0.7345335671228886
vn -0.6160640640857086 0.21657119425271393 0.7573387529779215
vn -0.6321997721309158 0.055160251202216744 0.7728394366263452
vn -0.6140244000945534 0.268517046897222 0.7422079436479502
vn -0.6481333962420694 1.0626369992045716e-8 0.7615268220330264
vn -0.5583336350389909 -0.5179414746444088 0.6480742093520788
vn -0.6338810198003885 0.16589332785512587 0.7554298488344044
vn -0.36408686575035043 0.8090257630689095 0.4614304594181608
vn -0.11290090826620788 0.9804362911308137 0.16123915140659836
vn 0 -1 0
vn -0.05210851103267329 -0.9950697365498543 0.08438555848343496
vn -0.5148328635781617 -0.06199332438723092 0.8550461685261969
vn -0.4735860186360009 0.22405090728533544 0.8517731352285768
vn -0.22418132241868263 0.8883580493139164 0.40070277126292003
vn -0.2894539196964914 0.8228492026895977 0.4890149466073919
vn -0.4976879363617659 0.2395476999462183 0.8336207875589736
vn -0.47519423764573293 0.21657119329908497 0.8528114414929605
vn -0.4883932231073443 0.05516021391488973 0.8708785279381296
vn -0.4758130729576007 0.26851708371782845 0.8375562639932421
vn -0.5060490316568211 -5.394934442390261e-10 0.8625047116156488
vn -0.4373144200840423 -0.5179414739025676 0.7351821050584635
vn -0.4930719752383656 0.16589333181422744 0.8540254268428495
vn -0.27842900791258574 0.8090257828955931 0.5176432846690718
vn -0.0831867925802212 0.980436291788085 0.1783946055379599
vn 0 -1 0
vn -0.036663457596063195 -0.9950697379902351 0.09215208849042271
vn -0.3585342257417766 -0.06199326146870084 0.9314558736216214
vn -0.3184825132023693 0.22405086106422456 0.9210700844347742
vn -0.15119425605307846 0.8883580361494571 0.4335438807609171
vn -0.20013990901686018 0.8228492101061481 0.5318488452994996
vn -0.3453701929908585 0.2395476925695738 0.9073788253965651
vn -0.3198856975827913 0.21657119464006375 0.9223719738446885
vn -0.3297469014038636 0.05516020198809278 0.9424565417732446
vn -0.32314416136935803 0.2685170717405443 0.9074560227122732
vn -0.3485885178630102 7.048353553333028e-8 0.9372758639877935
vn -0.30300760193775966 -0.5179415332305437 0.7999518493776496
vn -0.3372809820543482 0.1658933726081942 0.926671963571324
vn -0.18431112099326202 0.8090257613535046 0.5581278779496589
vn -0.050945082208107305 0.9804362922453008 0.1901296280096713
vn 0 -1 0
vn -0.02010442493057371 -0.9950697373822969 0.0971186379853915
vn -0.19134178474306968 -0.061993266469085255 0.9795637581718863
vn -0.15370190187793967 0.22405077581475594 0.9623808888459446
vn -0.07361313748076166 0.8883580622654799 0.4532119362926798
vn -0.10474471960745146 0.8228492307995439 0.5585227722187835
vn -0.1825586228706012 0.2395476956668782 0.9535665947988523
vn -0.15485790777386385 0.21657117278225865 0.9639066114098495
vn -0.16108143137872774 0.05516020515464788 0.9853984596254842
vn -0.16065670238189708 0.26851710156214 0.949783127955241
vn -0.18053654320804297 -2.3272957519609105e-8 0.9835682775316058
vn -0.1594939215807237 -0.5179415293021333 0.8404155288920888
vn -0.17124194253217498 0.16589334942737222 0.9711619812027112
vn -0.08459320585088777 0.8090257568796716 0.5816539471448154
vn -0.017155455853618405 0.980436289942377 0.19608766330007
vn 0 -1 0
vn -0.011435791264127531 -0.9913544358188074 0.13071191705631624
vn -0.08710427032517758 -0.03433126288146571 0.9956074580275511
vn -0.08176966109493476 0.3460856419543423 0.9346327893656794
vn -0.03335723577319796 0.9238595155667908 0.38127534711579
vn -0.06112584198061355 0.7128300782128891 0.6986679547805004
vn -0.08514924900469086 0.2133565794998899 0.9732566852470341
vn -0.08471429207484667 0.2350361159203742 0.9682879287336602
vn -0.08677663862380895 -0.09315835163089918 0.991862559284585
vn -0.07556475773664614 0.49829385177264274 0.8637089814710656
vn -0.0796940193962068 -0.4048467659221659 0.910905022159193
vn -0.0770688495229863 -0.4669835812473992 0.8809010882491615
vn -0.08309217698194399 0.3017887827710164 0.949746924563586
vn -0.04336572396769951 0.8674263274688355 0.49567225098716766
vn 0 0 0
f 1/1/1 16/16/16 2/2/2
f 17/17/17 2/2/2 16/16/16
f 2/2/2 17/17/17 3/3/3
f 18/18/18 3/3/3 17/17/17
f 3/3/3 18/18/18 4/4/4
f 19/19/19 4/4/4 18/18/18
f 4/4/4 19/19/19 5/5/5
f 20/20/20 5/5/5 19/19/19
f 5/5/5 20/20/20 6/6/6
f 21/21/21 6/6/6 20/20/20
f 6/6/6 21/21/21 7/7/7
f 22/22/22 7/7/7 21/21/21
f 7/7/7 22/22/22 8/8/8
f 23/23/23 8/8/8 22/22/22
f 8/8/8 23/23/23 9/9/9
f 24/24/24 9/9/9 23/23/23
f 9/9/9 24/24/24 10/10/10
f 25/25/25 10/10/10 24/24/24
f 10/10/10 25/25/25 11/11/11
f 26/26/26 11/11/11 25/25/25
f 11/11/11 26/26/26 12/12/12
f 27/27/27 12/12/12 26/26/26
f 12/12/12 27/27/27 13/13/13
f 28/28/28 13/13/13 27/27/27
f 13/13/13 28/28/28 14/14/14
f 29/29/29 14/14/14 28/28/28
f 14/14/14 29/29/29 15/15/15
f 30/30/30 15/15/15 29/29/29
f 16/16/16 31/31/31 17/17/17
f 32/32/32 17/17/17 31/31/31
f 17/17/17 32/32/32 18/18/18
f 33/33/33 18/18/18 32/32/32
f 18/18/18 33/33/33 19/19/19
f 34/34/34 19/19/19 33/33/33
f 19/19/19 34/34/34 20/20/20
f 35/35/35 20/20/20 34/34/34
f 20/20/20 35/35/35 21/21/21
f 36/36/36 21/21/21 35/35/35
f 21/21/21 36/36/36 22/22/22
f 37/37/37 22/22/22 36/36/36
f 22/22/22 37/37/37 23/23/23
f 38/38/38 23/23/23 37/37/37
f 23/23/23 38/38/38 24/24/24
f 39/39/39 24/24/24 38/38/38
f 24/24/24 39/39/39 25/25/25
f 40/40/40 25/25/25 39/39/39
f 25/25/25 40/40/40 26/26/26
f 41/41/41 26/26/26 40/40/40
f 26/26/26 41/41/41 27/27/27
f 42/42/42 27/27/27 41/41/41
f 27/27/27 42/42/42 28/28/28
f 43/43/43 28/28/28 42/42/42
f 28/28/28 43/43/43 29/29/29
f 44/44/44 29/29/29 43/43/43
f 29/29/29 44/44/44 30/30/30
f 45/45/45 30/30/30 44/44/44
f 31/31/31 46/46/46 32/32/32
f 47/47/47 32/32/32 46/46/46
f 32/32/32 47/47/47 33/33/33
f 48/48/48 33/33/33 47/47/47
f 33/33/33 48/48/48 34/34/34
f 49/49/49 34/34/34 48/48/48
f 34/34/34 49/49/49 35/35/35
f 50/50/50 35/35/35 49/49/49
f 35/35/35 50/50/50 36/36/36
f 51/51/51 36/36/36 50/50/50
f 36/36/36 51/51/51 37/37/37
f 52/52/52 37/37/37 51/51/51
f 37/37/37 52/52/52 38/38/38
f 53/53/53 38/38/38 52/52/52
f 38/38/38 53/53/53 39/39/39
f 54/54/54 39/39/39 53/53/53
f 39/39/39 54/54/54 40/40/40
f 55/55/55 40/40/40 54/54/54
f 40/40/40 55/55/55 41/41/41
f 56/56/56 41/41/41 55/55/55
f 41/41/41 56/56/56 42/42/42
f 57/57/57 42/42/42 56/56/56
f 42/42/42 57/57/57 43/43/43
f 58/58/58 43/43/43 57/57/57
f 43/43/43 58/58/58 44/44/44
f 59/59/59 44/44/44 58/58/58
f 44/44/44 59/59/59 45/45/45
f 60/60/60 45/45/45 59/59/59
f 46/46/46 61/61/61 47/47/47
f 62/62/62 47/47/47 61/61/61
f 47/47/47 62/62/62 48/48/48
f 63/63/63 48/48/48 62/62/62
f 48/48/48 63/63/63 49/49/49
f 64/64/64 49/49/49 63/63/63
f 49/49/49 64/64/64 50/50/50
f 65/65/65 50/50/50 64/64/64
f 50/50/50 65/65/65 51/51/51
f 66/66/66 51/51/51 65/65/65
f 51/51/51 66/66/66 52/52/52
f 67/67/67 52/52/52 66/66/66
f 52/52/52 67/67/67 53/53/53
f 68/68/68 53/53/53 67/67/67
f 53/53/53 68/68/68 54/54/54
f 69/69/69 54/54/54 68/68/68
f 54/54/54 69/69/69 55/55/55
f 70/70/70 55/55/55 69/69/69
f 55/55/55 70/70/70 56/56/56
f 71/71/71 56/56/56 70/70/70
f 56/56/56 71/71/71 57/57/57
f 72/72/72 57/57/57 71/71/71
f 57/57/57 72/72/72 58/58/58
f 73/73/73 58/58/58 72/72/72
f 58/58/58 73/73/73 59/59/59
f 74/74/74 59/59/59 73/73/73
f 59/59/59 74/74/74 60/60/60
f 75/75/75 60/60/60 74/74/74
f 61/61/61 76/76/76 62/62/62
f 77/77/77 62/62/62 76/76/76
f 62/62/62 77/77/77 63/63/63
f 78/78/78 63/63/63 77/77/77
f 63/63/63 78/78/78 64/64/64
f 79/79/79 64/64/64 78/78/78
f 64/64/64 79/79/79 65/65/65
f 80/80/80 65/65/65 79/79/79
f 65/65/65 80/80/80 66/66/66
f 81/81/81 66/66/66 80/80/80
f 66/66/66 81/81/81 67/67/67
f 82/82/82 67/67/67 81/81/81
f 67/67/67 82/82/82 68/68/68
f 83/83/83 68/68/68 82/82/82
f 68/68/68 83/83/83 69/69/69
f 84/84/84 69/69/69 83/83/83
f 69/69/69 84/84/84 70/70/70
f 85/85/85 70/70/70 84/84/84
f 70/70/70 85/85/85 71/71/71
f 86/86/86 71/71/71 85/85/85
f 71/71/71 86/86/86 72/72/72
f 87/87/87 72/72/72 86/86/86
f 72/72/72 87/87/87 73/73/73
f 88/88/88 73/73/73 87/87/87
f 73/73/73 88/88/88 74/74/74
f 89/89/89 74/74/74 88/88/88
f 74/74/74 89/89/89 75/75/75
f 90/90/90 75/75/75 89/89/89
f 76/76/76 91/91/91 77/77/77
f 92/92/92 77/77/77 91/91/91
f 77/77/77 92/92/92 78/78/78
f 93/93/93 78/78/78 92/92/92
f 78/78/78 93/93/93 79/79/79
f 94/94/94 79/79/79 93/93/93
f 79/79/79 94/94/94 80/80/80
f 95/95/95 80/80/80 94/94/94
f 80/80/80 95/95/95 81/81/81
f 96/96/96 81/81/81 95/95/95
f 81/81/81 96/96/96 82/82/82
f 97/97/97 82/82/82 96/96/96
f 82/82/82 97/97/97 83/83/83
f 98/98/98 83/83/83 97/97/97
f 83/83/83 98/98/98 84/84/84
f 99/99/99 84/84/84 98/98/98
f 84/84/84 99/99/99 85/85/85
f 100/100/100 85/85/85 99/99/99
f 85/85/85 100/100/100 86/86/86
f 101/101/101 86/86/86 100/100/100
f 86/86/86 101/101/101 87/87/87
f 102/102/102 87/87/87 101/101/101
f 87/87/87 102/102/102 88/88/88
f 103/103/103 88/88/88 102/102/102
f 88/88/88 103/103/103 89/89/89
f 104/104/104 89/89/89 103/103/103
f 89/89/89 104/104/104 90/90/90
f 105/105/105 90/90/90 104/104/104
f 91/91/91 106/106/106 92/92/92
f 107/107/107 92/92/92 106/106/106
f 92/92/92 107/107/107 93/93/93
f 108/108/108 93/93/93 107/107/107
f 93/93/93 108/108/108 94/94/94
f 109/109/109 94/94/94 108/108/108
f 94/94/94 109/109/109 95/95/95
f 110/110/110 95/95/95 109/109/109
f 95/95/95 110/110/110 96/96/96
f 111/111/111 96/96/96 110/110/110
f 96/96/96 111/111/111 97/97/97
f 112/112/112 97/97/97 111/111/111
f 97/97/97 112/112/112 98/98/98
f 113/113/113 98/98/98 112/112/112
f 98/98/98 113/113/113 99/99/99
f 114/114/114 99/99/99 113/113/113
f 99/99/99 114/114/114 100/100/100
f 115/115/115 100/100/100 114/114/114
f 100/100/100 115/115/115 101/101/101
f 116/116/116 101/101/101 115/115/115
f 101/101/101 116/116/116 102/102/102
f 117/117/117 102/102/102 116/116/116
f 102/102/102 117/117/117 103/103/103
f 118/118/118 103/103/103 117/117/117
f 103/103/103 118/118/118 104/104/104
f 119/119/119 104/104/104 118/118/118
f 104/104/104 119/119/119 105/105/105
f 120/120/120 105/105/105 119/119/119
f 106/106/106 121/121/121 107/107/107
f 122/122/122 107/107/107 121/121/121
f 107/107/107 122/122/122 108/108/108
f 123/123/123 108/108/108 122/122/122
f 108/108/108 123/123/123 109/109/109
f 124/124/124 109/109/109 123/123/123
f 109/109/109 124/124/124 110/110/110
f 125/125/125 110/110/110 124/124/124
f 110/110/110 125/125/125 111/111/111
f 126/126/126 111/111/111 125/125/125
f 111/111/111 126/126/126 112/112/112
f 127/127/127 112/112/112 126/126/126
f 112/112/112 127/127/127 113/113/113
f 128/128/128 113/113/113 127/127/127
f 113/113/113 128/128/128 114/114/114
f 129/129/129 114/114/114 128/128/128
f 114/114/114 129/129/129 115/115/115
f 130/130/130 115/115/115 129/129/129
f 115/115/115 130/130/130 116/116/116
f 131/131/131 116/116/116 130/130/130
f 116/116/116 131/131/131 117/117/117
f 132/132/132 117/117/117 131/131/131
f 117/117/117 132/132/132 118/118/118
f 133/133/133 118/118/118 132/132/132
f 118/118/118 133/133/133 119/119/119
f 134/134/134 119/119/119 133/133/133
f 119/119/119 134/134/134 120/120/120
f 135/135/135 120/120/120 134/134/134
f 121/121/121 136/136/136 122/122/122
f 137/137/137 122/122/122 136/136/136
f 122/122/122 137/137/137 123/123/123
f 138/138/138 123/123/123 137/137/137
f 123/123/123 138/138/138 124/124/124
f 139/139/139 124/124/124 138/138/138
f 124/124/124 139/139/139 125/125/125
f 140/140/140 125/125/125 139/139/139
f 125/125/125 140/140/140 126/126/126
f 141/141/141 126/126/126 140/140/140
f 126/126/126 141/141/141 127/127/127
f 142/142/142 127/127/127 141/141/141
f 127/127/127 142/142/142 128/128/128
f 143/143/143 128/128/128 142/142/142
f 128/128/128 143/143/143 129/129/129
f 144/144/144 129/129/129 143/143/143
f 129/129/129 144/144/144 130/130/130
f 145/145/145 130/130/130 144/144/144
f 130/130/130 145/145/145 131/131/131
f 146/146/146 131/131/131 145/145/145
f 131/131/131 146/146/146 132/132/132
f 147/147/147 132/132/132 146/146/146
f 132/132/132 147/147/147 133/133/133
f 148/148/148 133/133/133 147/147/147
f 133/133/133 148/148/148 134/134/134
f 149/149/149 134/134/134 148/148/148
f 134/134/134 149/149/149 135/135/135
f 150/150/150 135/135/135 149/149/149
f 136/136/136 151/151/151 137/137/137
f 152/152/152 137/137/137 151/151/151
f 137/137/137 152/152/152 138/138/138
f 153/153/153 138/138/138 152/152/152
f 138/138/138 153/153/153 139/139/139
f 154/154/154 139/139/139 153/153/153
f 139/139/139 154/154/154 140/140/140
f 155/155/155 140/140/140 154/154/154
f 140/140/140 155/155/155 141/141/141
f 156/156/156 141/141/141 155/155/155
f 141/141/141 156/156/156 142/142/142
f 157/157/157 142/142/142 156/156/156
f 142/142/142 157/157/157 143/143/143
f 158/158/158 143/143/143 157/157/157
f 143/143/143 158/158/158 144/144/144
f 159/159/159 144/144/144 158/158/158
f 144/144/144 159/159/159 145/145/145
f 160/160/160 145/145/145 159/159/159
f 145/145/145 160/160/160 146/146/146
f 161/161/161 146/146/146 160/160/160
f 146/146/146 161/161/161 147/147/147
f 162/162/162 147/147/147 161/161/161
f 147/147/147 162/162/162 148/148/148
f 163/163/163 148/148/148 162/162/162
f 148/148/148 163/163/163 149/149/149
f 164/164/164 149/149/149 163/163/163
f 149/149/149 164/164/164 150/150/150
f 165/165/165 150/150/150 164/164/164
f 151/151/151 166/166/166 152/152/152
f 167/167/167 152/152/152 166/166/166
f 152/152/152 167/167/167 153/153/153
f 168/168/168 153/153/153 167/167/167
f 153/153/153 168/168/168 154/154/154
f 169/169/169 154/154/154 168/168/168
f 154/154/154 169/169/169 155/155/155
f 170/170/170 155/155/155 169/169/169
f 155/155/155 170/170/170 156/156/156
f 171/171/171 156/156/156 170/170/170
f 156/156/156 171/171/171 157/157/157
f 172/172/172 157/157/157 171/171/171
f 157/157/157 172/172/172 158/158/158
f 173/173/173 158/158/158 172/172/172
f 158/158/158 173/173/173 159/159/159
f 174/174/174 159/159/159 173/173/173
f 159/159/159 174/174/174 160/160/160
f 175/175/175 160/160/160 174/174/174
f 160/160/160 175/175/175 161/161/161
f 176/176/176 161/161/161 175/175/175
f 161/161/161 176/176/176 162/162/162
f 177/177/177 162/162/162 176/176/176
f 162/162/162 177/177/177 163/163/163
f 178/178/178 163/163/163 177/177/177
f 163/163/163 178/178/178 164/164/164
f 179/179/179 164/164/164 178/178/178
f 164/164/164 179/179/179 165/165/165
f 180/180/180 165/165/165 179/179/179
f 166/166/166 181/181/181 167/167/167
f 182/182/182 167/167/167 181/181/181
f 167/167/167 182/182/182 168/168/168
f 183/183/183 168/168/168 182/182/182
f 168/168/168 183/183/183 169/169/169
f 184/184/184 169/169/169 183/183/183
f 169/169/169 184/184/184 170/170/170
f 185/185/185 170/170/170 184/184/184
f 170/170/170 185/185/185 171/171/171
f 186/186/186 171/171/171 185/185/185
f 171/171/171 186/186/186 172/172/172
f 187/187/187 172/172/172 186/186/186
f 172/172/172 187/187/187 173/173/173
f 188/188/188 173/173/173 187/187/187
f 173/173/173 188/188/188 174/174/174
f 189/189/189 174/174/174 188/188/188
f 174/174/174 189/189/189 175/175/175
f 190/190/190 175/175/175 189/189/189
f 175/175/175 190/190/190 176/176/176
f 191/191/191 176/176/176 190/190/190
f 176/176/176 191/191/191 177/177/177
f 192/192/192 177/177/177 191/191/191
f 177/177/177 192/192/192 178/178/178
f 193/193/193 178/178/178 192/192/192
f 178/178/178 193/193/193 179/179/179
f 194/194/194 179/179/179 193/193/193
f 179/179/179 194/194/194 180/180/180
f 195/195/195 180/180/180 194/194/194
f 181/181/181 196/196/196 182/182/182
f 197/197/197 182/182/182 196/196/196
f 182/182/182 197/197/197 183/183/183
f 198/198/198 183/183/183 197/197/197
f 183/183/183 198/198/198 184/184/184
f 199/199/199 184/184/184 198/198/198
f 184/184/184 199/199/199 185/185/185
f 200/200/200 185/185/185 199/199/199
f 185/185/185 200/200/200 186/186/186
f 201/201/201 186/186/186 200/200/200
f 186/186/186 201/201/201 187/187/187
f 202/202/202 187/187/187 201/201/201
f 187/187/187 202/202/202 188/188/188
f 203/203/203 188/188/188 202/202/202
f 188/188/188 203/203/203 189/189/189
f 204/204/204 189/189/189 203/203/203
f 189/189/189 204/204/204 190/190/190
f 205/205/205 190/190/190 204/204/204
f 190/190/190 205/205/205 191/191/191
f 206/206/206 191/191/191 205/205/205
f 191/191/191 206/206/206 192/192/192
f 207/207/207 192/192/192 206/206/206
f 192/192/192 207/207/207 193/193/193
f 208/208/208 193/193/193 207/207/207
f 193/193/193 208/208/208 194/194/194
f 209/209/209 194/194/194 208/208/208
f 194/194/194 209/209/209 195/195/195
f 210/210/210 195/195/195 209/209/209
f 196/196/196 211/211/211 197/197/197
f 212/212/212 197/197/197 211/211/211
f 197/197/197 212/212/212 198/198/198
f 213/213/213 198/198/198 212/212/212
f 198/198/198 213/213/213 199/199/199
f 214/214/214 199/199/199 213/213/213
f 199/199/199 214/214/214 200/200/200
f 215/215/215 200/200/200 214/214/214
f 200/200/200 215/215/215 201/201/201
f 216/216/216 201/201/201 215/215/215
f 201/201/201 216/216/216 202/202/202
f 217/217/217 202/202/202 216/216/216
f 202/202/202 217/217/217 203/203/203
f 218/218/218 203/203/203 217/217/217
f 203/203/203 218/218/218 204/204/204
f 219/219/219 204/204/204 218/218/218
f 204/204/204 219/219/219 205/205/205
f 220/220/220 205/205/205 219/219/219
f 205/205/205 220/220/220 206/206/206
f 221/221/221 206/206/206 220/220/220
f 206/206/206 221/221/221 207/207/207
f 222/222/222 207/207/207 221/221/221
f 207/207/207 222/222/222 208/208/208
f 223/223/223 208/208/208 222/222/222
f 208/208/208 223/223/223 209/209/209
f 224/224/224 209/209/209 223/223/223
f 209/209/209 224/224/224 210/210/210
f 225/225/225 210/210/210 224/224/224
f 211/211/211 226/226/226 212/212/212
f 227/227/227 212/212/212 226/226/226
f 212/212/212 227/227/227 213/213/213
f 228/228/228 213/213/213 227/227/227
f 213/213/213 228/228/228 214/214/214
f 229/229/229 214/214/214 228/228/228
f 214/214/214 229/229/229 215/215/215
f 230/230/230 215/215/215 229/229/229
f 215/215/215 230/230/230 216/216/216
f 231/231/231 216/216/216 230/230/230
f 216/216/216 231/231/231 217/217/217
f 232/232/232 217/217/217 231/231/231
f 217/217/217 232/232/232 218/218/218
f 233/233/233 218/218/218 232/232/232
f 218/218/218 233/233/233 219/219/219
f 234/234/234 219/219/219 233/233/233
f 219/219/219 234/234/234 220/220/220
f 235/235/235 220/220/220 234/234/234
f 220/220/220 235/235/235 221/221/221
f 236/236/236 221/221/221 235/235/235
f 221/221/221 236/236/236 222/222/222
f 237/237/237 222/222/222 236/236/236
f 222/222/222 237/237/237 223/223/223
f 238/238/238 223/223/223 237/237/237
f 223/223/223 238/238/238 224/224/224
f 239/239/239 224/224/224 238/238/238
f 224/224/224 239/239/239 225/225/225
f 240/240/240 225/225/225 239/239/239
f 226/226/226 241/241/241 227/227/227
f 242/242/242 227/227/227 241/241/241
f 227/227/227 242/242/242 228/228/228
f 243/243/243 228/228/228 242/242/242
f 228/228/228 243/243/243 229/229/229
f 244/244/244 229/229/229 243/243/243
f 229/229/229 244/244/244 230/230/230
f 245/245/245 230/230/230 244/244/244
f 230/230/230 245/245/245 231/231/231
f 246/246/246 231/231/231 245/245/245
f 231/231/231 246/246/246 232/232/232
f 247/247/247 232/232/232 246/246/246
f 232/232/232 247/247/247 233/233/233
f 248/248/248 233/233/233 247/247/247
f 233/233/233 248/248/248 234/234/234
f 249/249/249 234/234/234 248/248/248
f 234/234/234 249/249/249 235/235/235
f 250/250/250 235/235/235 249/249/249
f 235/235/235 250/250/250 236/236/236
f 251/251/251 236/236/236 250/250/250
f 236/236/236 251/251/251 237/237/237
f 252/252/252 237/237/237 251/251/251
f 237/237/237 252/252/252 238/238/238
f 253/253/253 238/238/238 252/252/252
f 238/238/238 253/253/253 239/239/239
f 254/254/254 239/239/239 253/253/253
f 239/239/239 254/254/254 240/240/240
f 255/255/255 240/240/240 254/254/254
f 241/241/241 256/256/256 242/242/242
f 257/257/257 242/242/242 256/256/256
f 242/242/242 257/257/257 243/243/243
f 258/258/258 243/243/243 257/257/257
f 243/243/243 258/258/258 244/244/244
f 259/259/259 244/244/244 258/258/258
f 244/244/244 259/259/259 245/245/245
f 260/260/260 245/245/245 259/259/259
f 245/245/245 260/260/260 246/246/246
f 261/261/261 246/246/246 260/260/260
f 246/246/246 261/261/261 247/247/247
f 262/262/262 247/247/247 261/261/261
f 247/247/247 262/262/262 248/248/248
f 263/263/263 248/248/248 262/262/262
f 248/248/248 263/263/263 249/249/249
f 264/264/264 249/249/249 263/263/263
f 249/249/249 264/264/264 250/250/250
f 265/265/265 250/250/250 264/264/264
f 250/250/250 265/265/265 251/251/251
f 266/266/266 251/251/251 265/265/265
f 251/251/251 266/266/266 252/252/252
f 267/267/267 252/252/252 266/266/266
f 252/252/252 267/267/267 253/253/253
f 268/268/268 253/253/253 267/267/267
f 253/253/253 268/268/268 254/254/254
f 269/269/269 254/254/254 268/268/268
f 254/254/254 269/269/269 255/255/255
f 270/270/270 255/255/255 269/269/269
f 256/256/256 271/271/271 257/257/257
f 272/272/272 257/257/257 271/271/271
f 257/257/257 272/272/272 258/258/258
f 273/273/273 258/258/258 272/272/272
f 258/258/258 273/273/273 259/259/259
f 274/274/274 259/259/259 273/273/273
f 259/259/259 274/274/274 260/260/260
f 275/275/275 260/260/260 274/274/274
f 260/260/260 275/275/275 261/261/261
f 276/276/276 261/261/261 275/275/275
f 261/261/261 276/276/276 262/262/262
f 277/277/277 262/262/262 276/276/276
f 262/262/262 277/277/277 263/263/263
f 278/278/278 263/263/263 277/277/277
f 263/263/263 278/278/278 264/264/264
f 279/279/279 264/264/264 278/278/278
f 264/264/264 279/279/279 265/265/265
f 280/280/280 265/265/265 279/279/279
f 265/265/265 280/280/280 266/266/266
f 281/281/281 266/266/266 280/280/280
f 266/266/266 281/281/281 267/267/267
f 282/282/282 267/267/267 281/281/281
f 267/267/267 282/282/282 268/268/268
f 283/283/283 268/268/268 282/282/282
f 268/268/268 283/283/283 269/269/269
f 284/284/284 269/269/269 283/283/283
f 269/269/269 284/284/284 270/270/270
f 285/285/285 270/270/270 284/284/284
f 271/271/271 286/286/286 272/272/272
f 287/287/287 272/272/272 286/286/286
f 272/272/272 287/287/287 273/273/273
f 288/288/288 273/273/273 287/287/287
f 273/273/273 288/288/288 274/274/274
f 289/289/289 274/274/274 288/288/288
f 274/274/274 289/289/289 275/275/275
f 290/290/290 275/275/275 289/289/289
f 275/275/275 290/290/290 276/276/276
f 291/291/291 276/276/276 290/290/290
f 276/276/276 291/291/291 277/277/277
f 292/292/292 277/277/277 291/291/291
f 277/277/277 292/292/292 278/278/278
f 293/293/293 278/278/278 292/292/292
f 278/278/278 293/293/293 279/279/279
f 294/294/294 279/279/279 293/293/293
f 279/279/279 294/294/294 280/280/280
f 295/295/295 280/280/280 294/294/294
f 280/280/280 295/295/295 281/281/281
f 296/296/296 281/281/281 295/295/295
f 281/281/281 296/296/296 282/282/282
f 297/297/297 282/282/282 296/296/296
f 282/282/282 297/297/297 283/283/283
f 298/298/298 283/283/283 297/297/297
f 283/283/283 298/298/298 284/284/284
f 299/299/299 284/284/284 298/298/298
f 284/284/284 299/299/299 285/285/285
f 300/300/300 285/285/285 299/299/299
f 286/286/286 301/301/301 287/287/287
f 302/302/302 287/287/287 301/301/301
f 287/287/287 302/302/302 288/288/288
f 303/303/303 288/288/288 302/302/302
f 288/288/288 303/303/303 289/289/289
f 304/304/304 289/289/289 303/303/303
f 289/289/289 304/304/304 290/290/290
f 305/305/305 290/290/290 304/304/304
f 290/290/290 305/305/305 291/291/291
f 306/306/306 291/291/291 305/305/305
f 291/291/291 306/306/306 292/292/292
f 307/307/307 292/292/292 306/306/306
f 292/292/292 307/307/307 293/293/293
f 308/308/308 293/293/293 307/307/307
f 293/293/293 308/308/308 294/294/294
f 309/309/309 294/294/294 308/308/308
f 294/294/294 309/309/309 295/295/295
f 310/310/310 295/295/295 309/309/309
f 295/295/295 310/310/310 296/296/296
f 311/311/311 296/296/296 310/310/310
f 296/296/296 311/311/311 297/297/297
f 312/312/312 297/297/297 311/311/311
f 297/297/297 312/312/312 298/298/298
f 313/313/313 298/298/298 312/312/312
f 298/298/298 313/313/313 299/299/299
f 314/314/314 299/299/299 313/313/313
f 299/299/299 314/314/314 300/300/300
f 315/315/315 300/300/300 314/314/314
f 301/301/301 316/316/316 302/302/302
f 317/317/317 302/302/302 316/316/316
f 302/302/302 317/317/317 303/303/303
f 318/318/318 303/303/303 317/317/317
f 303/303/303 318/318/318 304/304/304
f 319/319/319 304/304/304 318/318/318
f 304/304/304 319/319/319 305/305/305
f 320/320/320 305/305/305 319/319/319
f 305/305/305 320/320/320 306/306/306
f 321/321/321 306/306/306 320/320/320
f 306/306/306 321/321/321 307/307/307
f 322/322/322 307/307/307 321/321/321
f 307/307/307 322/322/322 308/308/308
f 323/323/323 308/308/308 322/322/322
f 308/308/308 323/323/323 309/309/309
f 324/324/324 309/309/309 323/323/323
f 309/309/309 324/324/324 310/310/310
f 325/325/325 310/310/310 324/324/324
f 310/310/310 325/325/325 311/311/311
f 326/326/326 311/311/311 325/325/325
f 311/311/311 326/326/326 312/312/312
f 327/327/327 312/312/312 326/326/326
f 312/312/312 327/327/327 313/313/313
f 328/328/328 313/313/313 327/327/327
f 313/313/313 328/328/328 314/314/314
f 329/329/329 314/314/314 328/328/328
f 314/314/314 329/329/329 315/315/315
f 330/330/330 315/315/315 329/329/329
f 316/316/316 331/331/331 317/317/317
f 332/332/332 317/317/317 331/331/331
f 317/317/317 332/332/332 318/318/318
f 333/333/333 318/318/318 332/332/332
f 318/318/318 333/333/333 319/319/319
f 334/334/334 319/319/319 333/333/333
f 319/319/319 334/334/334 320/320/320
f 335/335/335 320/320/320 334/334/334
f 320/320/320 335/335/335 321/321/321
f 336/336/336 321/321/321 335/335/335
f 321/321/321 336/336/336 322/322/322
f 337/337/337 322/322/322 336/336/336
f 322/322/322 337/337/337 323/323/323
f 338/338/338 323/323/323 337/337/337
f 323/323/323 338/338/338 324/324/324
f 339/339/339 324/324/324 338/338/338
f 324/324/324 339/339/339 325/325/325
f 340/340/340 325/325/325 339/339/339
f 325/325/325 340/340/340 326/326/326
f 341/341/341 326/326/326 340/340/340
f 326/326/326 341/341/341 327/327/327
f 342/342/342 327/327/327 341/341/341
f 327/327/327 342/342/342 328/328/328
f 343/343/343 328/328/328 342/342/342
f 328/328/328 343/343/343 329/329/329
f 344/344/344 329/329/329 343/343/343
f 329/329/329 344/344/344 330/330/330
f 345/345/345 330/330/330 344/344/344
f 331/331/331 346/346/346 332/332/332
f 347/347/347 332/332/332 346/346/346
f 332/332/332 347/347/347 333/333/333
f 348/348/348 333/333/333 347/347/347
f 333/333/333 348/348/348 334/334/334
f 349/349/349 334/334/334 348/348/348
f 334/334/334 349/349/349 335/335/335
f 350/350/350 335/335/335 349/349/349
f 335/335/335 350/350/350 336/336/336
f 351/351/351 336/336/336 350/350/350
f 336/336/336 351/351/351 337/337/337
f 352/352/352 337/337/337 351/351/351
f 337/337/337 352/352/352 338/338/338
f 353/353/353 338/338/338 352/352/352
f 338/338/338 353/353/353 339/339/339
f 354/354/354 339/339/339 353/353/353
f 339/339/339 354/354/354 340/340/340
f 355/355/355 340/340/340 354/354/354
f 340/340/340 355/355/355 341/341/341
f 356/356/356 341/341/341 355/355/355
f 341/341/341 356/356/356 342/342/342
f 357/357/357 342/342/342 356/356/356
f 342/342/342 357/357/357 343/343/343
f 358/358/358 343/343/343 357/357/357
f 343/343/343 358/358/358 344/344/344
f 359/359/359 344/344/344 358/358/358
f 344/344/344 359/359/359 345/345/345
f 360/360/360 345/345/345 359/359/359
f 346/346/346 361/361/361 347/347/347
f 362/362/362 347/347/347 361/361/361
f 347/347/347 362/362/362 348/348/348
f 363/363/363 348/348/348 362/362/362
f 348/348/348 363/363/363 349/349/349
f 364/364/364 349/349/349 363/363/363
f 349/349/349 364/364/364 350/350/350
f 365/365/365 350/350/350 364/364/364
f 350/350/350 365/365/365 351/351/351
f 366/366/366 351/351/351 365/365/365
f 351/351/351 366/366/366 352/352/352
f 367/367/367 352/352/352 366/366/366
f 352/352/352 367/367/367 353/353/353
f 368/368/368 353/353/353 367/367/367
f 353/353/353 368/368/368 354/354/354
f 369/369/369 354/354/354 368/368/368
f 354/354/354 369/369/369 355/355/355
f 370/370/370 355/355/355 369/369/369
f 355/355/355 370/370/370 356/356/356
f 371/371/371 356/356/356 370/370/370
f 356/356/356 371/371/371 357/357/357
f 372/372/372 357/357/357 371/371/371
f 357/357/357 372/372/372 358/358/358
f 373/373/373 358/358/358 372/372/372
f 358/358/358 373/373/373 359/359/359
f 374/374/374 359/359/359 373/373/373
f 359/359/359 374/374/374 360/360/360
f 375/375/375 360/360/360 374/374/374
f 361/361/361 376/376/376 362/362/362
f 377/377/377 362/362/362 376/376/376
f 362/362/362 377/377/377 363/363/363
f 378/378/378 363/363/363 377/377/377
f 363/363/363 378/378/378 364/364/364
f 379/379/379 364/364/364 378/378/378
f 364/364/364 379/379/379 365/365/365
f 380/380/380 365/365/365 379/379/379
f 365/365/365 380/380/380 366/366/366
f 381/381/381 366/366/366 380/380/380
f 366/366/366 381/381/381 367/367/367
f 382/382/382 367/367/367 381/381/381
f 367/367/367 382/382/382 368/368/368
f 383/383/383 368/368/368 382/382/382
f 368/368/368 383/383/383 369/369/369
f 384/384/384 369/369/369 383/383/383
f 369/369/369 384/384/384 370/370/370
f 385/385/385 370/370/370 384/384/384
f 370/370/370 385/385/385 371/371/371
f 386/386/386 371/371/371 385/385/385
f 371/371/371 386/386/386 372/372/372
f 387/387/387 372/372/372 386/386/386
f 372/372/372 387/387/387 373/373/373
f 388/388/388 373/373/373 387/387/387
f 373/373/373 388/388/388 374/374/374
f 389/389/389 374/374/374 388/388/388
f 374/374/374 389/389/389 375/375/375
f 390/390/390 375/375/375 389/389/389
f 376/376/376 391/391/391 377/377/377
f 392/392/392 377/377/377 391/391/391
f 377/377/377 392/392/392 378/378/378
f 393/393/393 378/378/378 392/392/392
f 378/378/378 393/393/393 379/379/379
f 394/394/394 379/379/379 393/393/393
f 379/379/379 394/394/394 380/380/380
f 395/395/395 380/380/380 394/394/394
f 380/380/380 395/395/395 381/381/381
f 396/396/396 381/381/381 395/395/395
f 381/381/381 396/396/396 382/382/382
f 397/397/397 382/382/382 396/396/396
f 382/382/382 397/397/397 383/383/383
f 398/398/398 383/383/383 397/397/397
f 383/383/383 398/398/398 384/384/384
f 399/399/399 384/384/384 398/398/398
f 384/384/384 399/399/399 385/385/385
f 400/400/400 385/385/385 399/399/399
f 385/385/385 400/400/400 386/386/386
f 401/401/401 386/386/386 400/400/400
f 386/386/386 401/401/401 387/387/387
f 402/402/402 387/387/387 401/401/401
f 387/387/387 402/402/402 388/388/388
f 403/403/403 388/388/388 402/402/402
f 388/388/388 403/403/403 389/389/389
f 404/404/404 389/389/389 403/403/403
f 389/389/389 404/404/404 390/390/390
f 405/405/405 390/390/390 404/404/404
f 391/391/391 406/406/406 392/392/392
f 407/407/407 392/392/392 406/406/406
f 392/392/392 407/407/407 393/393/393
f 408/408/408 393/393/393 407/407/407
f 393/393/393 408/408/408 394/394/394
f 409/409/409 394/394/394 408/408/408
f 394/394/394 409/409/409 395/395/395
f 410/410/410 395/395/395 409/409/409
f 395/395/395 410/410/410 396/396/396
f 411/411/411 396/396/396 410/410/410
f 396/396/396 411/411/411 397/397/397
f 412/412/412 397/397/397 411/411/411
f 397/397/397 412/412/412 398/398/398
f 413/413/413 398/398/398 412/412/412
f 398/398/398 413/413/413 399/399/399
f 414/414/414 399/399/399 413/413/413
f 399/399/399 414/414/414 400/400/400
f 415/415/415 400/400/400 414/414/414
f 400/400/400 415/415/415 401/401/401
f 416/416/416 401/401/401 415/415/415
f 401/401/401 416/416/416 402/402/402
f 417/417/417 402/402/402 416/416/416
f 402/402/402 417/417/417 403/403/403
f 418/418/418 403/403/403 417/417/417
f 403/403/403 418/418/418 404/404/404
f 419/419/419 404/404/404 418/418/418
f 404/404/404 419/419/419 405/405/405
f 420/420/420 405/405/405 419/419/419
f 406/406/406 421/421/421 407/407/407
f 422/422/422 407/407/407 421/421/421
f 407/407/407 422/422/422 408/408/408
f 423/423/423 408/408/408 422/422/422
f 408/408/408 423/423/423 409/409/409
f 424/424/424 409/409/409 423/423/423
f 409/409/409 424/424/424 410/410/410
f 425/425/425 410/410/410 424/424/424
f 410/410/410 425/425/425 411/411/411
f 426/426/426 411/411/411 425/425/425
f 411/411/411 426/426/426 412/412/412
f 427/427/427 412/412/412 426/426/426
f 412/412/412 427/427/427 413/413/413
f 428/428/428 413/413/413 427/427/427
f 413/413/413 428/428/428 414/414/414
f 429/429/429 414/414/414 428/428/428
f 414/414/414 429/429/429 415/415/415
f 430/430/430 415/415/415 429/429/429
f 415/415/415 430/430/430 416/416/416
f 431/431/431 416/416/416 430/430/430
f 416/416/416 431/431/431 417/417/417
f 432/432/432 417/417/417 431/431/431
f 417/417/417 432/432/432 418/418/418
f 433/433/433 418/418/418 432/432/432
f 418/418/418 433/433/433 419/419/419
f 434/434/434 419/419/419 433/433/433
f 419/419/419 434/434/434 420/420/420
f 435/435/435 420/420/420 434/434/434
f 421/421/421 436/436/436 422/422/422
f 437/437/437 422/422/422 436/436/436
f 422/422/422 437/437/437 423/423/423
f 438/438/438 423/423/423 437/437/437
f 423/423/423 438/438/438 424/424/424
f 439/439/439 424/424/424 438/438/438
f 424/424/424 439/439/439 425/425/425
f 440/440/440 425/425/425 439/439/439
f 425/425/425 440/440/440 426/426/426
f 441/441/441 426/426/426 440/440/440
f 426/426/426 441/441/441 427/427/427
f 442/442/442 427/427/427 441/441/441
f 427/427/427 442/442/442 428/428/428
f 443/443/443 428/428/428 442/442/442
f 428/428/428 443/443/443 429/429/429
f 444/444/444 429/429/429 443/443/443
f 429/429/429 444/444/444 430/430/430
f 445/445/445 430/430/430 444/444/444
f 430/430/430 445/445/445 431/431/431
f 446/446/446 431/431/431 445/445/445
f 431/431/431 446/446/446 432/432/432
f 447/447/447 432/432/432 446/446/446
f 432/432/432 447/447/447 433/433/433
f 448/448/448 433/433/433 447/447/447
f 433/433/433 448/448/448 434/434/434
f 449/449/449 434/434/434 448/448/448
f 434/434/434 449/449/449 435/435/435
f 450/450/450 435/435/435 449/449/449
f 436/436/436 451/451/451 437/437/437
f 452/452/452 437/437/437 451/451/451
f 437/437/437 452/452/452 438/438/438
f 453/453/453 438/438/438 452/452/452
f 438/438/438 453/453/453 439/439/439
f 454/454/454 439/439/439 453/453/453
f 439/439/439 454/454/454 440/440/440
f 455/455/455 440/440/440 454/454/454
f 440/440/440 455/455/455 441/441/441
f 456/456/456 441/441/441 455/455/455
f 441/441/441 456/456/456 442/442/442
f 457/457/457 442/442/442 456/456/456
f 442/442/442 457/457/457 443/443/443
f 458/458/458 443/443/443 457/457/457
f 443/443/443 458/458/458 444/444/444
f 459/459/459 444/444/444 458/458/458
f 444/444/444 459/459/459 445/445/445
f 460/460/460 445/445/445 459/459/459
f 445/445/445 460/460/460 446/446/446
f 461/461/461 446/446/446 460/460/460
f 446/446/446 461/461/461 447/447/447
f 462/462/462 447/447/447 461/461/461
f 447/447/447 462/462/462 448/448/448
f 463/463/463 448/448/448 462/462/462
f 448/448/448 463/463/463 449/449/449
f 464/464/464 449/449/449 463/463/463
f 449/449/449 464/464/464 450/450/450
f 465/465/465 450/450/450 464/464/464
f 451/451/451 466/466/466 452/452/452
f 467/467/467 452/452/452 466/466/466
f 452/452/452 467/467/467 453/453/453
f 468/468/468 453/453/453 467/467/467
f 453/453/453 468/468/468 454/454/454
f 469/469/469 454/454/454 468/468/468
f 454/454/454 469/469/469 455/455/455
f 470/470/470 455/455/455 469/469/469
f 455/455/455 470/470/470 456/456/456
f 471/471/471 456/456/456 470/470/470
f 456/456/456 471/471/471 457/457/457
f 472/472/472 457/457/457 471/471/471
f 457/457/457 472/472/472 458/458/458
f 473/473/473 458/458/458 472/472/472
f 458/458/458 473/473/473 459/459/459
f 474/474/474 459/459/459 473/473/473
f 459/459/459 474/474/474 460/460/460
f 475/475/475 460/460/460 474/474/474
f 460/460/460 475/475/475 461/461/461
f 476/476/476 461/461/461 475/475/475
f 461/461/461 476/476/476 462/462/462
f 477/477/477 462/462/462 476/476/476
f 462/462/462 477/477/477 463/463/463
f 478/478/478 463/463/463 477/477/477
f 463/463/463 478/478/478 464/464/464
f 479/479/479 464/464/464 478/478/478
f 464/464/464 479/479/479 465/465/465
f 480/480/480 465/465/465 479/479/479
f 466/466/466 481/481/481 467/467/467
f 482/482/482 467/467/467 481/481/481
f 467/467/467 482/482/482 468/468/468
f 483/483/483 468/468/468 482/482/482
f 468/468/468 483/483/483 469/469/469
f 484/484/484 469/469/469 483/483/483
f 469/469/469 484/484/484 470/470/470
f 485/485/485 470/470/470 484/484/484
f 470/470/470 485/485/485 471/471/471
f 486/486/486 471/471/471 485/485/485
f 471/471/471 486/486/486 472/472/472
f 487/487/487 472/472/472 486/486/486
f 472/472/472 487/487/487 473/473/473
f 488/488/488 473/473/473 487/487/487
f 473/473/473 488/488/488 474/474/474
f 489/489/489 474/474/474 488/488/488
f 474/474/474 489/489/489 475/475/475
f 490/490/490 475/475/475 489/489/489
f 475/475/475 490/490/490 476/476/476
f 491/491/491 476/476/476 490/490/490
f 476/476/476 491/491/491 477/477/477
f 492/492/492 477/477/477 491/491/491
f 477/477/477 492/492/492 478/478/478
f 493/493/493 478/478/478 492/492/492
f 478/478/478 493/493/493 479/479/479
f 494/494/494 479/479/479 493/493/493
f 479/479/479 494/494/494 480/480/480
f 495/495/495 480/480/480 494/494/494
f 481/481/481 496/496/496 482/482/482
f 497/497/497 482/482/482 496/496/496
f 482/482/482 497/497/497 483/483/483
f 498/498/498 483/483/483 497/497/497
f 483/483/483 498/498/498 484/484/484
f 499/499/499 484/484/484 498/498/498
f 484/484/484 499/499/499 485/485/485
f 500/500/500 485/485/485 499/499/499
f 485/485/485 500/500/500 486/486/486
f 501/501/501 486/486/486 500/500/500
f 486/486/486 501/501/501 487/487/487
f 502/502/502 487/487/487 501/501/501
f 487/487/487 502/502/502 488/488/488
f 503/503/503 488/488/488 502/502/502
f 488/488/488 503/503/503 489/489/489
f 504/504/504 489/489/489 503/503/503
f 489/489/489 504/504/504 490/490/490
f 505/505/505 490/490/490 504/504/504
f 490/490/490 505/505/505 491/491/491
f 506/506/506 491/491/491 505/505/505
f 491/491/491 506/506/506 492/492/492
f 507/507/507 492/492/492 506/506/506
f 492/492/492 507/507/507 493/493/493
f 508/508/508 493/493/493 507/507/507
f 493/493/493 508/508/508 494/494/494
f 509/509/509 494/494/494 508/508/508
f 494/494/494 509/509/509 495/495/495
f 510/510/510 495/495/495 509/509/509
f 496/496/496 511/511/511 497/497/497
f 512/512/512 497/497/497 511/511/511
f 497/497/497 512/512/512 498/498/498
f 513/513/513 498/498/498 512/512/512
f 498/498/498 513/513/513 499/499/499
f 514/514/514 499/499/499 513/513/513
f 499/499/499 514/514/514 500/500/500
f 515/515/515 500/500/500 514/514/514
f 500/500/500 515/515/515 501/501/501
f 516/516/516 501/501/501 515/515/515
f 501/501/501 516/516/516 502/502/502
f 517/517/517 502/502/502 516/516/516
f 502/502/502 517/517/517 503/503/503
f 518/518/518 503/503/503 517/517/517
f 503/503/503 518/518/518 504/504/504
f 519/519/519 504/504/504 518/518/518
f 504/504/504 519/519/519 505/505/505
f 520/520/520 505/505/505 519/519/519
f 505/505/505 520/520/520 506/506/506
f 521/521/521 506/506/506 520/520/520
f 506/506/506 521/521/521 507/507/507
f 522/522/522 507/507/507 521/521/521
f 507/507/507 522/522/522 508/508/508
f 523/523/523 508/508/508 522/522/522
f 508/508/508 523/523/523 509/509/509
f 524/524/524 509/509/509 523/523/523
f 509/509/509 524/524/524 510/510/510
f 525/525/525 510/510/510 524/524/524
f 511/511/511 526/526/526 512/512/512
f 527/527/527 512/512/512 526/526/526
f 512/512/512 527/527/527 513/513/513
f 528/528/528 513/513/513 527/527/527
f 513/513/513 528/528/528 514/514/514
f 529/529/529 514/514/514 528/528/528
f 514/514/514 529/529/529 515/515/515
f 530/530/530 515/515/515 529/529/529
f 515/515/515 530/530/530 516/516/516
f 531/531/531 516/516/516 530/530/530
f 516/516/516 531/531/531 517/517/517
f 532/532/532 517/517/517 531/531/531
f 517/517/517 532/532/532 518/518/518
f 533/533/533 518/518/518 532/532/532
f 518/518/518 533/533/533 519/519/519
f 534/534/534 519/519/519 533/533/533
f 519/519/519 534/534/534 520/520/520
f 535/535/535 520/520/520 534/534/534
f 520/520/520 535/535/535 521/521/521
f 536/536/536 521/521/521 535/535/535
f 521/521/521 536/536/536 522/522/522
f 537/537/537 522/522/522 536/536/536
f 522/522/522 537/537/537 523/523/523
f 538/538/538 523/523/523 537/537/537
f 523/523/523 538/538/538 524/524/524
f 539/539/539 524/524/524 538/538/538
f 524/524/524 539/539/539 525/525/525
f 540/540/540 525/525/525 539/539/539
f 526/526/526 541/541/541 527/527/527
f 542/542/542 527/527/527 541/541/541
f 527/527/527 542/542/542 528/528/528
f 543/543/543 528/528/528 542/542/542
f 528/528/528 543/543/543 529/529/529
f 544/544/544 529/529/529 543/543/543
f 529/529/529 544/544/544 530/530/530
f 545/545/545 530/530/530 544/544/544
f 530/530/530 545/545/545 531/531/531
f 546/546/546 531/531/531 545/545/545
f 531/531/531 546/546/546 532/532/532
f 547/547/547 532/532/532 546/546/546
f 532/532/532 547/547/547 533/533/533
f 548/548/548 533/533/533 547/547/547
f 533/533/533 548/548/548 534/534/534
f 549/549/549 534/534/534 548/548/548
f 534/534/534 549/549/549 535/535/535
f 550/550/550 535/535/535 549/549/549
f 535/535/535 550/550/550 536/536/536
f 551/551/551 536/536/536 550/550/550
f 536/536/536 551/551/551 537/537/537
f 552/552/552 537/537/537 551/551/551
f 537/537/537 552/552/552 538/538/538
f 553/553/553 538/538/538 552/552/552
f 538/538/538 553/553/553 539/539/539
f 554/554/554 539/539/539 553/553/553
f 539/539/539 554/554/554 540/540/540
f 555/555/555 540/540/540 554/554/554
